
2025-12-21 12:22:13 : info: [Deepgram] Client initialized
2025-12-21 12:22:13 : info: [Frontend Service] Socket.IO server initialized
2025-12-21 12:22:13 : info: Server started
2025-12-21 12:22:13 : info: Socket.IO server ready for frontend connections
2025-12-21 12:26:06 : info: [Deepgram] Client initialized
2025-12-21 12:26:06 : info: [Frontend Service] Socket.IO server initialized
2025-12-21 12:26:06 : info: Server started
2025-12-21 12:26:06 : info: Socket.IO server ready for frontend connections
2025-12-21 12:50:08 : info: [Deepgram] Client initialized
2025-12-21 12:50:08 : info: [Frontend Service] Socket.IO server initialized
2025-12-21 12:50:08 : info: Server started
2025-12-21 12:50:08 : info: Socket.IO server ready for frontend connections
2025-12-21 12:56:53 : info: [Deepgram] Client initialized
2025-12-21 12:56:53 : info: [Frontend Service] Socket.IO server initialized
2025-12-21 12:56:53 : info: Server started
2025-12-21 12:56:53 : info: Socket.IO server ready for frontend connections
2025-12-21 12:58:15 : info: [SERVICE] Processing recording for session: session_1766302068209_ocvsaelke
2025-12-21 12:58:15 : info: [SERVICE] Active sessions: 
2025-12-21 12:58:15 : info: [SERVICE] Session exists in activeStreams: false
2025-12-21 12:58:15 : info: [SERVICE] finalAudioPath: null
2025-12-21 12:58:15 : info: [SERVICE] finalVideoPath: null
2025-12-21 12:58:15 : info: [SERVICE] Recording saved: recording_session_1766302068209_ocvsaelke_1766302095708.json
2025-12-21 12:58:15 : warn: [Recording Controller] No audio file found at null, skipping transcription
2025-12-21 12:58:15 : info: [Frontend Service] Stored 5 DOM events for session: session_1766302068209_ocvsaelke
2025-12-21 12:58:15 : info: [Recording Controller] Stored 5 DOM events for potential fallback
2025-12-21 12:58:15 : warn: [Recording Controller] No transcription available, triggering DOM events fallback
2025-12-21 12:58:15 : info: [Frontend Service] Using DOM events as fallback for session: session_1766302068209_ocvsaelke (5 events)
2025-12-21 12:58:15 : warn: [Frontend Service] No client connected for session: session_1766302068209_ocvsaelke. Buffering instructions.
2025-12-21 12:58:15 : info: [Frontend Service] Buffered instructions message for session: session_1766302068209_ocvsaelke. Queue size: 1
2025-12-21 12:58:15 : warn: [Frontend Service] No client connected for session: session_1766302068209_ocvsaelke. Buffering instructions.
2025-12-21 12:58:15 : info: [Frontend Service] Buffered instructions message for session: session_1766302068209_ocvsaelke. Queue size: 2
2025-12-21 12:58:15 : warn: [Frontend Service] No client connected for session: session_1766302068209_ocvsaelke. Buffering instructions.
2025-12-21 12:58:15 : info: [Frontend Service] Buffered instructions message for session: session_1766302068209_ocvsaelke. Queue size: 3
2025-12-21 12:58:15 : warn: [Frontend Service] No client connected for session: session_1766302068209_ocvsaelke. Buffering instructions.
2025-12-21 12:58:15 : info: [Frontend Service] Buffered instructions message for session: session_1766302068209_ocvsaelke. Queue size: 4
2025-12-21 12:58:15 : warn: [Frontend Service] No client connected for session: session_1766302068209_ocvsaelke. Buffering instructions.
2025-12-21 12:58:15 : info: [Frontend Service] Buffered instructions message for session: session_1766302068209_ocvsaelke. Queue size: 5
2025-12-21 12:58:17 : info: [Frontend Service] Client connected: L0xcOyEur4lue20VAAAB
2025-12-21 12:58:17 : info: [Frontend Service] Client L0xcOyEur4lue20VAAAB registered for session: session_1766302068209_ocvsaelke
2025-12-21 12:58:30 : info: [Frontend Service] Client disconnected and removed from session: session_1766302068209_ocvsaelke
2025-12-21 13:00:10 : info: [Deepgram] Client initialized
2025-12-21 13:00:10 : info: [Frontend Service] Socket.IO server initialized
2025-12-21 13:00:10 : info: Server started
2025-12-21 13:00:10 : info: Socket.IO server ready for frontend connections
2025-12-21 13:04:24 : info: [Deepgram] Client initialized
2025-12-21 13:04:24 : info: [Frontend Service] Socket.IO server initialized
2025-12-21 13:04:24 : info: Server started
2025-12-21 13:04:24 : info: Socket.IO server ready for frontend connections
2025-12-21 13:04:56 : info: [Deepgram] Client initialized
2025-12-21 13:04:56 : info: [Frontend Service] Socket.IO server initialized
2025-12-21 13:04:56 : info: Server started
2025-12-21 13:04:56 : info: Socket.IO server ready for frontend connections
2025-12-21 13:06:53 : info: [Deepgram] Client initialized
2025-12-21 13:06:53 : info: [Frontend Service] Socket.IO server initialized
2025-12-21 13:06:53 : info: Server started
2025-12-21 13:06:53 : info: Socket.IO server ready for frontend connections
2025-12-21 13:09:16 : info: [Deepgram] Client initialized
2025-12-21 13:09:16 : info: [Frontend Service] Socket.IO server initialized
2025-12-21 13:09:16 : info: Server started
2025-12-21 13:09:16 : info: Socket.IO server ready for frontend connections
2025-12-21 13:12:27 : info: [Deepgram] Client initialized
2025-12-21 13:12:27 : info: [Frontend Service] Socket.IO server initialized
2025-12-21 13:12:27 : info: Server started
2025-12-21 13:12:27 : info: Socket.IO server ready for frontend connections
2025-12-21 13:12:57 : info: [Deepgram] Client initialized
2025-12-21 13:12:57 : info: [Frontend Service] Socket.IO server initialized
2025-12-21 13:12:57 : info: Server started
2025-12-21 13:12:57 : info: Socket.IO server ready for frontend connections
2025-12-21 13:13:39 : info: [SERVICE] Processing recording for session: session_1766303019188_n8sed9p1b
2025-12-21 13:13:39 : info: [SERVICE] Active sessions: 
2025-12-21 13:13:39 : info: [SERVICE] Session exists in activeStreams: false
2025-12-21 13:13:39 : info: [SERVICE] finalAudioPath: null
2025-12-21 13:13:39 : info: [SERVICE] finalVideoPath: null
2025-12-21 13:13:39 : info: [SERVICE] Recording saved: recording_session_1766303019188_n8sed9p1b_1766303019206.json
2025-12-21 13:13:39 : warn: [Recording Controller] No audio file found at null, skipping transcription
2025-12-21 13:13:39 : warn: [Recording Controller] No transcription available, triggering DOM events fallback
2025-12-21 13:13:39 : warn: [Frontend Service] No DOM events available for fallback for session: session_1766303019188_n8sed9p1b
2025-12-21 13:16:57 : info: [Deepgram] Client initialized
2025-12-21 13:16:57 : info: [Frontend Service] Socket.IO server initialized
2025-12-21 13:16:57 : info: Server started
2025-12-21 13:16:57 : info: Socket.IO server ready for frontend connections
2025-12-21 13:19:11 : info: [Deepgram] Client initialized
2025-12-21 13:19:11 : info: [Frontend Service] Socket.IO server initialized
2025-12-21 13:19:11 : info: Server started
2025-12-21 13:19:11 : info: Socket.IO server ready for frontend connections
2025-12-21 13:19:14 : info: [Frontend Service] Client connected: 1a-AL7UZrGVOK0GkAAAB
2025-12-21 13:19:14 : info: [Frontend Service] Client 1a-AL7UZrGVOK0GkAAAB registered for session: 11edsdfsf
2025-12-21 13:19:14 : warn: [Frontend Service] Session 11edsdfsf already has a client, disconnecting old client
2025-12-21 13:19:14 : info: [Frontend Service] Client disconnected and removed from session: 11edsdfsf
2025-12-21 13:19:14 : info: [Frontend Service] Client 1a-AL7UZrGVOK0GkAAAB registered for session: 11edsdfsf
2025-12-21 13:21:16 : info: [Deepgram] Client initialized
2025-12-21 13:21:16 : info: [Frontend Service] Socket.IO server initialized
2025-12-21 13:21:16 : info: Server started
2025-12-21 13:21:16 : info: Socket.IO server ready for frontend connections
2025-12-21 13:21:18 : info: [Frontend Service] Client connected: 1faVV1chsVIixcySAAAB
2025-12-21 13:21:18 : info: [Frontend Service] Client 1faVV1chsVIixcySAAAB registered for session: 11edsdfsf
2025-12-21 13:21:18 : warn: [Frontend Service] Session 11edsdfsf already has a client, disconnecting old client
2025-12-21 13:21:18 : info: [Frontend Service] Client disconnected and removed from session: 11edsdfsf
2025-12-21 13:21:18 : info: [Frontend Service] Client 1faVV1chsVIixcySAAAB registered for session: 11edsdfsf
2025-12-21 13:21:24 : info: [Frontend Service] Client connected: 1xxwxzGdL5OFZuwWAAAD
2025-12-21 13:21:24 : warn: [Frontend Service] Session 11edsdfsf already has a client, disconnecting old client
2025-12-21 13:21:24 : info: [Frontend Service] Client 1xxwxzGdL5OFZuwWAAAD registered for session: 11edsdfsf
2025-12-21 13:21:47 : info: [SERVICE] Processing recording for session: session_1766303501912_mfnthsk5m
2025-12-21 13:21:47 : info: [SERVICE] Active sessions: 
2025-12-21 13:21:47 : info: [SERVICE] Session exists in activeStreams: false
2025-12-21 13:21:47 : info: [SERVICE] finalAudioPath: null
2025-12-21 13:21:47 : info: [SERVICE] finalVideoPath: null
2025-12-21 13:21:47 : info: [SERVICE] Recording saved: recording_session_1766303501912_mfnthsk5m_1766303507043.json
2025-12-21 13:21:47 : warn: [Recording Controller] No audio file found at null, skipping transcription
2025-12-21 13:21:47 : info: [Frontend Service] Stored 3 DOM events for session: session_1766303501912_mfnthsk5m
2025-12-21 13:21:47 : info: [Recording Controller] Stored 3 DOM events for potential fallback
2025-12-21 13:21:47 : warn: [Recording Controller] No transcription available, triggering DOM events fallback
2025-12-21 13:21:47 : info: [Frontend Service] Using DOM events as fallback for session: session_1766303501912_mfnthsk5m (3 events)
2025-12-21 13:21:47 : warn: [Frontend Service] No client connected for session: session_1766303501912_mfnthsk5m. Buffering instructions.
2025-12-21 13:21:47 : info: [Frontend Service] Buffered instructions message for session: session_1766303501912_mfnthsk5m. Queue size: 1
2025-12-21 13:21:47 : warn: [Frontend Service] No client connected for session: session_1766303501912_mfnthsk5m. Buffering instructions.
2025-12-21 13:21:47 : info: [Frontend Service] Buffered instructions message for session: session_1766303501912_mfnthsk5m. Queue size: 2
2025-12-21 13:21:47 : warn: [Frontend Service] No client connected for session: session_1766303501912_mfnthsk5m. Buffering instructions.
2025-12-21 13:21:47 : info: [Frontend Service] Buffered instructions message for session: session_1766303501912_mfnthsk5m. Queue size: 3
2025-12-21 13:22:14 : info: [Frontend Service] Client connected: OxKFz1xl6mc-FK6OAAAF
2025-12-21 13:22:14 : info: [Frontend Service] Client OxKFz1xl6mc-FK6OAAAF registered for session: session_1766303501912_mfnthsk5m
2025-12-21 13:22:14 : info: [Frontend Service] Flushing 3 buffered messages for session: session_1766303501912_mfnthsk5m
2025-12-21 13:22:14 : info: [Frontend Service] Sending buffered instructions to session: session_1766303501912_mfnthsk5m
2025-12-21 13:22:14 : info: [Frontend Service] Sending buffered instructions to session: session_1766303501912_mfnthsk5m
2025-12-21 13:22:14 : info: [Frontend Service] Sending buffered instructions to session: session_1766303501912_mfnthsk5m
2025-12-21 13:24:08 : info: [Frontend Service] Client disconnected and removed from session: session_1766303501912_mfnthsk5m
2025-12-21 13:24:20 : info: [SERVICE] Processing recording for session: session_1766303656761_ga1mkw0df
2025-12-21 13:24:20 : info: [SERVICE] Active sessions: 
2025-12-21 13:24:20 : info: [SERVICE] Session exists in activeStreams: false
2025-12-21 13:24:20 : info: [SERVICE] finalAudioPath: null
2025-12-21 13:24:20 : info: [SERVICE] finalVideoPath: null
2025-12-21 13:24:20 : info: [SERVICE] Recording saved: recording_session_1766303656761_ga1mkw0df_1766303660924.json
2025-12-21 13:24:20 : warn: [Recording Controller] No audio file found at null, skipping transcription
2025-12-21 13:24:20 : warn: [Recording Controller] No transcription available, triggering DOM events fallback
2025-12-21 13:24:20 : warn: [Frontend Service] No DOM events available for fallback for session: session_1766303656761_ga1mkw0df
2025-12-21 13:24:27 : info: [Frontend Service] Client disconnected and removed from session: 11edsdfsf
2025-12-21 13:25:55 : info: [Deepgram] Client initialized
2025-12-21 13:25:55 : info: [Frontend Service] Socket.IO server initialized
2025-12-21 13:25:55 : info: Server started
2025-12-21 13:25:55 : info: Socket.IO server ready for frontend connections
2025-12-21 13:27:50 : info: [SERVICE] Processing recording for session: session_1766303849975_l94p5fm3d
2025-12-21 13:27:50 : info: [SERVICE] Active sessions: 
2025-12-21 13:27:50 : info: [SERVICE] Session exists in activeStreams: false
2025-12-21 13:27:50 : info: [SERVICE] finalAudioPath: null
2025-12-21 13:27:50 : info: [SERVICE] finalVideoPath: null
2025-12-21 13:27:50 : info: [SERVICE] Recording saved: recording_session_1766303849975_l94p5fm3d_1766303870482.json
2025-12-21 13:27:50 : warn: [Recording Controller] No audio file found at null, skipping transcription
2025-12-21 13:27:50 : info: [Frontend Service] Stored 1 DOM events for session: session_1766303849975_l94p5fm3d
2025-12-21 13:27:50 : info: [Recording Controller] Stored 1 DOM events for potential fallback
2025-12-21 13:27:50 : warn: [Recording Controller] No transcription available, triggering DOM events fallback
2025-12-21 13:27:50 : info: [Frontend Service] Using DOM events as fallback for session: session_1766303849975_l94p5fm3d (1 events)
2025-12-21 13:27:50 : warn: [Frontend Service] No client connected for session: session_1766303849975_l94p5fm3d. Buffering instructions.
2025-12-21 13:27:50 : info: [Frontend Service] Buffered instructions message for session: session_1766303849975_l94p5fm3d. Queue size: 1
2025-12-21 13:27:52 : info: [Frontend Service] Client connected: _KemfAvyhEckls5yAAAB
2025-12-21 13:27:52 : info: [Frontend Service] Client _KemfAvyhEckls5yAAAB registered for session: session_1766303849975_l94p5fm3d
2025-12-21 13:27:52 : info: [Frontend Service] Flushing 1 buffered messages for session: session_1766303849975_l94p5fm3d
2025-12-21 13:27:52 : info: [Frontend Service] Sending buffered instructions to session: session_1766303849975_l94p5fm3d
2025-12-21 13:29:37 : info: [Frontend Service] Client disconnected and removed from session: session_1766303849975_l94p5fm3d
2025-12-21 13:31:05 : info: [SERVICE] Processing recording for session: session_1766304059707_03i4hzcjl
2025-12-21 13:31:05 : info: [SERVICE] Active sessions: 
2025-12-21 13:31:05 : info: [SERVICE] Session exists in activeStreams: false
2025-12-21 13:31:05 : info: [SERVICE] finalAudioPath: null
2025-12-21 13:31:05 : info: [SERVICE] finalVideoPath: null
2025-12-21 13:31:05 : info: [SERVICE] Recording saved: recording_session_1766304059707_03i4hzcjl_1766304065579.json
2025-12-21 13:31:05 : warn: [Recording Controller] No audio file found at null, skipping transcription
2025-12-21 13:31:05 : warn: [Recording Controller] No transcription available, triggering DOM events fallback
2025-12-21 13:31:05 : warn: [Frontend Service] No DOM events available for fallback for session: session_1766304059707_03i4hzcjl
2025-12-21 13:31:07 : info: [Frontend Service] Client connected: iq6AvOfhEwFS9sloAAAD
2025-12-21 13:31:07 : info: [Frontend Service] Client iq6AvOfhEwFS9sloAAAD registered for session: session_1766304059707_03i4hzcjl
2025-12-21 13:33:00 : info: [Frontend Service] Client disconnected and removed from session: session_1766304059707_03i4hzcjl
2025-12-21 13:33:51 : info: [SERVICE] Processing recording for session: session_1766304231090_74zxwgupp
2025-12-21 13:33:51 : info: [SERVICE] Active sessions: 
2025-12-21 13:33:51 : info: [SERVICE] Session exists in activeStreams: false
2025-12-21 13:33:51 : info: [SERVICE] finalAudioPath: null
2025-12-21 13:33:51 : info: [SERVICE] finalVideoPath: null
2025-12-21 13:33:51 : info: [SERVICE] Recording saved: recording_session_1766304231090_74zxwgupp_1766304231095.json
2025-12-21 13:33:51 : warn: [Recording Controller] No audio file found at null, skipping transcription
2025-12-21 13:33:51 : warn: [Recording Controller] No transcription available, triggering DOM events fallback
2025-12-21 13:33:51 : warn: [Frontend Service] No DOM events available for fallback for session: session_1766304231090_74zxwgupp
2025-12-21 13:34:17 : info: [SERVICE] Processing recording for session: session_1766304257421_4wkkewm65
2025-12-21 13:34:17 : info: [SERVICE] Active sessions: 
2025-12-21 13:34:17 : info: [SERVICE] Session exists in activeStreams: false
2025-12-21 13:34:17 : info: [SERVICE] finalAudioPath: null
2025-12-21 13:34:17 : info: [SERVICE] finalVideoPath: null
2025-12-21 13:34:17 : info: [SERVICE] Recording saved: recording_session_1766304257421_4wkkewm65_1766304257424.json
2025-12-21 13:34:17 : warn: [Recording Controller] No audio file found at null, skipping transcription
2025-12-21 13:34:17 : warn: [Recording Controller] No transcription available, triggering DOM events fallback
2025-12-21 13:34:17 : warn: [Frontend Service] No DOM events available for fallback for session: session_1766304257421_4wkkewm65
2025-12-21 13:34:44 : info: [SERVICE] Processing recording for session: session_1766304284356_5l4nj8s6n
2025-12-21 13:34:44 : info: [SERVICE] Active sessions: 
2025-12-21 13:34:44 : info: [SERVICE] Session exists in activeStreams: false
2025-12-21 13:34:44 : info: [SERVICE] finalAudioPath: null
2025-12-21 13:34:44 : info: [SERVICE] finalVideoPath: null
2025-12-21 13:34:44 : info: [SERVICE] Recording saved: recording_session_1766304284356_5l4nj8s6n_1766304284360.json
2025-12-21 13:34:44 : warn: [Recording Controller] No audio file found at null, skipping transcription
2025-12-21 13:34:44 : warn: [Recording Controller] No transcription available, triggering DOM events fallback
2025-12-21 13:34:44 : warn: [Frontend Service] No DOM events available for fallback for session: session_1766304284356_5l4nj8s6n
2025-12-21 13:36:09 : info: [SERVICE] Processing recording for session: session_1766304369613_phyoaomui
2025-12-21 13:36:09 : info: [SERVICE] Active sessions: 
2025-12-21 13:36:09 : info: [SERVICE] Session exists in activeStreams: false
2025-12-21 13:36:09 : info: [SERVICE] finalAudioPath: null
2025-12-21 13:36:09 : info: [SERVICE] finalVideoPath: null
2025-12-21 13:36:09 : info: [SERVICE] Recording saved: recording_session_1766304369613_phyoaomui_1766304369617.json
2025-12-21 13:36:09 : warn: [Recording Controller] No audio file found at null, skipping transcription
2025-12-21 13:36:09 : warn: [Recording Controller] No transcription available, triggering DOM events fallback
2025-12-21 13:36:09 : warn: [Frontend Service] No DOM events available for fallback for session: session_1766304369613_phyoaomui
2025-12-21 13:36:18 : info: [SERVICE] Processing recording for session: session_1766304374671_q4wg1emk8
2025-12-21 13:36:18 : info: [SERVICE] Active sessions: 
2025-12-21 13:36:18 : info: [SERVICE] Session exists in activeStreams: false
2025-12-21 13:36:18 : info: [SERVICE] finalAudioPath: null
2025-12-21 13:36:18 : info: [SERVICE] finalVideoPath: null
2025-12-21 13:36:18 : info: [SERVICE] Recording saved: recording_session_1766304374671_q4wg1emk8_1766304378034.json
2025-12-21 13:36:18 : warn: [Recording Controller] No audio file found at null, skipping transcription
2025-12-21 13:36:18 : warn: [Recording Controller] No transcription available, triggering DOM events fallback
2025-12-21 13:36:18 : warn: [Frontend Service] No DOM events available for fallback for session: session_1766304374671_q4wg1emk8
2025-12-21 13:36:18 : info: [Frontend Service] Client connected: q9fpOZn1gNV8eK83AAAF
2025-12-21 13:36:18 : info: [Frontend Service] Client q9fpOZn1gNV8eK83AAAF registered for session: session_1766304374671_q4wg1emk8
2025-12-21 13:36:38 : info: [SERVICE] Processing recording for session: session_1766304388814_pjs40irbl
2025-12-21 13:36:38 : info: [SERVICE] Active sessions: 
2025-12-21 13:36:38 : info: [SERVICE] Session exists in activeStreams: false
2025-12-21 13:36:38 : info: [SERVICE] finalAudioPath: null
2025-12-21 13:36:38 : info: [SERVICE] finalVideoPath: null
2025-12-21 13:36:38 : info: [SERVICE] Recording saved: recording_session_1766304388814_pjs40irbl_1766304398371.json
2025-12-21 13:36:38 : warn: [Recording Controller] No audio file found at null, skipping transcription
2025-12-21 13:36:38 : warn: [Recording Controller] No transcription available, triggering DOM events fallback
2025-12-21 13:36:38 : warn: [Frontend Service] No DOM events available for fallback for session: session_1766304388814_pjs40irbl
2025-12-21 13:36:38 : info: [Frontend Service] Client connected: PgowmL9-UJOIBNfXAAAH
2025-12-21 13:36:38 : info: [Frontend Service] Client PgowmL9-UJOIBNfXAAAH registered for session: session_1766304388814_pjs40irbl
2025-12-21 13:38:24 : info: [Frontend Service] Client disconnected and removed from session: session_1766304388814_pjs40irbl
2025-12-21 13:38:24 : info: [Frontend Service] Client disconnected and removed from session: session_1766304374671_q4wg1emk8
2025-12-21 13:42:09 : info: [CONTROLLER] Video chunk - Session: session_1766304723151_iezoz0g1n, Sequence: 0
2025-12-21 13:42:09 : info: [SERVICE] Created video stream for session: session_1766304723151_iezoz0g1n
2025-12-21 13:42:09 : info: [SERVICE] Saving video chunk for session session_1766304723151_iezoz0g1n
2025-12-21 13:42:09 : info: [SERVICE] Sequence: 0, Size: 62467 bytes
2025-12-21 13:42:09 : info: [SERVICE] Video bytes written: 62467
2025-12-21 13:42:10 : info: [CONTROLLER] Audio chunk - Session: session_1766304723151_iezoz0g1n, Sequence: 0
2025-12-21 13:42:10 : info: [SERVICE] Created audio stream for session: session_1766304723151_iezoz0g1n
2025-12-21 13:42:10 : info: [SERVICE] Saving audio chunk for session session_1766304723151_iezoz0g1n
2025-12-21 13:42:10 : info: [SERVICE] Sequence: 0, Size: 32038 bytes
2025-12-21 13:42:10 : info: [SERVICE] Audio bytes written: 32038
2025-12-21 13:42:10 : info: [CONTROLLER] Video chunk - Session: session_1766304723151_iezoz0g1n, Sequence: 1
2025-12-21 13:42:10 : info: [SERVICE] Saving video chunk for session session_1766304723151_iezoz0g1n
2025-12-21 13:42:10 : info: [SERVICE] Sequence: 1, Size: 70 bytes
2025-12-21 13:42:10 : info: [SERVICE] Video bytes written: 62537
2025-12-21 13:42:11 : info: [CONTROLLER] Video chunk - Session: session_1766304723151_iezoz0g1n, Sequence: 2
2025-12-21 13:42:11 : info: [SERVICE] Saving video chunk for session session_1766304723151_iezoz0g1n
2025-12-21 13:42:11 : info: [SERVICE] Sequence: 2, Size: 363 bytes
2025-12-21 13:42:11 : info: [SERVICE] Video bytes written: 62900
2025-12-21 13:42:12 : info: [CONTROLLER] Audio chunk - Session: session_1766304723151_iezoz0g1n, Sequence: 1
2025-12-21 13:42:12 : info: [SERVICE] Saving audio chunk for session session_1766304723151_iezoz0g1n
2025-12-21 13:42:12 : info: [SERVICE] Sequence: 1, Size: 32844 bytes
2025-12-21 13:42:12 : info: [SERVICE] Audio bytes written: 64882
2025-12-21 13:42:13 : info: [CONTROLLER] Video chunk - Session: session_1766304723151_iezoz0g1n, Sequence: 3
2025-12-21 13:42:13 : info: [SERVICE] Saving video chunk for session session_1766304723151_iezoz0g1n
2025-12-21 13:42:13 : info: [SERVICE] Sequence: 3, Size: 24652 bytes
2025-12-21 13:42:13 : info: [SERVICE] Video bytes written: 87552
2025-12-21 13:42:14 : info: [CONTROLLER] Audio chunk - Session: session_1766304723151_iezoz0g1n, Sequence: 2
2025-12-21 13:42:14 : info: [SERVICE] Saving audio chunk for session session_1766304723151_iezoz0g1n
2025-12-21 13:42:14 : info: [SERVICE] Sequence: 2, Size: 32844 bytes
2025-12-21 13:42:14 : info: [SERVICE] Audio bytes written: 97726
2025-12-21 13:42:14 : info: [CONTROLLER] Video chunk - Session: session_1766304723151_iezoz0g1n, Sequence: 4
2025-12-21 13:42:14 : info: [SERVICE] Saving video chunk for session session_1766304723151_iezoz0g1n
2025-12-21 13:42:14 : info: [SERVICE] Sequence: 4, Size: 13952 bytes
2025-12-21 13:42:14 : info: [SERVICE] Video bytes written: 101504
2025-12-21 13:42:15 : info: [CONTROLLER] Video chunk - Session: session_1766304723151_iezoz0g1n, Sequence: 5
2025-12-21 13:42:15 : info: [SERVICE] Saving video chunk for session session_1766304723151_iezoz0g1n
2025-12-21 13:42:15 : info: [SERVICE] Sequence: 5, Size: 40679 bytes
2025-12-21 13:42:15 : info: [SERVICE] Video bytes written: 142183
2025-12-21 13:42:16 : info: [CONTROLLER] Audio chunk - Session: session_1766304723151_iezoz0g1n, Sequence: 3
2025-12-21 13:42:16 : info: [SERVICE] Saving audio chunk for session session_1766304723151_iezoz0g1n
2025-12-21 13:42:16 : info: [SERVICE] Sequence: 3, Size: 32844 bytes
2025-12-21 13:42:16 : info: [SERVICE] Audio bytes written: 130570
2025-12-21 13:42:16 : info: [CONTROLLER] Video chunk - Session: session_1766304723151_iezoz0g1n, Sequence: 6
2025-12-21 13:42:16 : info: [SERVICE] Saving video chunk for session session_1766304723151_iezoz0g1n
2025-12-21 13:42:16 : info: [SERVICE] Sequence: 6, Size: 79 bytes
2025-12-21 13:42:16 : info: [SERVICE] Video bytes written: 142262
2025-12-21 13:42:17 : info: [CONTROLLER] Video chunk - Session: session_1766304723151_iezoz0g1n, Sequence: 7
2025-12-21 13:42:17 : info: [SERVICE] Saving video chunk for session session_1766304723151_iezoz0g1n
2025-12-21 13:42:17 : info: [SERVICE] Sequence: 7, Size: 99 bytes
2025-12-21 13:42:17 : info: [SERVICE] Video bytes written: 142361
2025-12-21 13:42:18 : info: [CONTROLLER] Audio chunk - Session: session_1766304723151_iezoz0g1n, Sequence: 4
2025-12-21 13:42:18 : info: [SERVICE] Saving audio chunk for session session_1766304723151_iezoz0g1n
2025-12-21 13:42:18 : info: [SERVICE] Sequence: 4, Size: 32844 bytes
2025-12-21 13:42:18 : info: [SERVICE] Audio bytes written: 163414
2025-12-21 13:42:18 : info: [CONTROLLER] Video chunk - Session: session_1766304723151_iezoz0g1n, Sequence: 8
2025-12-21 13:42:18 : info: [SERVICE] Saving video chunk for session session_1766304723151_iezoz0g1n
2025-12-21 13:42:18 : info: [SERVICE] Sequence: 8, Size: 106 bytes
2025-12-21 13:42:18 : info: [SERVICE] Video bytes written: 142467
2025-12-21 13:42:19 : info: [CONTROLLER] Video chunk - Session: session_1766304723151_iezoz0g1n, Sequence: 9
2025-12-21 13:42:19 : info: [SERVICE] Saving video chunk for session session_1766304723151_iezoz0g1n
2025-12-21 13:42:19 : info: [SERVICE] Sequence: 9, Size: 197 bytes
2025-12-21 13:42:19 : info: [SERVICE] Video bytes written: 142664
2025-12-21 13:42:20 : info: [CONTROLLER] Audio chunk - Session: session_1766304723151_iezoz0g1n, Sequence: 5
2025-12-21 13:42:20 : info: [SERVICE] Saving audio chunk for session session_1766304723151_iezoz0g1n
2025-12-21 13:42:20 : info: [SERVICE] Sequence: 5, Size: 32844 bytes
2025-12-21 13:42:20 : info: [SERVICE] Audio bytes written: 196258
2025-12-21 13:42:20 : info: [CONTROLLER] Video chunk - Session: session_1766304723151_iezoz0g1n, Sequence: 10
2025-12-21 13:42:20 : info: [SERVICE] Saving video chunk for session session_1766304723151_iezoz0g1n
2025-12-21 13:42:20 : info: [SERVICE] Sequence: 10, Size: 131219 bytes
2025-12-21 13:42:20 : info: [SERVICE] Video bytes written: 273883
2025-12-21 13:42:21 : info: [CONTROLLER] Video chunk - Session: session_1766304723151_iezoz0g1n, Sequence: 11
2025-12-21 13:42:21 : info: [SERVICE] Saving video chunk for session session_1766304723151_iezoz0g1n
2025-12-21 13:42:21 : info: [SERVICE] Sequence: 11, Size: 179124 bytes
2025-12-21 13:42:21 : info: [SERVICE] Video bytes written: 453007
2025-12-21 13:42:22 : info: [CONTROLLER] Audio chunk - Session: session_1766304723151_iezoz0g1n, Sequence: 6
2025-12-21 13:42:22 : info: [SERVICE] Saving audio chunk for session session_1766304723151_iezoz0g1n
2025-12-21 13:42:22 : info: [SERVICE] Sequence: 6, Size: 32844 bytes
2025-12-21 13:42:22 : info: [SERVICE] Audio bytes written: 229102
2025-12-21 13:42:23 : info: [CONTROLLER] Video chunk - Session: session_1766304723151_iezoz0g1n, Sequence: 12
2025-12-21 13:42:23 : info: [SERVICE] Saving video chunk for session session_1766304723151_iezoz0g1n
2025-12-21 13:42:23 : info: [SERVICE] Sequence: 12, Size: 144147 bytes
2025-12-21 13:42:23 : info: [SERVICE] Video bytes written: 597154
2025-12-21 13:42:23 : info: [SERVICE] Processing recording for session: session_1766304723151_iezoz0g1n
2025-12-21 13:42:23 : info: [SERVICE] Active sessions: session_1766304723151_iezoz0g1n
2025-12-21 13:42:23 : info: [SERVICE] Session exists in activeStreams: true
2025-12-21 13:42:23 : info: [SERVICE] Finalizing audio for session session_1766304723151_iezoz0g1n
2025-12-21 13:42:23 : info: [SERVICE] Total chunks: 7
2025-12-21 13:42:23 : info: [SERVICE] Total bytes: 229102
2025-12-21 13:42:24 : info: [SERVICE] Audio stream closed: W:\GCU\Project\Clueso_clone_example\Clueso_Node_layer\src\uploads\audio_session_1766304723151_iezoz0g1n.webm
2025-12-21 13:42:24 : info: [SERVICE] Finalizing video for session session_1766304723151_iezoz0g1n
2025-12-21 13:42:24 : info: [SERVICE] Total chunks: 13
2025-12-21 13:42:24 : info: [SERVICE] Total bytes: 597154
2025-12-21 13:42:24 : info: [SERVICE] Video stream closed: W:\GCU\Project\Clueso_clone_example\Clueso_Node_layer\src\uploads\video_session_1766304723151_iezoz0g1n.webm
2025-12-21 13:42:24 : info: [SERVICE] finalAudioPath: W:\GCU\Project\Clueso_clone_example\Clueso_Node_layer\src\uploads\audio_session_1766304723151_iezoz0g1n.webm
2025-12-21 13:42:24 : info: [SERVICE] finalVideoPath: W:\GCU\Project\Clueso_clone_example\Clueso_Node_layer\src\uploads\video_session_1766304723151_iezoz0g1n.webm
2025-12-21 13:42:24 : info: [SERVICE] Session session_1766304723151_iezoz0g1n statistics:
2025-12-21 13:42:24 : info: [SERVICE] Video chunks received: 13
2025-12-21 13:42:24 : info: [SERVICE] Audio chunks received: 7
2025-12-21 13:42:24 : info: [SERVICE] Video moved to: W:\GCU\Project\Clueso_clone_example\Clueso_Node_layer\src\recordings\recording_session_1766304723151_iezoz0g1n_video.webm
2025-12-21 13:42:24 : info: [SERVICE] Audio moved to: W:\GCU\Project\Clueso_clone_example\Clueso_Node_layer\src\recordings\recording_session_1766304723151_iezoz0g1n_audio.webm
2025-12-21 13:42:24 : info: [SERVICE] Recording saved: recording_session_1766304723151_iezoz0g1n_1766304744011.json
2025-12-21 13:42:24 : info: [Recording Controller] Broadcasting video to frontend session: session_1766304723151_iezoz0g1n
2025-12-21 13:42:24 : warn: [Frontend Service] No client connected for session: session_1766304723151_iezoz0g1n. Buffering video.
2025-12-21 13:42:24 : info: [Frontend Service] Buffered video message for session: session_1766304723151_iezoz0g1n. Queue size: 1
2025-12-21 13:42:24 : info: [Recording Controller] Processing audio file: W:\GCU\Project\Clueso_clone_example\Clueso_Node_layer\src\recordings\recording_session_1766304723151_iezoz0g1n_audio.webm
2025-12-21 13:42:24 : info: [Deepgram] Transcribing file: W:\GCU\Project\Clueso_clone_example\Clueso_Node_layer\src\recordings\recording_session_1766304723151_iezoz0g1n_audio.webm
2025-12-21 13:42:24 : info: [Deepgram] Building transcription options
2025-12-21 13:42:24 : info: [CONTROLLER] Audio chunk - Session: session_1766304723151_iezoz0g1n, Sequence: 7
2025-12-21 13:42:24 : info: [SERVICE] Created audio stream for session: session_1766304723151_iezoz0g1n
2025-12-21 13:42:24 : info: [SERVICE] Saving audio chunk for session session_1766304723151_iezoz0g1n
2025-12-21 13:42:24 : info: [SERVICE] Sequence: 7, Size: 32844 bytes
2025-12-21 13:42:24 : info: [SERVICE] Audio bytes written: 32844
2025-12-21 13:42:25 : info: [CONTROLLER] Video chunk - Session: session_1766304723151_iezoz0g1n, Sequence: 13
2025-12-21 13:42:25 : info: [SERVICE] Created video stream for session: session_1766304723151_iezoz0g1n
2025-12-21 13:42:25 : info: [SERVICE] Saving video chunk for session session_1766304723151_iezoz0g1n
2025-12-21 13:42:25 : info: [SERVICE] Sequence: 13, Size: 21066 bytes
2025-12-21 13:42:25 : info: [SERVICE] Video bytes written: 21066
2025-12-21 13:42:25 : info: [Deepgram] File transcription complete
2025-12-21 13:42:25 : info: [Deepgram] Formatting result
2025-12-21 13:42:25 : info: [Deepgram] Final timeline built with
2025-12-21 13:42:25 : info: [Recording Controller] Transcribed text from Deepgram:
2025-12-21 13:42:25 : info: [Recording Controller] Text: "Okay. So, yeah, I think it's working. Is it working or not? No. No."
2025-12-21 13:42:25 : info: [Recording Controller] Timeline segments: 5
2025-12-21 13:42:25 : info: [Recording Controller] Metadata: {"transaction_key":"deprecated","request_id":"1469c0b5-906e-4c17-82e4-7b49220206a5","sha256":"85c301479aca69c88275c3ea5021b3a2c7ed230fc2adfc028fe579f4c8f3bbaf","created":"2025-12-21T08:12:27.252Z","duration":14.22,"channels":1,"models":["1abfe86b-e047-4eed-858a-35e5625b41ee"],"model_info":{"1abfe86b-e047-4eed-858a-35e5625b41ee":{"name":"2-general-nova","version":"2024-01-06.5664","arch":"nova-2"}}}
2025-12-21 13:42:25 : warn: [Frontend Service] No client connected for session: session_1766304723151_iezoz0g1n. Buffering audio.
2025-12-21 13:42:25 : info: [Frontend Service] Buffered audio message for session: session_1766304723151_iezoz0g1n. Queue size: 2
2025-12-21 13:42:25 : info: [Python Controller] Processing with AI:
2025-12-21 13:42:25 : info: [Python Controller] - Text: "Okay. So, yeah, I think it's working. Is it working or not? No. No."
2025-12-21 13:42:25 : info: [Python Controller] - DOM Events: 0
2025-12-21 13:42:25 : info: [Python Controller] - Has Deepgram Response: true
2025-12-21 13:42:25 : info: [Python Controller] - Audio Path: W:\GCU\Project\Clueso_clone_example\Clueso_Node_layer\src\recordings\recording_session_1766304723151_iezoz0g1n_audio.webm
2025-12-21 13:42:25 : info: [Python Controller] - Session ID: session_1766304723151_iezoz0g1n
2025-12-21 13:42:25 : info: [Python Service] Sending text with 0 DOM events to Python layer
2025-12-21 13:42:26 : info: [CONTROLLER] Video chunk - Session: session_1766304723151_iezoz0g1n, Sequence: 14
2025-12-21 13:42:26 : info: [SERVICE] Saving video chunk for session session_1766304723151_iezoz0g1n
2025-12-21 13:42:26 : info: [SERVICE] Sequence: 14, Size: 5641 bytes
2025-12-21 13:42:26 : info: [SERVICE] Video bytes written: 26707
2025-12-21 13:42:26 : info: [CONTROLLER] Audio chunk - Session: session_1766304723151_iezoz0g1n, Sequence: 8
2025-12-21 13:42:26 : info: [SERVICE] Saving audio chunk for session session_1766304723151_iezoz0g1n
2025-12-21 13:42:26 : info: [SERVICE] Sequence: 8, Size: 32844 bytes
2025-12-21 13:42:26 : info: [SERVICE] Audio bytes written: 65688
2025-12-21 13:42:27 : info: [CONTROLLER] Video chunk - Session: session_1766304723151_iezoz0g1n, Sequence: 15
2025-12-21 13:42:27 : info: [SERVICE] Saving video chunk for session session_1766304723151_iezoz0g1n
2025-12-21 13:42:27 : info: [SERVICE] Sequence: 15, Size: 170698 bytes
2025-12-21 13:42:27 : info: [SERVICE] Video bytes written: 197405
2025-12-21 13:42:27 : info: [CONTROLLER] Video chunk - Session: session_1766304723151_iezoz0g1n, Sequence: 16
2025-12-21 13:42:27 : info: [SERVICE] Saving video chunk for session session_1766304723151_iezoz0g1n
2025-12-21 13:42:27 : info: [SERVICE] Sequence: 16, Size: 263841 bytes
2025-12-21 13:42:27 : info: [SERVICE] Video bytes written: 461246
2025-12-21 13:42:28 : error: [Python Service] Error response from Python layer: 500 - {"detail":"Processing failed: Deepgram error 401: {\"err_code\":\"INVALID_AUTH\",\"err_msg\":\"Invalid credentials.\",\"request_id\":\"3206d18b-ec42-43a4-b875-a1d452be8878\"}"}
2025-12-21 13:42:28 : error: [Python Service] Error sending data to Python layer: Python layer returned error: 500 - {"detail":"Processing failed: Deepgram error 401: {\"err_code\":\"INVALID_AUTH\",\"err_msg\":\"Invalid credentials.\",\"request_id\":\"3206d18b-ec42-43a4-b875-a1d452be8878\"}"}
2025-12-21 13:42:28 : error: [Python Controller] Error processing with AI: Error: Python layer returned error: 500 - {"detail":"Processing failed: Deepgram error 401: {\"err_code\":\"INVALID_AUTH\",\"err_msg\":\"Invalid credentials.\",\"request_id\":\"3206d18b-ec42-43a4-b875-a1d452be8878\"}"}
2025-12-21 13:42:28 : warn: [Frontend Service] No client connected for session: session_1766304723151_iezoz0g1n. Buffering instructions.
2025-12-21 13:42:28 : info: [Frontend Service] Buffered instructions message for session: session_1766304723151_iezoz0g1n. Queue size: 3
2025-12-21 13:42:28 : warn: [Recording Controller] Python processing failed, triggering DOM events fallback
2025-12-21 13:42:28 : warn: [Frontend Service] No DOM events available for fallback for session: session_1766304723151_iezoz0g1n
2025-12-21 13:42:30 : info: [Frontend Service] Client connected: YTvRYf9ozKqhBwWKAAAJ
2025-12-21 13:42:30 : info: [Frontend Service] Client YTvRYf9ozKqhBwWKAAAJ registered for session: session_1766304723151_iezoz0g1n
2025-12-21 13:42:30 : info: [Frontend Service] Flushing 3 buffered messages for session: session_1766304723151_iezoz0g1n
2025-12-21 13:42:30 : info: [Frontend Service] Sending buffered video to session: session_1766304723151_iezoz0g1n
2025-12-21 13:42:30 : info: [Frontend Service] Sending buffered audio to session: session_1766304723151_iezoz0g1n
2025-12-21 13:42:30 : info: [Frontend Service] Sending buffered instructions to session: session_1766304723151_iezoz0g1n
2025-12-21 13:43:28 : info: [Frontend Service] Client disconnected and removed from session: session_1766304723151_iezoz0g1n
2025-12-21 13:43:59 : info: [Frontend Service] Client connected: H99i4d42pjt8I7UgAAAL
2025-12-21 13:43:59 : info: [Frontend Service] Client H99i4d42pjt8I7UgAAAL registered for session: 11edsdfsf
2025-12-21 13:43:59 : warn: [Frontend Service] Session 11edsdfsf already has a client, disconnecting old client
2025-12-21 13:43:59 : info: [Frontend Service] Client disconnected and removed from session: 11edsdfsf
2025-12-21 13:43:59 : info: [Frontend Service] Client H99i4d42pjt8I7UgAAAL registered for session: 11edsdfsf
2025-12-21 13:44:46 : info: [CONTROLLER] Video chunk - Session: session_1766304882216_obhshemzz, Sequence: 0
2025-12-21 13:44:46 : info: [SERVICE] Created video stream for session: session_1766304882216_obhshemzz
2025-12-21 13:44:46 : info: [SERVICE] Saving video chunk for session session_1766304882216_obhshemzz
2025-12-21 13:44:46 : info: [SERVICE] Sequence: 0, Size: 28662 bytes
2025-12-21 13:44:46 : info: [SERVICE] Video bytes written: 28662
2025-12-21 13:44:47 : info: [CONTROLLER] Audio chunk - Session: session_1766304882216_obhshemzz, Sequence: 0
2025-12-21 13:44:47 : info: [SERVICE] Created audio stream for session: session_1766304882216_obhshemzz
2025-12-21 13:44:47 : info: [SERVICE] Saving audio chunk for session session_1766304882216_obhshemzz
2025-12-21 13:44:47 : info: [SERVICE] Sequence: 0, Size: 32038 bytes
2025-12-21 13:44:47 : info: [SERVICE] Audio bytes written: 32038
2025-12-21 13:44:48 : info: [CONTROLLER] Video chunk - Session: session_1766304882216_obhshemzz, Sequence: 1
2025-12-21 13:44:48 : info: [SERVICE] Saving video chunk for session session_1766304882216_obhshemzz
2025-12-21 13:44:48 : info: [SERVICE] Sequence: 1, Size: 33669 bytes
2025-12-21 13:44:48 : info: [SERVICE] Video bytes written: 62331
2025-12-21 13:44:49 : info: [CONTROLLER] Video chunk - Session: session_1766304882216_obhshemzz, Sequence: 2
2025-12-21 13:44:49 : info: [SERVICE] Saving video chunk for session session_1766304882216_obhshemzz
2025-12-21 13:44:49 : info: [SERVICE] Sequence: 2, Size: 368 bytes
2025-12-21 13:44:49 : info: [SERVICE] Video bytes written: 62699
2025-12-21 13:44:49 : info: [CONTROLLER] Audio chunk - Session: session_1766304882216_obhshemzz, Sequence: 1
2025-12-21 13:44:49 : info: [SERVICE] Saving audio chunk for session session_1766304882216_obhshemzz
2025-12-21 13:44:49 : info: [SERVICE] Sequence: 1, Size: 32844 bytes
2025-12-21 13:44:49 : info: [SERVICE] Audio bytes written: 64882
2025-12-21 13:44:50 : info: [CONTROLLER] Video chunk - Session: session_1766304882216_obhshemzz, Sequence: 3
2025-12-21 13:44:50 : info: [SERVICE] Saving video chunk for session session_1766304882216_obhshemzz
2025-12-21 13:44:50 : info: [SERVICE] Sequence: 3, Size: 2141 bytes
2025-12-21 13:44:50 : info: [SERVICE] Video bytes written: 64840
2025-12-21 13:44:51 : info: [CONTROLLER] Video chunk - Session: session_1766304882216_obhshemzz, Sequence: 4
2025-12-21 13:44:51 : info: [SERVICE] Saving video chunk for session session_1766304882216_obhshemzz
2025-12-21 13:44:51 : info: [SERVICE] Sequence: 4, Size: 6626 bytes
2025-12-21 13:44:51 : info: [SERVICE] Video bytes written: 71466
2025-12-21 13:44:51 : info: [CONTROLLER] Audio chunk - Session: session_1766304882216_obhshemzz, Sequence: 2
2025-12-21 13:44:51 : info: [SERVICE] Saving audio chunk for session session_1766304882216_obhshemzz
2025-12-21 13:44:51 : info: [SERVICE] Sequence: 2, Size: 32844 bytes
2025-12-21 13:44:51 : info: [SERVICE] Audio bytes written: 97726
2025-12-21 13:44:52 : info: [CONTROLLER] Video chunk - Session: session_1766304882216_obhshemzz, Sequence: 5
2025-12-21 13:44:52 : info: [SERVICE] Saving video chunk for session session_1766304882216_obhshemzz
2025-12-21 13:44:52 : info: [SERVICE] Sequence: 5, Size: 7125 bytes
2025-12-21 13:44:52 : info: [SERVICE] Video bytes written: 78591
2025-12-21 13:44:53 : info: [CONTROLLER] Video chunk - Session: session_1766304882216_obhshemzz, Sequence: 6
2025-12-21 13:44:53 : info: [SERVICE] Saving video chunk for session session_1766304882216_obhshemzz
2025-12-21 13:44:53 : info: [SERVICE] Sequence: 6, Size: 7816 bytes
2025-12-21 13:44:53 : info: [SERVICE] Video bytes written: 86407
2025-12-21 13:44:53 : info: [CONTROLLER] Audio chunk - Session: session_1766304882216_obhshemzz, Sequence: 3
2025-12-21 13:44:53 : info: [SERVICE] Saving audio chunk for session session_1766304882216_obhshemzz
2025-12-21 13:44:53 : info: [SERVICE] Sequence: 3, Size: 32844 bytes
2025-12-21 13:44:53 : info: [SERVICE] Audio bytes written: 130570
2025-12-21 13:44:54 : info: [CONTROLLER] Video chunk - Session: session_1766304882216_obhshemzz, Sequence: 7
2025-12-21 13:44:54 : info: [SERVICE] Saving video chunk for session session_1766304882216_obhshemzz
2025-12-21 13:44:54 : info: [SERVICE] Sequence: 7, Size: 9609 bytes
2025-12-21 13:44:54 : info: [SERVICE] Video bytes written: 96016
2025-12-21 13:44:55 : info: [CONTROLLER] Video chunk - Session: session_1766304882216_obhshemzz, Sequence: 8
2025-12-21 13:44:55 : info: [SERVICE] Saving video chunk for session session_1766304882216_obhshemzz
2025-12-21 13:44:55 : info: [SERVICE] Sequence: 8, Size: 425 bytes
2025-12-21 13:44:55 : info: [SERVICE] Video bytes written: 96441
2025-12-21 13:44:55 : info: [CONTROLLER] Audio chunk - Session: session_1766304882216_obhshemzz, Sequence: 4
2025-12-21 13:44:55 : info: [SERVICE] Saving audio chunk for session session_1766304882216_obhshemzz
2025-12-21 13:44:55 : info: [SERVICE] Sequence: 4, Size: 32844 bytes
2025-12-21 13:44:55 : info: [SERVICE] Audio bytes written: 163414
2025-12-21 13:44:56 : info: [CONTROLLER] Video chunk - Session: session_1766304882216_obhshemzz, Sequence: 9
2025-12-21 13:44:56 : info: [SERVICE] Saving video chunk for session session_1766304882216_obhshemzz
2025-12-21 13:44:56 : info: [SERVICE] Sequence: 9, Size: 36168 bytes
2025-12-21 13:44:56 : info: [SERVICE] Video bytes written: 132609
2025-12-21 13:44:57 : info: [CONTROLLER] Video chunk - Session: session_1766304882216_obhshemzz, Sequence: 10
2025-12-21 13:44:57 : info: [SERVICE] Saving video chunk for session session_1766304882216_obhshemzz
2025-12-21 13:44:57 : info: [SERVICE] Sequence: 10, Size: 173 bytes
2025-12-21 13:44:57 : info: [SERVICE] Video bytes written: 132782
2025-12-21 13:44:57 : info: [CONTROLLER] Audio chunk - Session: session_1766304882216_obhshemzz, Sequence: 5
2025-12-21 13:44:57 : info: [SERVICE] Saving audio chunk for session session_1766304882216_obhshemzz
2025-12-21 13:44:57 : info: [SERVICE] Sequence: 5, Size: 32844 bytes
2025-12-21 13:44:57 : info: [SERVICE] Audio bytes written: 196258
2025-12-21 13:44:58 : info: [CONTROLLER] Video chunk - Session: session_1766304882216_obhshemzz, Sequence: 11
2025-12-21 13:44:58 : info: [SERVICE] Saving video chunk for session session_1766304882216_obhshemzz
2025-12-21 13:44:58 : info: [SERVICE] Sequence: 11, Size: 148 bytes
2025-12-21 13:44:58 : info: [SERVICE] Video bytes written: 132930
2025-12-21 13:44:59 : info: [CONTROLLER] Video chunk - Session: session_1766304882216_obhshemzz, Sequence: 12
2025-12-21 13:44:59 : info: [SERVICE] Saving video chunk for session session_1766304882216_obhshemzz
2025-12-21 13:44:59 : info: [SERVICE] Sequence: 12, Size: 338 bytes
2025-12-21 13:44:59 : info: [SERVICE] Video bytes written: 133268
2025-12-21 13:44:59 : info: [CONTROLLER] Audio chunk - Session: session_1766304882216_obhshemzz, Sequence: 6
2025-12-21 13:44:59 : info: [SERVICE] Saving audio chunk for session session_1766304882216_obhshemzz
2025-12-21 13:44:59 : info: [SERVICE] Sequence: 6, Size: 32844 bytes
2025-12-21 13:44:59 : info: [SERVICE] Audio bytes written: 229102
2025-12-21 13:45:01 : info: [CONTROLLER] Video chunk - Session: session_1766304882216_obhshemzz, Sequence: 13
2025-12-21 13:45:01 : info: [SERVICE] Saving video chunk for session session_1766304882216_obhshemzz
2025-12-21 13:45:01 : info: [SERVICE] Sequence: 13, Size: 6181 bytes
2025-12-21 13:45:01 : info: [SERVICE] Video bytes written: 139449
2025-12-21 13:45:02 : info: [CONTROLLER] Audio chunk - Session: session_1766304882216_obhshemzz, Sequence: 7
2025-12-21 13:45:02 : info: [SERVICE] Saving audio chunk for session session_1766304882216_obhshemzz
2025-12-21 13:45:02 : info: [SERVICE] Sequence: 7, Size: 32844 bytes
2025-12-21 13:45:02 : info: [SERVICE] Audio bytes written: 261946
2025-12-21 13:45:02 : info: [CONTROLLER] Video chunk - Session: session_1766304882216_obhshemzz, Sequence: 14
2025-12-21 13:45:02 : info: [SERVICE] Saving video chunk for session session_1766304882216_obhshemzz
2025-12-21 13:45:02 : info: [SERVICE] Sequence: 14, Size: 8637 bytes
2025-12-21 13:45:02 : info: [SERVICE] Video bytes written: 148086
2025-12-21 13:45:03 : info: [CONTROLLER] Video chunk - Session: session_1766304882216_obhshemzz, Sequence: 15
2025-12-21 13:45:03 : info: [SERVICE] Saving video chunk for session session_1766304882216_obhshemzz
2025-12-21 13:45:03 : info: [SERVICE] Sequence: 15, Size: 11600 bytes
2025-12-21 13:45:03 : info: [SERVICE] Video bytes written: 159686
2025-12-21 13:45:04 : info: [CONTROLLER] Audio chunk - Session: session_1766304882216_obhshemzz, Sequence: 8
2025-12-21 13:45:04 : info: [SERVICE] Saving audio chunk for session session_1766304882216_obhshemzz
2025-12-21 13:45:04 : info: [SERVICE] Sequence: 8, Size: 32844 bytes
2025-12-21 13:45:04 : info: [SERVICE] Audio bytes written: 294790
2025-12-21 13:45:04 : info: [CONTROLLER] Video chunk - Session: session_1766304882216_obhshemzz, Sequence: 16
2025-12-21 13:45:04 : info: [SERVICE] Saving video chunk for session session_1766304882216_obhshemzz
2025-12-21 13:45:04 : info: [SERVICE] Sequence: 16, Size: 124160 bytes
2025-12-21 13:45:04 : info: [SERVICE] Video bytes written: 283846
2025-12-21 13:45:05 : info: [CONTROLLER] Video chunk - Session: session_1766304882216_obhshemzz, Sequence: 17
2025-12-21 13:45:05 : info: [SERVICE] Saving video chunk for session session_1766304882216_obhshemzz
2025-12-21 13:45:05 : info: [SERVICE] Sequence: 17, Size: 228219 bytes
2025-12-21 13:45:05 : info: [SERVICE] Video bytes written: 512065
2025-12-21 13:45:06 : info: [CONTROLLER] Audio chunk - Session: session_1766304882216_obhshemzz, Sequence: 9
2025-12-21 13:45:06 : info: [SERVICE] Saving audio chunk for session session_1766304882216_obhshemzz
2025-12-21 13:45:06 : info: [SERVICE] Sequence: 9, Size: 32844 bytes
2025-12-21 13:45:06 : info: [SERVICE] Audio bytes written: 327634
2025-12-21 13:45:06 : info: [CONTROLLER] Video chunk - Session: session_1766304882216_obhshemzz, Sequence: 18
2025-12-21 13:45:06 : info: [SERVICE] Saving video chunk for session session_1766304882216_obhshemzz
2025-12-21 13:45:06 : info: [SERVICE] Sequence: 18, Size: 163637 bytes
2025-12-21 13:45:06 : info: [SERVICE] Video bytes written: 675702
2025-12-21 13:45:07 : info: [SERVICE] Processing recording for session: session_1766304882216_obhshemzz
2025-12-21 13:45:07 : info: [SERVICE] Active sessions: session_1766304723151_iezoz0g1n, session_1766304882216_obhshemzz
2025-12-21 13:45:07 : info: [SERVICE] Session exists in activeStreams: true
2025-12-21 13:45:07 : info: [SERVICE] Finalizing audio for session session_1766304882216_obhshemzz
2025-12-21 13:45:07 : info: [SERVICE] Total chunks: 10
2025-12-21 13:45:07 : info: [SERVICE] Total bytes: 327634
2025-12-21 13:45:07 : info: [SERVICE] Audio stream closed: W:\GCU\Project\Clueso_clone_example\Clueso_Node_layer\src\uploads\audio_session_1766304882216_obhshemzz.webm
2025-12-21 13:45:07 : info: [SERVICE] Finalizing video for session session_1766304882216_obhshemzz
2025-12-21 13:45:07 : info: [SERVICE] Total chunks: 19
2025-12-21 13:45:07 : info: [SERVICE] Total bytes: 675702
2025-12-21 13:45:07 : info: [SERVICE] Video stream closed: W:\GCU\Project\Clueso_clone_example\Clueso_Node_layer\src\uploads\video_session_1766304882216_obhshemzz.webm
2025-12-21 13:45:07 : info: [SERVICE] finalAudioPath: W:\GCU\Project\Clueso_clone_example\Clueso_Node_layer\src\uploads\audio_session_1766304882216_obhshemzz.webm
2025-12-21 13:45:07 : info: [SERVICE] finalVideoPath: W:\GCU\Project\Clueso_clone_example\Clueso_Node_layer\src\uploads\video_session_1766304882216_obhshemzz.webm
2025-12-21 13:45:07 : info: [SERVICE] Session session_1766304882216_obhshemzz statistics:
2025-12-21 13:45:07 : info: [SERVICE] Video chunks received: 19
2025-12-21 13:45:07 : info: [SERVICE] Audio chunks received: 10
2025-12-21 13:45:07 : info: [SERVICE] Video moved to: W:\GCU\Project\Clueso_clone_example\Clueso_Node_layer\src\recordings\recording_session_1766304882216_obhshemzz_video.webm
2025-12-21 13:45:07 : info: [SERVICE] Audio moved to: W:\GCU\Project\Clueso_clone_example\Clueso_Node_layer\src\recordings\recording_session_1766304882216_obhshemzz_audio.webm
2025-12-21 13:45:07 : info: [SERVICE] Recording saved: recording_session_1766304882216_obhshemzz_1766304907391.json
2025-12-21 13:45:07 : info: [Recording Controller] Broadcasting video to frontend session: session_1766304882216_obhshemzz
2025-12-21 13:45:07 : warn: [Frontend Service] No client connected for session: session_1766304882216_obhshemzz. Buffering video.
2025-12-21 13:45:07 : info: [Frontend Service] Buffered video message for session: session_1766304882216_obhshemzz. Queue size: 1
2025-12-21 13:45:07 : info: [Recording Controller] Processing audio file: W:\GCU\Project\Clueso_clone_example\Clueso_Node_layer\src\recordings\recording_session_1766304882216_obhshemzz_audio.webm
2025-12-21 13:45:07 : info: [Deepgram] Transcribing file: W:\GCU\Project\Clueso_clone_example\Clueso_Node_layer\src\recordings\recording_session_1766304882216_obhshemzz_audio.webm
2025-12-21 13:45:07 : info: [Deepgram] Building transcription options
2025-12-21 13:45:07 : info: [CONTROLLER] Video chunk - Session: session_1766304882216_obhshemzz, Sequence: 19
2025-12-21 13:45:07 : info: [SERVICE] Created video stream for session: session_1766304882216_obhshemzz
2025-12-21 13:45:07 : info: [SERVICE] Saving video chunk for session session_1766304882216_obhshemzz
2025-12-21 13:45:07 : info: [SERVICE] Sequence: 19, Size: 72411 bytes
2025-12-21 13:45:07 : info: [SERVICE] Video bytes written: 72411
2025-12-21 13:45:08 : info: [CONTROLLER] Audio chunk - Session: session_1766304882216_obhshemzz, Sequence: 10
2025-12-21 13:45:08 : info: [SERVICE] Created audio stream for session: session_1766304882216_obhshemzz
2025-12-21 13:45:08 : info: [SERVICE] Saving audio chunk for session session_1766304882216_obhshemzz
2025-12-21 13:45:08 : info: [SERVICE] Sequence: 10, Size: 32844 bytes
2025-12-21 13:45:08 : info: [SERVICE] Audio bytes written: 32844
2025-12-21 13:45:08 : info: [CONTROLLER] Video chunk - Session: session_1766304882216_obhshemzz, Sequence: 20
2025-12-21 13:45:08 : info: [SERVICE] Saving video chunk for session session_1766304882216_obhshemzz
2025-12-21 13:45:08 : info: [SERVICE] Sequence: 20, Size: 14889 bytes
2025-12-21 13:45:08 : info: [SERVICE] Video bytes written: 87300
2025-12-21 13:45:09 : info: [Deepgram] File transcription complete
2025-12-21 13:45:09 : info: [Deepgram] Formatting result
2025-12-21 13:45:09 : info: [Deepgram] Final timeline built with
2025-12-21 13:45:09 : info: [Recording Controller] Transcribed text from Deepgram:
2025-12-21 13:45:09 : info: [Recording Controller] Text: "Okay. Oh, yeah. No. Closer recorder is sharing your screen. The video is getting recorded, but after that, I don't have"
2025-12-21 13:45:09 : info: [Recording Controller] Timeline segments: 6
2025-12-21 13:45:09 : info: [Recording Controller] Metadata: {"transaction_key":"deprecated","request_id":"cc9d2826-c6c8-4975-a429-728aa62f7fb3","sha256":"feff7bb804087f0dc3cceb1ff665c79feae58f160c3f0dd08013132977e1f1f7","created":"2025-12-21T08:15:10.760Z","duration":20.34,"channels":1,"models":["1abfe86b-e047-4eed-858a-35e5625b41ee"],"model_info":{"1abfe86b-e047-4eed-858a-35e5625b41ee":{"name":"2-general-nova","version":"2024-01-06.5664","arch":"nova-2"}}}
2025-12-21 13:45:09 : warn: [Frontend Service] No client connected for session: session_1766304882216_obhshemzz. Buffering audio.
2025-12-21 13:45:09 : info: [Frontend Service] Buffered audio message for session: session_1766304882216_obhshemzz. Queue size: 2
2025-12-21 13:45:09 : info: [Python Controller] Processing with AI:
2025-12-21 13:45:09 : info: [Python Controller] - Text: "Okay. Oh, yeah. No. Closer recorder is sharing your screen. The video is getting recorded, but after..."
2025-12-21 13:45:09 : info: [Python Controller] - DOM Events: 0
2025-12-21 13:45:09 : info: [Python Controller] - Has Deepgram Response: true
2025-12-21 13:45:09 : info: [Python Controller] - Audio Path: W:\GCU\Project\Clueso_clone_example\Clueso_Node_layer\src\recordings\recording_session_1766304882216_obhshemzz_audio.webm
2025-12-21 13:45:09 : info: [Python Controller] - Session ID: session_1766304882216_obhshemzz
2025-12-21 13:45:09 : info: [Python Service] Sending text with 0 DOM events to Python layer
2025-12-21 13:45:09 : info: [CONTROLLER] Video chunk - Session: session_1766304882216_obhshemzz, Sequence: 21
2025-12-21 13:45:09 : info: [SERVICE] Saving video chunk for session session_1766304882216_obhshemzz
2025-12-21 13:45:09 : info: [SERVICE] Sequence: 21, Size: 201511 bytes
2025-12-21 13:45:09 : info: [SERVICE] Video bytes written: 288811
2025-12-21 13:45:09 : info: [CONTROLLER] Video chunk - Session: session_1766304882216_obhshemzz, Sequence: 22
2025-12-21 13:45:09 : info: [SERVICE] Saving video chunk for session session_1766304882216_obhshemzz
2025-12-21 13:45:09 : info: [SERVICE] Sequence: 22, Size: 80788 bytes
2025-12-21 13:45:09 : info: [SERVICE] Video bytes written: 369599
2025-12-21 13:45:10 : info: [CONTROLLER] Audio chunk - Session: session_1766304882216_obhshemzz, Sequence: 11
2025-12-21 13:45:10 : info: [SERVICE] Saving audio chunk for session session_1766304882216_obhshemzz
2025-12-21 13:45:10 : info: [SERVICE] Sequence: 11, Size: 32844 bytes
2025-12-21 13:45:10 : info: [SERVICE] Audio bytes written: 65688
2025-12-21 13:45:11 : error: [Python Service] Error response from Python layer: 500 - {"detail":"Processing failed: Deepgram error 401: {\"err_code\":\"INVALID_AUTH\",\"err_msg\":\"Invalid credentials.\",\"request_id\":\"d750d97c-d469-47ad-84e5-7590bd44b50b\"}"}
2025-12-21 13:45:11 : error: [Python Service] Error sending data to Python layer: Python layer returned error: 500 - {"detail":"Processing failed: Deepgram error 401: {\"err_code\":\"INVALID_AUTH\",\"err_msg\":\"Invalid credentials.\",\"request_id\":\"d750d97c-d469-47ad-84e5-7590bd44b50b\"}"}
2025-12-21 13:45:11 : error: [Python Controller] Error processing with AI: Error: Python layer returned error: 500 - {"detail":"Processing failed: Deepgram error 401: {\"err_code\":\"INVALID_AUTH\",\"err_msg\":\"Invalid credentials.\",\"request_id\":\"d750d97c-d469-47ad-84e5-7590bd44b50b\"}"}
2025-12-21 13:45:11 : warn: [Frontend Service] No client connected for session: session_1766304882216_obhshemzz. Buffering instructions.
2025-12-21 13:45:11 : info: [Frontend Service] Buffered instructions message for session: session_1766304882216_obhshemzz. Queue size: 3
2025-12-21 13:45:11 : warn: [Recording Controller] Python processing failed, triggering DOM events fallback
2025-12-21 13:45:11 : warn: [Frontend Service] No DOM events available for fallback for session: session_1766304882216_obhshemzz
2025-12-21 13:45:12 : info: [Frontend Service] Client connected: wDq_URJN1WFpH2XHAAAN
2025-12-21 13:45:12 : info: [Frontend Service] Client wDq_URJN1WFpH2XHAAAN registered for session: session_1766304882216_obhshemzz
2025-12-21 13:45:12 : info: [Frontend Service] Flushing 3 buffered messages for session: session_1766304882216_obhshemzz
2025-12-21 13:45:12 : info: [Frontend Service] Sending buffered video to session: session_1766304882216_obhshemzz
2025-12-21 13:45:12 : info: [Frontend Service] Sending buffered audio to session: session_1766304882216_obhshemzz
2025-12-21 13:45:12 : info: [Frontend Service] Sending buffered instructions to session: session_1766304882216_obhshemzz
2025-12-21 13:45:52 : info: [Frontend Service] Client disconnected and removed from session: session_1766304882216_obhshemzz
2025-12-21 13:48:34 : info: [CONTROLLER] Video chunk - Session: session_1766305105263_tjmzjplll, Sequence: 0
2025-12-21 13:48:34 : info: [SERVICE] Created video stream for session: session_1766305105263_tjmzjplll
2025-12-21 13:48:34 : info: [SERVICE] Saving video chunk for session session_1766305105263_tjmzjplll
2025-12-21 13:48:34 : info: [SERVICE] Sequence: 0, Size: 69780 bytes
2025-12-21 13:48:34 : info: [SERVICE] Video bytes written: 69780
2025-12-21 13:48:35 : info: [CONTROLLER] Audio chunk - Session: session_1766305105263_tjmzjplll, Sequence: 0
2025-12-21 13:48:35 : info: [SERVICE] Created audio stream for session: session_1766305105263_tjmzjplll
2025-12-21 13:48:35 : info: [SERVICE] Saving audio chunk for session session_1766305105263_tjmzjplll
2025-12-21 13:48:35 : info: [SERVICE] Sequence: 0, Size: 32038 bytes
2025-12-21 13:48:35 : info: [SERVICE] Audio bytes written: 32038
2025-12-21 13:48:35 : info: [CONTROLLER] Video chunk - Session: session_1766305105263_tjmzjplll, Sequence: 1
2025-12-21 13:48:35 : info: [SERVICE] Saving video chunk for session session_1766305105263_tjmzjplll
2025-12-21 13:48:35 : info: [SERVICE] Sequence: 1, Size: 6764 bytes
2025-12-21 13:48:35 : info: [SERVICE] Video bytes written: 76544
2025-12-21 13:48:36 : info: [CONTROLLER] Video chunk - Session: session_1766305105263_tjmzjplll, Sequence: 2
2025-12-21 13:48:36 : info: [SERVICE] Saving video chunk for session session_1766305105263_tjmzjplll
2025-12-21 13:48:36 : info: [SERVICE] Sequence: 2, Size: 8501 bytes
2025-12-21 13:48:36 : info: [SERVICE] Video bytes written: 85045
2025-12-21 13:48:37 : info: [CONTROLLER] Audio chunk - Session: session_1766305105263_tjmzjplll, Sequence: 1
2025-12-21 13:48:37 : info: [SERVICE] Saving audio chunk for session session_1766305105263_tjmzjplll
2025-12-21 13:48:37 : info: [SERVICE] Sequence: 1, Size: 32844 bytes
2025-12-21 13:48:37 : info: [SERVICE] Audio bytes written: 64882
2025-12-21 13:48:37 : info: [CONTROLLER] Video chunk - Session: session_1766305105263_tjmzjplll, Sequence: 3
2025-12-21 13:48:37 : info: [SERVICE] Saving video chunk for session session_1766305105263_tjmzjplll
2025-12-21 13:48:37 : info: [SERVICE] Sequence: 3, Size: 7879 bytes
2025-12-21 13:48:37 : info: [SERVICE] Video bytes written: 92924
2025-12-21 13:48:38 : info: [CONTROLLER] Video chunk - Session: session_1766305105263_tjmzjplll, Sequence: 4
2025-12-21 13:48:38 : info: [SERVICE] Saving video chunk for session session_1766305105263_tjmzjplll
2025-12-21 13:48:38 : info: [SERVICE] Sequence: 4, Size: 2385 bytes
2025-12-21 13:48:38 : info: [SERVICE] Video bytes written: 95309
2025-12-21 13:48:39 : info: [CONTROLLER] Audio chunk - Session: session_1766305105263_tjmzjplll, Sequence: 2
2025-12-21 13:48:39 : info: [SERVICE] Saving audio chunk for session session_1766305105263_tjmzjplll
2025-12-21 13:48:39 : info: [SERVICE] Sequence: 2, Size: 32844 bytes
2025-12-21 13:48:39 : info: [SERVICE] Audio bytes written: 97726
2025-12-21 13:48:39 : info: [CONTROLLER] Video chunk - Session: session_1766305105263_tjmzjplll, Sequence: 5
2025-12-21 13:48:39 : info: [SERVICE] Saving video chunk for session session_1766305105263_tjmzjplll
2025-12-21 13:48:39 : info: [SERVICE] Sequence: 5, Size: 39077 bytes
2025-12-21 13:48:39 : info: [SERVICE] Video bytes written: 134386
2025-12-21 13:48:40 : info: [CONTROLLER] Video chunk - Session: session_1766305105263_tjmzjplll, Sequence: 6
2025-12-21 13:48:40 : info: [SERVICE] Saving video chunk for session session_1766305105263_tjmzjplll
2025-12-21 13:48:40 : info: [SERVICE] Sequence: 6, Size: 154 bytes
2025-12-21 13:48:40 : info: [SERVICE] Video bytes written: 134540
2025-12-21 13:48:41 : info: [CONTROLLER] Audio chunk - Session: session_1766305105263_tjmzjplll, Sequence: 3
2025-12-21 13:48:41 : info: [SERVICE] Saving audio chunk for session session_1766305105263_tjmzjplll
2025-12-21 13:48:41 : info: [SERVICE] Sequence: 3, Size: 32844 bytes
2025-12-21 13:48:41 : info: [SERVICE] Audio bytes written: 130570
2025-12-21 13:48:41 : info: [CONTROLLER] Video chunk - Session: session_1766305105263_tjmzjplll, Sequence: 7
2025-12-21 13:48:41 : info: [SERVICE] Saving video chunk for session session_1766305105263_tjmzjplll
2025-12-21 13:48:41 : info: [SERVICE] Sequence: 7, Size: 163 bytes
2025-12-21 13:48:41 : info: [SERVICE] Video bytes written: 134703
2025-12-21 13:48:42 : info: [CONTROLLER] Video chunk - Session: session_1766305105263_tjmzjplll, Sequence: 8
2025-12-21 13:48:42 : info: [SERVICE] Saving video chunk for session session_1766305105263_tjmzjplll
2025-12-21 13:48:42 : info: [SERVICE] Sequence: 8, Size: 173 bytes
2025-12-21 13:48:42 : info: [SERVICE] Video bytes written: 134876
2025-12-21 13:48:43 : info: [CONTROLLER] Audio chunk - Session: session_1766305105263_tjmzjplll, Sequence: 4
2025-12-21 13:48:43 : info: [SERVICE] Saving audio chunk for session session_1766305105263_tjmzjplll
2025-12-21 13:48:43 : info: [SERVICE] Sequence: 4, Size: 32844 bytes
2025-12-21 13:48:43 : info: [SERVICE] Audio bytes written: 163414
2025-12-21 13:48:43 : info: [CONTROLLER] Video chunk - Session: session_1766305105263_tjmzjplll, Sequence: 9
2025-12-21 13:48:43 : info: [SERVICE] Saving video chunk for session session_1766305105263_tjmzjplll
2025-12-21 13:48:43 : info: [SERVICE] Sequence: 9, Size: 660 bytes
2025-12-21 13:48:43 : info: [SERVICE] Video bytes written: 135536
2025-12-21 13:48:44 : info: [CONTROLLER] Video chunk - Session: session_1766305105263_tjmzjplll, Sequence: 10
2025-12-21 13:48:44 : info: [SERVICE] Saving video chunk for session session_1766305105263_tjmzjplll
2025-12-21 13:48:44 : info: [SERVICE] Sequence: 10, Size: 3022 bytes
2025-12-21 13:48:44 : info: [SERVICE] Video bytes written: 138558
2025-12-21 13:48:45 : info: [CONTROLLER] Audio chunk - Session: session_1766305105263_tjmzjplll, Sequence: 5
2025-12-21 13:48:45 : info: [SERVICE] Saving audio chunk for session session_1766305105263_tjmzjplll
2025-12-21 13:48:45 : info: [SERVICE] Sequence: 5, Size: 32844 bytes
2025-12-21 13:48:45 : info: [SERVICE] Audio bytes written: 196258
2025-12-21 13:48:45 : info: [CONTROLLER] Video chunk - Session: session_1766305105263_tjmzjplll, Sequence: 11
2025-12-21 13:48:45 : info: [SERVICE] Saving video chunk for session session_1766305105263_tjmzjplll
2025-12-21 13:48:45 : info: [SERVICE] Sequence: 11, Size: 7670 bytes
2025-12-21 13:48:45 : info: [SERVICE] Video bytes written: 146228
2025-12-21 13:48:46 : info: [CONTROLLER] Video chunk - Session: session_1766305105263_tjmzjplll, Sequence: 12
2025-12-21 13:48:46 : info: [SERVICE] Saving video chunk for session session_1766305105263_tjmzjplll
2025-12-21 13:48:46 : info: [SERVICE] Sequence: 12, Size: 10869 bytes
2025-12-21 13:48:46 : info: [SERVICE] Video bytes written: 157097
2025-12-21 13:48:47 : info: [CONTROLLER] Audio chunk - Session: session_1766305105263_tjmzjplll, Sequence: 6
2025-12-21 13:48:47 : info: [SERVICE] Saving audio chunk for session session_1766305105263_tjmzjplll
2025-12-21 13:48:47 : info: [SERVICE] Sequence: 6, Size: 32844 bytes
2025-12-21 13:48:47 : info: [SERVICE] Audio bytes written: 229102
2025-12-21 13:48:47 : info: [CONTROLLER] Video chunk - Session: session_1766305105263_tjmzjplll, Sequence: 13
2025-12-21 13:48:47 : info: [SERVICE] Saving video chunk for session session_1766305105263_tjmzjplll
2025-12-21 13:48:47 : info: [SERVICE] Sequence: 13, Size: 335 bytes
2025-12-21 13:48:47 : info: [SERVICE] Video bytes written: 157432
2025-12-21 13:48:48 : info: [CONTROLLER] Video chunk - Session: session_1766305105263_tjmzjplll, Sequence: 14
2025-12-21 13:48:48 : info: [SERVICE] Saving video chunk for session session_1766305105263_tjmzjplll
2025-12-21 13:48:48 : info: [SERVICE] Sequence: 14, Size: 75858 bytes
2025-12-21 13:48:48 : info: [SERVICE] Video bytes written: 233290
2025-12-21 13:48:49 : info: [CONTROLLER] Audio chunk - Session: session_1766305105263_tjmzjplll, Sequence: 7
2025-12-21 13:48:49 : info: [SERVICE] Saving audio chunk for session session_1766305105263_tjmzjplll
2025-12-21 13:48:49 : info: [SERVICE] Sequence: 7, Size: 32844 bytes
2025-12-21 13:48:49 : info: [SERVICE] Audio bytes written: 261946
2025-12-21 13:48:50 : info: [CONTROLLER] Video chunk - Session: session_1766305105263_tjmzjplll, Sequence: 15
2025-12-21 13:48:50 : info: [SERVICE] Saving video chunk for session session_1766305105263_tjmzjplll
2025-12-21 13:48:50 : info: [SERVICE] Sequence: 15, Size: 78297 bytes
2025-12-21 13:48:50 : info: [SERVICE] Video bytes written: 311587
2025-12-21 13:48:51 : info: [CONTROLLER] Video chunk - Session: session_1766305105263_tjmzjplll, Sequence: 16
2025-12-21 13:48:51 : info: [SERVICE] Saving video chunk for session session_1766305105263_tjmzjplll
2025-12-21 13:48:51 : info: [SERVICE] Sequence: 16, Size: 7758 bytes
2025-12-21 13:48:51 : info: [SERVICE] Video bytes written: 319345
2025-12-21 13:48:51 : info: [CONTROLLER] Audio chunk - Session: session_1766305105263_tjmzjplll, Sequence: 8
2025-12-21 13:48:51 : info: [SERVICE] Saving audio chunk for session session_1766305105263_tjmzjplll
2025-12-21 13:48:51 : info: [SERVICE] Sequence: 8, Size: 32844 bytes
2025-12-21 13:48:51 : info: [SERVICE] Audio bytes written: 294790
2025-12-21 13:48:52 : info: [CONTROLLER] Video chunk - Session: session_1766305105263_tjmzjplll, Sequence: 17
2025-12-21 13:48:52 : info: [SERVICE] Saving video chunk for session session_1766305105263_tjmzjplll
2025-12-21 13:48:52 : info: [SERVICE] Sequence: 17, Size: 211377 bytes
2025-12-21 13:48:52 : info: [SERVICE] Video bytes written: 530722
2025-12-21 13:48:53 : info: [CONTROLLER] Video chunk - Session: session_1766305105263_tjmzjplll, Sequence: 18
2025-12-21 13:48:53 : info: [SERVICE] Saving video chunk for session session_1766305105263_tjmzjplll
2025-12-21 13:48:53 : info: [SERVICE] Sequence: 18, Size: 163027 bytes
2025-12-21 13:48:53 : info: [SERVICE] Video bytes written: 693749
2025-12-21 13:48:53 : info: [SERVICE] Processing recording for session: session_1766305105263_tjmzjplll
2025-12-21 13:48:53 : info: [SERVICE] Active sessions: session_1766304723151_iezoz0g1n, session_1766304882216_obhshemzz, session_1766305105263_tjmzjplll
2025-12-21 13:48:53 : info: [SERVICE] Session exists in activeStreams: true
2025-12-21 13:48:53 : info: [SERVICE] Finalizing audio for session session_1766305105263_tjmzjplll
2025-12-21 13:48:53 : info: [SERVICE] Total chunks: 9
2025-12-21 13:48:53 : info: [SERVICE] Total bytes: 294790
2025-12-21 13:48:53 : info: [SERVICE] Audio stream closed: W:\GCU\Project\Clueso_clone_example\Clueso_Node_layer\src\uploads\audio_session_1766305105263_tjmzjplll.webm
2025-12-21 13:48:53 : info: [SERVICE] Finalizing video for session session_1766305105263_tjmzjplll
2025-12-21 13:48:53 : info: [SERVICE] Total chunks: 19
2025-12-21 13:48:53 : info: [SERVICE] Total bytes: 693749
2025-12-21 13:48:53 : info: [SERVICE] Video stream closed: W:\GCU\Project\Clueso_clone_example\Clueso_Node_layer\src\uploads\video_session_1766305105263_tjmzjplll.webm
2025-12-21 13:48:53 : info: [SERVICE] finalAudioPath: W:\GCU\Project\Clueso_clone_example\Clueso_Node_layer\src\uploads\audio_session_1766305105263_tjmzjplll.webm
2025-12-21 13:48:53 : info: [SERVICE] finalVideoPath: W:\GCU\Project\Clueso_clone_example\Clueso_Node_layer\src\uploads\video_session_1766305105263_tjmzjplll.webm
2025-12-21 13:48:53 : info: [SERVICE] Session session_1766305105263_tjmzjplll statistics:
2025-12-21 13:48:53 : info: [SERVICE] Video chunks received: 19
2025-12-21 13:48:53 : info: [SERVICE] Audio chunks received: 9
2025-12-21 13:48:53 : info: [SERVICE] Video moved to: W:\GCU\Project\Clueso_clone_example\Clueso_Node_layer\src\recordings\recording_session_1766305105263_tjmzjplll_video.webm
2025-12-21 13:48:53 : info: [SERVICE] Audio moved to: W:\GCU\Project\Clueso_clone_example\Clueso_Node_layer\src\recordings\recording_session_1766305105263_tjmzjplll_audio.webm
2025-12-21 13:48:53 : info: [SERVICE] Recording saved: recording_session_1766305105263_tjmzjplll_1766305133328.json
2025-12-21 13:48:53 : info: [Recording Controller] Broadcasting video to frontend session: session_1766305105263_tjmzjplll
2025-12-21 13:48:53 : warn: [Frontend Service] No client connected for session: session_1766305105263_tjmzjplll. Buffering video.
2025-12-21 13:48:53 : info: [Frontend Service] Buffered video message for session: session_1766305105263_tjmzjplll. Queue size: 1
2025-12-21 13:48:53 : info: [Recording Controller] Processing audio file: W:\GCU\Project\Clueso_clone_example\Clueso_Node_layer\src\recordings\recording_session_1766305105263_tjmzjplll_audio.webm
2025-12-21 13:48:53 : info: [Deepgram] Transcribing file: W:\GCU\Project\Clueso_clone_example\Clueso_Node_layer\src\recordings\recording_session_1766305105263_tjmzjplll_audio.webm
2025-12-21 13:48:53 : info: [Deepgram] Building transcription options
2025-12-21 13:48:53 : info: [CONTROLLER] Audio chunk - Session: session_1766305105263_tjmzjplll, Sequence: 9
2025-12-21 13:48:53 : info: [SERVICE] Created audio stream for session: session_1766305105263_tjmzjplll
2025-12-21 13:48:53 : info: [SERVICE] Saving audio chunk for session session_1766305105263_tjmzjplll
2025-12-21 13:48:53 : info: [SERVICE] Sequence: 9, Size: 32844 bytes
2025-12-21 13:48:53 : info: [SERVICE] Audio bytes written: 32844
2025-12-21 13:48:54 : info: [CONTROLLER] Video chunk - Session: session_1766305105263_tjmzjplll, Sequence: 19
2025-12-21 13:48:54 : info: [SERVICE] Created video stream for session: session_1766305105263_tjmzjplll
2025-12-21 13:48:54 : info: [SERVICE] Saving video chunk for session session_1766305105263_tjmzjplll
2025-12-21 13:48:54 : info: [SERVICE] Sequence: 19, Size: 215004 bytes
2025-12-21 13:48:54 : info: [SERVICE] Video bytes written: 215004
2025-12-21 13:48:55 : info: [CONTROLLER] Video chunk - Session: session_1766305105263_tjmzjplll, Sequence: 20
2025-12-21 13:48:55 : info: [SERVICE] Saving video chunk for session session_1766305105263_tjmzjplll
2025-12-21 13:48:55 : info: [SERVICE] Sequence: 20, Size: 211991 bytes
2025-12-21 13:48:55 : info: [SERVICE] Video bytes written: 426995
2025-12-21 13:48:55 : info: [Deepgram] File transcription complete
2025-12-21 13:48:55 : info: [Deepgram] Formatting result
2025-12-21 13:48:55 : info: [Deepgram] Final timeline built with
2025-12-21 13:48:55 : info: [Recording Controller] Transcribed text from Deepgram:
2025-12-21 13:48:55 : info: [Recording Controller] Text: ""
2025-12-21 13:48:55 : info: [Recording Controller] Timeline segments: 0
2025-12-21 13:48:55 : info: [Recording Controller] Metadata: {"transaction_key":"deprecated","request_id":"f0873706-f53d-459a-95a2-06a1909b3512","sha256":"648ea5f9116dbaff91ff1b1b17deda1c108b5c91970655cf51e6120a5a1e7415","created":"2025-12-21T08:18:57.102Z","duration":18.3,"channels":1,"models":["1abfe86b-e047-4eed-858a-35e5625b41ee"],"model_info":{"1abfe86b-e047-4eed-858a-35e5625b41ee":{"name":"2-general-nova","version":"2024-01-06.5664","arch":"nova-2"}}}
2025-12-21 13:48:55 : warn: [Frontend Service] No client connected for session: session_1766305105263_tjmzjplll. Buffering audio.
2025-12-21 13:48:55 : info: [Frontend Service] Buffered audio message for session: session_1766305105263_tjmzjplll. Queue size: 2
2025-12-21 13:48:55 : warn: [Recording Controller] No transcription available, triggering DOM events fallback
2025-12-21 13:48:55 : warn: [Frontend Service] No DOM events available for fallback for session: session_1766305105263_tjmzjplll
2025-12-21 13:48:56 : info: [Frontend Service] Client connected: SFaK1N9pOeJc7SO0AAAP
2025-12-21 13:48:56 : info: [Frontend Service] Client SFaK1N9pOeJc7SO0AAAP registered for session: session_1766305105263_tjmzjplll
2025-12-21 13:48:56 : info: [Frontend Service] Flushing 2 buffered messages for session: session_1766305105263_tjmzjplll
2025-12-21 13:48:56 : info: [Frontend Service] Sending buffered video to session: session_1766305105263_tjmzjplll
2025-12-21 13:48:56 : info: [Frontend Service] Sending buffered audio to session: session_1766305105263_tjmzjplll
2025-12-21 13:49:11 : info: [Frontend Service] Client disconnected and removed from session: session_1766305105263_tjmzjplll
2025-12-21 13:49:22 : info: [CONTROLLER] Video chunk - Session: session_1766305158404_thisldqh9, Sequence: 0
2025-12-21 13:49:22 : info: [SERVICE] Created video stream for session: session_1766305158404_thisldqh9
2025-12-21 13:49:22 : info: [SERVICE] Saving video chunk for session session_1766305158404_thisldqh9
2025-12-21 13:49:22 : info: [SERVICE] Sequence: 0, Size: 28672 bytes
2025-12-21 13:49:22 : info: [SERVICE] Video bytes written: 28672
2025-12-21 13:49:23 : info: [CONTROLLER] Audio chunk - Session: session_1766305158404_thisldqh9, Sequence: 0
2025-12-21 13:49:23 : info: [SERVICE] Created audio stream for session: session_1766305158404_thisldqh9
2025-12-21 13:49:23 : info: [SERVICE] Saving audio chunk for session session_1766305158404_thisldqh9
2025-12-21 13:49:23 : info: [SERVICE] Sequence: 0, Size: 32038 bytes
2025-12-21 13:49:23 : info: [SERVICE] Audio bytes written: 32038
2025-12-21 13:49:23 : info: [CONTROLLER] Video chunk - Session: session_1766305158404_thisldqh9, Sequence: 1
2025-12-21 13:49:23 : info: [SERVICE] Saving video chunk for session session_1766305158404_thisldqh9
2025-12-21 13:49:23 : info: [SERVICE] Sequence: 1, Size: 33594 bytes
2025-12-21 13:49:23 : info: [SERVICE] Video bytes written: 62266
2025-12-21 13:49:24 : info: [CONTROLLER] Video chunk - Session: session_1766305158404_thisldqh9, Sequence: 2
2025-12-21 13:49:24 : info: [SERVICE] Saving video chunk for session session_1766305158404_thisldqh9
2025-12-21 13:49:24 : info: [SERVICE] Sequence: 2, Size: 432 bytes
2025-12-21 13:49:24 : info: [SERVICE] Video bytes written: 62698
2025-12-21 13:49:25 : info: [CONTROLLER] Audio chunk - Session: session_1766305158404_thisldqh9, Sequence: 1
2025-12-21 13:49:25 : info: [SERVICE] Saving audio chunk for session session_1766305158404_thisldqh9
2025-12-21 13:49:25 : info: [SERVICE] Sequence: 1, Size: 32844 bytes
2025-12-21 13:49:25 : info: [SERVICE] Audio bytes written: 64882
2025-12-21 13:49:25 : info: [CONTROLLER] Video chunk - Session: session_1766305158404_thisldqh9, Sequence: 3
2025-12-21 13:49:25 : info: [SERVICE] Saving video chunk for session session_1766305158404_thisldqh9
2025-12-21 13:49:25 : info: [SERVICE] Sequence: 3, Size: 2138 bytes
2025-12-21 13:49:25 : info: [SERVICE] Video bytes written: 64836
2025-12-21 13:49:26 : info: [CONTROLLER] Video chunk - Session: session_1766305158404_thisldqh9, Sequence: 4
2025-12-21 13:49:26 : info: [SERVICE] Saving video chunk for session session_1766305158404_thisldqh9
2025-12-21 13:49:26 : info: [SERVICE] Sequence: 4, Size: 6639 bytes
2025-12-21 13:49:26 : info: [SERVICE] Video bytes written: 71475
2025-12-21 13:49:27 : info: [CONTROLLER] Audio chunk - Session: session_1766305158404_thisldqh9, Sequence: 2
2025-12-21 13:49:27 : info: [SERVICE] Saving audio chunk for session session_1766305158404_thisldqh9
2025-12-21 13:49:27 : info: [SERVICE] Sequence: 2, Size: 32844 bytes
2025-12-21 13:49:27 : info: [SERVICE] Audio bytes written: 97726
2025-12-21 13:49:27 : info: [CONTROLLER] Video chunk - Session: session_1766305158404_thisldqh9, Sequence: 5
2025-12-21 13:49:27 : info: [SERVICE] Saving video chunk for session session_1766305158404_thisldqh9
2025-12-21 13:49:27 : info: [SERVICE] Sequence: 5, Size: 7114 bytes
2025-12-21 13:49:27 : info: [SERVICE] Video bytes written: 78589
2025-12-21 13:49:28 : info: [CONTROLLER] Video chunk - Session: session_1766305158404_thisldqh9, Sequence: 6
2025-12-21 13:49:28 : info: [SERVICE] Saving video chunk for session session_1766305158404_thisldqh9
2025-12-21 13:49:28 : info: [SERVICE] Sequence: 6, Size: 7832 bytes
2025-12-21 13:49:28 : info: [SERVICE] Video bytes written: 86421
2025-12-21 13:49:29 : info: [CONTROLLER] Audio chunk - Session: session_1766305158404_thisldqh9, Sequence: 3
2025-12-21 13:49:29 : info: [SERVICE] Saving audio chunk for session session_1766305158404_thisldqh9
2025-12-21 13:49:29 : info: [SERVICE] Sequence: 3, Size: 32844 bytes
2025-12-21 13:49:29 : info: [SERVICE] Audio bytes written: 130570
2025-12-21 13:49:29 : info: [CONTROLLER] Video chunk - Session: session_1766305158404_thisldqh9, Sequence: 7
2025-12-21 13:49:29 : info: [SERVICE] Saving video chunk for session session_1766305158404_thisldqh9
2025-12-21 13:49:29 : info: [SERVICE] Sequence: 7, Size: 9603 bytes
2025-12-21 13:49:29 : info: [SERVICE] Video bytes written: 96024
2025-12-21 13:49:30 : info: [CONTROLLER] Video chunk - Session: session_1766305158404_thisldqh9, Sequence: 8
2025-12-21 13:49:30 : info: [SERVICE] Saving video chunk for session session_1766305158404_thisldqh9
2025-12-21 13:49:30 : info: [SERVICE] Sequence: 8, Size: 424 bytes
2025-12-21 13:49:30 : info: [SERVICE] Video bytes written: 96448
2025-12-21 13:49:31 : info: [CONTROLLER] Audio chunk - Session: session_1766305158404_thisldqh9, Sequence: 4
2025-12-21 13:49:31 : info: [SERVICE] Saving audio chunk for session session_1766305158404_thisldqh9
2025-12-21 13:49:31 : info: [SERVICE] Sequence: 4, Size: 32844 bytes
2025-12-21 13:49:31 : info: [SERVICE] Audio bytes written: 163414
2025-12-21 13:49:31 : info: [CONTROLLER] Video chunk - Session: session_1766305158404_thisldqh9, Sequence: 9
2025-12-21 13:49:31 : info: [SERVICE] Saving video chunk for session session_1766305158404_thisldqh9
2025-12-21 13:49:31 : info: [SERVICE] Sequence: 9, Size: 36196 bytes
2025-12-21 13:49:31 : info: [SERVICE] Video bytes written: 132644
2025-12-21 13:49:32 : info: [CONTROLLER] Video chunk - Session: session_1766305158404_thisldqh9, Sequence: 10
2025-12-21 13:49:32 : info: [SERVICE] Saving video chunk for session session_1766305158404_thisldqh9
2025-12-21 13:49:32 : info: [SERVICE] Sequence: 10, Size: 37712 bytes
2025-12-21 13:49:32 : info: [SERVICE] Video bytes written: 170356
2025-12-21 13:49:33 : info: [CONTROLLER] Audio chunk - Session: session_1766305158404_thisldqh9, Sequence: 5
2025-12-21 13:49:33 : info: [SERVICE] Saving audio chunk for session session_1766305158404_thisldqh9
2025-12-21 13:49:33 : info: [SERVICE] Sequence: 5, Size: 32844 bytes
2025-12-21 13:49:33 : info: [SERVICE] Audio bytes written: 196258
2025-12-21 13:49:33 : info: [CONTROLLER] Video chunk - Session: session_1766305158404_thisldqh9, Sequence: 11
2025-12-21 13:49:33 : info: [SERVICE] Saving video chunk for session session_1766305158404_thisldqh9
2025-12-21 13:49:33 : info: [SERVICE] Sequence: 11, Size: 135600 bytes
2025-12-21 13:49:33 : info: [SERVICE] Video bytes written: 305956
2025-12-21 13:49:33 : info: [SERVICE] Processing recording for session: session_1766305158404_thisldqh9
2025-12-21 13:49:33 : info: [SERVICE] Active sessions: session_1766304723151_iezoz0g1n, session_1766304882216_obhshemzz, session_1766305105263_tjmzjplll, session_1766305158404_thisldqh9
2025-12-21 13:49:33 : info: [SERVICE] Session exists in activeStreams: true
2025-12-21 13:49:33 : info: [SERVICE] Finalizing audio for session session_1766305158404_thisldqh9
2025-12-21 13:49:33 : info: [SERVICE] Total chunks: 6
2025-12-21 13:49:33 : info: [SERVICE] Total bytes: 196258
2025-12-21 13:49:33 : info: [SERVICE] Audio stream closed: W:\GCU\Project\Clueso_clone_example\Clueso_Node_layer\src\uploads\audio_session_1766305158404_thisldqh9.webm
2025-12-21 13:49:33 : info: [SERVICE] Finalizing video for session session_1766305158404_thisldqh9
2025-12-21 13:49:33 : info: [SERVICE] Total chunks: 12
2025-12-21 13:49:33 : info: [SERVICE] Total bytes: 305956
2025-12-21 13:49:33 : info: [SERVICE] Video stream closed: W:\GCU\Project\Clueso_clone_example\Clueso_Node_layer\src\uploads\video_session_1766305158404_thisldqh9.webm
2025-12-21 13:49:33 : info: [SERVICE] finalAudioPath: W:\GCU\Project\Clueso_clone_example\Clueso_Node_layer\src\uploads\audio_session_1766305158404_thisldqh9.webm
2025-12-21 13:49:33 : info: [SERVICE] finalVideoPath: W:\GCU\Project\Clueso_clone_example\Clueso_Node_layer\src\uploads\video_session_1766305158404_thisldqh9.webm
2025-12-21 13:49:33 : info: [SERVICE] Session session_1766305158404_thisldqh9 statistics:
2025-12-21 13:49:33 : info: [SERVICE] Video chunks received: 12
2025-12-21 13:49:33 : info: [SERVICE] Audio chunks received: 6
2025-12-21 13:49:33 : info: [SERVICE] Video moved to: W:\GCU\Project\Clueso_clone_example\Clueso_Node_layer\src\recordings\recording_session_1766305158404_thisldqh9_video.webm
2025-12-21 13:49:33 : info: [SERVICE] Audio moved to: W:\GCU\Project\Clueso_clone_example\Clueso_Node_layer\src\recordings\recording_session_1766305158404_thisldqh9_audio.webm
2025-12-21 13:49:33 : info: [SERVICE] Recording saved: recording_session_1766305158404_thisldqh9_1766305173909.json
2025-12-21 13:49:33 : info: [Recording Controller] Broadcasting video to frontend session: session_1766305158404_thisldqh9
2025-12-21 13:49:33 : warn: [Frontend Service] No client connected for session: session_1766305158404_thisldqh9. Buffering video.
2025-12-21 13:49:33 : info: [Frontend Service] Buffered video message for session: session_1766305158404_thisldqh9. Queue size: 1
2025-12-21 13:49:33 : info: [Recording Controller] Processing audio file: W:\GCU\Project\Clueso_clone_example\Clueso_Node_layer\src\recordings\recording_session_1766305158404_thisldqh9_audio.webm
2025-12-21 13:49:33 : info: [Deepgram] Transcribing file: W:\GCU\Project\Clueso_clone_example\Clueso_Node_layer\src\recordings\recording_session_1766305158404_thisldqh9_audio.webm
2025-12-21 13:49:33 : info: [Deepgram] Building transcription options
2025-12-21 13:49:34 : info: [CONTROLLER] Video chunk - Session: session_1766305158404_thisldqh9, Sequence: 12
2025-12-21 13:49:34 : info: [SERVICE] Created video stream for session: session_1766305158404_thisldqh9
2025-12-21 13:49:34 : info: [SERVICE] Saving video chunk for session session_1766305158404_thisldqh9
2025-12-21 13:49:34 : info: [SERVICE] Sequence: 12, Size: 223538 bytes
2025-12-21 13:49:34 : info: [SERVICE] Video bytes written: 223538
2025-12-21 13:49:35 : info: [CONTROLLER] Video chunk - Session: session_1766305158404_thisldqh9, Sequence: 13
2025-12-21 13:49:35 : info: [SERVICE] Saving video chunk for session session_1766305158404_thisldqh9
2025-12-21 13:49:35 : info: [SERVICE] Sequence: 13, Size: 151931 bytes
2025-12-21 13:49:35 : info: [SERVICE] Video bytes written: 375469
2025-12-21 13:49:35 : info: [CONTROLLER] Audio chunk - Session: session_1766305158404_thisldqh9, Sequence: 6
2025-12-21 13:49:35 : info: [SERVICE] Created audio stream for session: session_1766305158404_thisldqh9
2025-12-21 13:49:35 : info: [SERVICE] Saving audio chunk for session session_1766305158404_thisldqh9
2025-12-21 13:49:35 : info: [SERVICE] Sequence: 6, Size: 32844 bytes
2025-12-21 13:49:35 : info: [Deepgram] File transcription complete
2025-12-21 13:49:35 : info: [Deepgram] Formatting result
2025-12-21 13:49:35 : info: [Deepgram] Final timeline built with
2025-12-21 13:49:35 : info: [Recording Controller] Transcribed text from Deepgram:
2025-12-21 13:49:35 : info: [Recording Controller] Text: "There you go. Clues, uh, Clueso dashboard. Uh, Clueso dashboard. Uh, screen recording and instruction viewer."
2025-12-21 13:49:35 : info: [Recording Controller] Timeline segments: 5
2025-12-21 13:49:35 : info: [Recording Controller] Metadata: {"transaction_key":"deprecated","request_id":"bfbf5f2e-aa2b-4a37-953e-4b0205ef2213","sha256":"e12aeb3f6f0979b7b6382e456bf634c662a2b56830afb778d3d34efe0dcf7be5","created":"2025-12-21T08:19:36.884Z","duration":12.18,"channels":1,"models":["1abfe86b-e047-4eed-858a-35e5625b41ee"],"model_info":{"1abfe86b-e047-4eed-858a-35e5625b41ee":{"name":"2-general-nova","version":"2024-01-06.5664","arch":"nova-2"}}}
2025-12-21 13:49:35 : warn: [Frontend Service] No client connected for session: session_1766305158404_thisldqh9. Buffering audio.
2025-12-21 13:49:35 : info: [Frontend Service] Buffered audio message for session: session_1766305158404_thisldqh9. Queue size: 2
2025-12-21 13:49:35 : info: [Python Controller] Processing with AI:
2025-12-21 13:49:35 : info: [Python Controller] - Text: "There you go. Clues, uh, Clueso dashboard. Uh, Clueso dashboard. Uh, screen recording and instructio..."
2025-12-21 13:49:35 : info: [Python Controller] - DOM Events: 0
2025-12-21 13:49:35 : info: [Python Controller] - Has Deepgram Response: true
2025-12-21 13:49:35 : info: [Python Controller] - Audio Path: W:\GCU\Project\Clueso_clone_example\Clueso_Node_layer\src\recordings\recording_session_1766305158404_thisldqh9_audio.webm
2025-12-21 13:49:35 : info: [Python Controller] - Session ID: session_1766305158404_thisldqh9
2025-12-21 13:49:35 : info: [Python Service] Sending text with 0 DOM events to Python layer
2025-12-21 13:49:35 : info: [SERVICE] Audio bytes written: 32844
2025-12-21 13:49:37 : error: [Python Service] Error response from Python layer: 500 - {"detail":"Processing failed: Deepgram error 401: {\"err_code\":\"INVALID_AUTH\",\"err_msg\":\"Invalid credentials.\",\"request_id\":\"3a1051aa-961c-4636-8938-2192205e90a2\"}"}
2025-12-21 13:49:37 : error: [Python Service] Error sending data to Python layer: Python layer returned error: 500 - {"detail":"Processing failed: Deepgram error 401: {\"err_code\":\"INVALID_AUTH\",\"err_msg\":\"Invalid credentials.\",\"request_id\":\"3a1051aa-961c-4636-8938-2192205e90a2\"}"}
2025-12-21 13:49:37 : error: [Python Controller] Error processing with AI: Error: Python layer returned error: 500 - {"detail":"Processing failed: Deepgram error 401: {\"err_code\":\"INVALID_AUTH\",\"err_msg\":\"Invalid credentials.\",\"request_id\":\"3a1051aa-961c-4636-8938-2192205e90a2\"}"}
2025-12-21 13:49:37 : warn: [Frontend Service] No client connected for session: session_1766305158404_thisldqh9. Buffering instructions.
2025-12-21 13:49:37 : info: [Frontend Service] Buffered instructions message for session: session_1766305158404_thisldqh9. Queue size: 3
2025-12-21 13:49:37 : warn: [Recording Controller] Python processing failed, triggering DOM events fallback
2025-12-21 13:49:37 : warn: [Frontend Service] No DOM events available for fallback for session: session_1766305158404_thisldqh9
2025-12-21 13:49:38 : info: [Frontend Service] Client connected: VHqA3_QM_A3ZQS95AAAR
2025-12-21 13:49:38 : info: [Frontend Service] Client VHqA3_QM_A3ZQS95AAAR registered for session: session_1766305158404_thisldqh9
2025-12-21 13:49:38 : info: [Frontend Service] Flushing 3 buffered messages for session: session_1766305158404_thisldqh9
2025-12-21 13:49:38 : info: [Frontend Service] Sending buffered video to session: session_1766305158404_thisldqh9
2025-12-21 13:49:38 : info: [Frontend Service] Sending buffered audio to session: session_1766305158404_thisldqh9
2025-12-21 13:49:38 : info: [Frontend Service] Sending buffered instructions to session: session_1766305158404_thisldqh9
2025-12-21 13:52:04 : info: [Frontend Service] Client disconnected and removed from session: session_1766305158404_thisldqh9
2025-12-21 17:54:40 : info: [Deepgram] Client initialized
2025-12-21 17:54:41 : info: [Frontend Service] Socket.IO server initialized
2025-12-21 17:54:41 : info: Server started
2025-12-21 17:54:41 : info: Socket.IO server ready for frontend connections
2025-12-21 18:00:56 : info: [CONTROLLER] Video chunk - Session: session_1766320252200_aaep3ejhs, Sequence: 0
2025-12-21 18:00:56 : info: [SERVICE] Created video stream for session: session_1766320252200_aaep3ejhs
2025-12-21 18:00:56 : info: [SERVICE] Saving video chunk for session session_1766320252200_aaep3ejhs
2025-12-21 18:00:56 : info: [SERVICE] Sequence: 0, Size: 149662 bytes
2025-12-21 18:00:56 : info: [SERVICE] Video bytes written: 149662
2025-12-21 18:00:57 : info: [CONTROLLER] Audio chunk - Session: session_1766320252200_aaep3ejhs, Sequence: 0
2025-12-21 18:00:57 : info: [SERVICE] Created audio stream for session: session_1766320252200_aaep3ejhs
2025-12-21 18:00:57 : info: [SERVICE] Saving audio chunk for session session_1766320252200_aaep3ejhs
2025-12-21 18:00:57 : info: [SERVICE] Sequence: 0, Size: 32038 bytes
2025-12-21 18:00:57 : info: [SERVICE] Audio bytes written: 32038
2025-12-21 18:00:57 : info: [CONTROLLER] Video chunk - Session: session_1766320252200_aaep3ejhs, Sequence: 1
2025-12-21 18:00:57 : info: [SERVICE] Saving video chunk for session session_1766320252200_aaep3ejhs
2025-12-21 18:00:57 : info: [SERVICE] Sequence: 1, Size: 211586 bytes
2025-12-21 18:00:57 : info: [SERVICE] Video bytes written: 361248
2025-12-21 18:00:58 : info: [CONTROLLER] Video chunk - Session: session_1766320252200_aaep3ejhs, Sequence: 2
2025-12-21 18:00:58 : info: [SERVICE] Saving video chunk for session session_1766320252200_aaep3ejhs
2025-12-21 18:00:58 : info: [SERVICE] Sequence: 2, Size: 202306 bytes
2025-12-21 18:00:58 : info: [SERVICE] Video bytes written: 563554
2025-12-21 18:00:59 : info: [CONTROLLER] Audio chunk - Session: session_1766320252200_aaep3ejhs, Sequence: 1
2025-12-21 18:00:59 : info: [SERVICE] Saving audio chunk for session session_1766320252200_aaep3ejhs
2025-12-21 18:00:59 : info: [SERVICE] Sequence: 1, Size: 32844 bytes
2025-12-21 18:00:59 : info: [SERVICE] Audio bytes written: 64882
2025-12-21 18:01:00 : info: [CONTROLLER] Video chunk - Session: session_1766320252200_aaep3ejhs, Sequence: 3
2025-12-21 18:01:00 : info: [SERVICE] Saving video chunk for session session_1766320252200_aaep3ejhs
2025-12-21 18:01:00 : info: [SERVICE] Sequence: 3, Size: 72080 bytes
2025-12-21 18:01:00 : info: [SERVICE] Video bytes written: 635634
2025-12-21 18:01:01 : info: [CONTROLLER] Video chunk - Session: session_1766320252200_aaep3ejhs, Sequence: 4
2025-12-21 18:01:01 : info: [SERVICE] Saving video chunk for session session_1766320252200_aaep3ejhs
2025-12-21 18:01:01 : info: [SERVICE] Sequence: 4, Size: 3091 bytes
2025-12-21 18:01:01 : info: [SERVICE] Video bytes written: 638725
2025-12-21 18:01:01 : info: [CONTROLLER] Audio chunk - Session: session_1766320252200_aaep3ejhs, Sequence: 2
2025-12-21 18:01:01 : info: [SERVICE] Saving audio chunk for session session_1766320252200_aaep3ejhs
2025-12-21 18:01:01 : info: [SERVICE] Sequence: 2, Size: 32844 bytes
2025-12-21 18:01:01 : info: [SERVICE] Audio bytes written: 97726
2025-12-21 18:01:02 : info: [CONTROLLER] Video chunk - Session: session_1766320252200_aaep3ejhs, Sequence: 5
2025-12-21 18:01:02 : info: [SERVICE] Saving video chunk for session session_1766320252200_aaep3ejhs
2025-12-21 18:01:02 : info: [SERVICE] Sequence: 5, Size: 39382 bytes
2025-12-21 18:01:02 : info: [SERVICE] Video bytes written: 678107
2025-12-21 18:01:03 : info: [CONTROLLER] Video chunk - Session: session_1766320252200_aaep3ejhs, Sequence: 6
2025-12-21 18:01:03 : info: [SERVICE] Saving video chunk for session session_1766320252200_aaep3ejhs
2025-12-21 18:01:03 : info: [SERVICE] Sequence: 6, Size: 334824 bytes
2025-12-21 18:01:03 : info: [SERVICE] Video bytes written: 1012931
2025-12-21 18:01:03 : info: [CONTROLLER] Audio chunk - Session: session_1766320252200_aaep3ejhs, Sequence: 3
2025-12-21 18:01:03 : info: [SERVICE] Saving audio chunk for session session_1766320252200_aaep3ejhs
2025-12-21 18:01:03 : info: [SERVICE] Sequence: 3, Size: 32844 bytes
2025-12-21 18:01:03 : info: [SERVICE] Audio bytes written: 130570
2025-12-21 18:01:04 : info: [CONTROLLER] Video chunk - Session: session_1766320252200_aaep3ejhs, Sequence: 7
2025-12-21 18:01:04 : info: [SERVICE] Saving video chunk for session session_1766320252200_aaep3ejhs
2025-12-21 18:01:04 : info: [SERVICE] Sequence: 7, Size: 24491 bytes
2025-12-21 18:01:04 : info: [SERVICE] Video bytes written: 1037422
2025-12-21 18:01:05 : info: [CONTROLLER] Video chunk - Session: session_1766320252200_aaep3ejhs, Sequence: 8
2025-12-21 18:01:05 : info: [SERVICE] Saving video chunk for session session_1766320252200_aaep3ejhs
2025-12-21 18:01:05 : info: [SERVICE] Sequence: 8, Size: 94850 bytes
2025-12-21 18:01:05 : info: [SERVICE] Video bytes written: 1132272
2025-12-21 18:01:05 : info: [CONTROLLER] Audio chunk - Session: session_1766320252200_aaep3ejhs, Sequence: 4
2025-12-21 18:01:05 : info: [SERVICE] Saving audio chunk for session session_1766320252200_aaep3ejhs
2025-12-21 18:01:05 : info: [SERVICE] Sequence: 4, Size: 32844 bytes
2025-12-21 18:01:05 : info: [SERVICE] Audio bytes written: 163414
2025-12-21 18:01:06 : info: [CONTROLLER] Video chunk - Session: session_1766320252200_aaep3ejhs, Sequence: 9
2025-12-21 18:01:06 : info: [SERVICE] Saving video chunk for session session_1766320252200_aaep3ejhs
2025-12-21 18:01:06 : info: [SERVICE] Sequence: 9, Size: 79389 bytes
2025-12-21 18:01:06 : info: [SERVICE] Video bytes written: 1211661
2025-12-21 18:01:07 : info: [CONTROLLER] Video chunk - Session: session_1766320252200_aaep3ejhs, Sequence: 10
2025-12-21 18:01:07 : info: [SERVICE] Saving video chunk for session session_1766320252200_aaep3ejhs
2025-12-21 18:01:07 : info: [SERVICE] Sequence: 10, Size: 483963 bytes
2025-12-21 18:01:07 : info: [SERVICE] Video bytes written: 1695624
2025-12-21 18:01:07 : info: [CONTROLLER] Audio chunk - Session: session_1766320252200_aaep3ejhs, Sequence: 5
2025-12-21 18:01:07 : info: [SERVICE] Saving audio chunk for session session_1766320252200_aaep3ejhs
2025-12-21 18:01:07 : info: [SERVICE] Sequence: 5, Size: 32844 bytes
2025-12-21 18:01:07 : info: [SERVICE] Audio bytes written: 196258
2025-12-21 18:01:08 : info: [CONTROLLER] Video chunk - Session: session_1766320252200_aaep3ejhs, Sequence: 11
2025-12-21 18:01:08 : info: [SERVICE] Saving video chunk for session session_1766320252200_aaep3ejhs
2025-12-21 18:01:08 : info: [SERVICE] Sequence: 11, Size: 84480 bytes
2025-12-21 18:01:08 : info: [SERVICE] Video bytes written: 1780104
2025-12-21 18:01:09 : info: [CONTROLLER] Video chunk - Session: session_1766320252200_aaep3ejhs, Sequence: 12
2025-12-21 18:01:09 : info: [SERVICE] Saving video chunk for session session_1766320252200_aaep3ejhs
2025-12-21 18:01:09 : info: [SERVICE] Sequence: 12, Size: 151867 bytes
2025-12-21 18:01:09 : info: [SERVICE] Video bytes written: 1931971
2025-12-21 18:01:09 : info: [CONTROLLER] Audio chunk - Session: session_1766320252200_aaep3ejhs, Sequence: 6
2025-12-21 18:01:09 : info: [SERVICE] Saving audio chunk for session session_1766320252200_aaep3ejhs
2025-12-21 18:01:09 : info: [SERVICE] Sequence: 6, Size: 32844 bytes
2025-12-21 18:01:09 : info: [SERVICE] Audio bytes written: 229102
2025-12-21 18:01:10 : info: [CONTROLLER] Video chunk - Session: session_1766320252200_aaep3ejhs, Sequence: 13
2025-12-21 18:01:10 : info: [SERVICE] Saving video chunk for session session_1766320252200_aaep3ejhs
2025-12-21 18:01:10 : info: [SERVICE] Sequence: 13, Size: 65268 bytes
2025-12-21 18:01:10 : info: [SERVICE] Video bytes written: 1997239
2025-12-21 18:01:11 : info: [CONTROLLER] Video chunk - Session: session_1766320252200_aaep3ejhs, Sequence: 14
2025-12-21 18:01:11 : info: [SERVICE] Saving video chunk for session session_1766320252200_aaep3ejhs
2025-12-21 18:01:11 : info: [SERVICE] Sequence: 14, Size: 419386 bytes
2025-12-21 18:01:11 : info: [SERVICE] Video bytes written: 2416625
2025-12-21 18:01:11 : info: [CONTROLLER] Audio chunk - Session: session_1766320252200_aaep3ejhs, Sequence: 7
2025-12-21 18:01:11 : info: [SERVICE] Saving audio chunk for session session_1766320252200_aaep3ejhs
2025-12-21 18:01:11 : info: [SERVICE] Sequence: 7, Size: 32844 bytes
2025-12-21 18:01:11 : info: [SERVICE] Audio bytes written: 261946
2025-12-21 18:01:13 : info: [CONTROLLER] Video chunk - Session: session_1766320252200_aaep3ejhs, Sequence: 15
2025-12-21 18:01:13 : info: [SERVICE] Saving video chunk for session session_1766320252200_aaep3ejhs
2025-12-21 18:01:13 : info: [SERVICE] Sequence: 15, Size: 32948 bytes
2025-12-21 18:01:13 : info: [SERVICE] Video bytes written: 2449573
2025-12-21 18:01:13 : info: [CONTROLLER] Audio chunk - Session: session_1766320252200_aaep3ejhs, Sequence: 8
2025-12-21 18:01:13 : info: [SERVICE] Saving audio chunk for session session_1766320252200_aaep3ejhs
2025-12-21 18:01:13 : info: [SERVICE] Sequence: 8, Size: 32844 bytes
2025-12-21 18:01:13 : info: [SERVICE] Audio bytes written: 294790
2025-12-21 18:01:14 : info: [CONTROLLER] Video chunk - Session: session_1766320252200_aaep3ejhs, Sequence: 16
2025-12-21 18:01:14 : info: [SERVICE] Saving video chunk for session session_1766320252200_aaep3ejhs
2025-12-21 18:01:14 : info: [SERVICE] Sequence: 16, Size: 1783 bytes
2025-12-21 18:01:14 : info: [SERVICE] Video bytes written: 2451356
2025-12-21 18:01:15 : info: [CONTROLLER] Video chunk - Session: session_1766320252200_aaep3ejhs, Sequence: 17
2025-12-21 18:01:15 : info: [SERVICE] Saving video chunk for session session_1766320252200_aaep3ejhs
2025-12-21 18:01:15 : info: [SERVICE] Sequence: 17, Size: 2696 bytes
2025-12-21 18:01:15 : info: [SERVICE] Video bytes written: 2454052
2025-12-21 18:01:16 : info: [CONTROLLER] Audio chunk - Session: session_1766320252200_aaep3ejhs, Sequence: 9
2025-12-21 18:01:16 : info: [SERVICE] Saving audio chunk for session session_1766320252200_aaep3ejhs
2025-12-21 18:01:16 : info: [SERVICE] Sequence: 9, Size: 32844 bytes
2025-12-21 18:01:16 : info: [SERVICE] Audio bytes written: 327634
2025-12-21 18:01:16 : info: [CONTROLLER] Video chunk - Session: session_1766320252200_aaep3ejhs, Sequence: 18
2025-12-21 18:01:16 : info: [SERVICE] Saving video chunk for session session_1766320252200_aaep3ejhs
2025-12-21 18:01:16 : info: [SERVICE] Sequence: 18, Size: 40812 bytes
2025-12-21 18:01:16 : info: [SERVICE] Video bytes written: 2494864
2025-12-21 18:01:17 : info: [CONTROLLER] Video chunk - Session: session_1766320252200_aaep3ejhs, Sequence: 19
2025-12-21 18:01:17 : info: [SERVICE] Saving video chunk for session session_1766320252200_aaep3ejhs
2025-12-21 18:01:17 : info: [SERVICE] Sequence: 19, Size: 40989 bytes
2025-12-21 18:01:17 : info: [SERVICE] Video bytes written: 2535853
2025-12-21 18:01:18 : info: [CONTROLLER] Audio chunk - Session: session_1766320252200_aaep3ejhs, Sequence: 10
2025-12-21 18:01:18 : info: [SERVICE] Saving audio chunk for session session_1766320252200_aaep3ejhs
2025-12-21 18:01:18 : info: [SERVICE] Sequence: 10, Size: 32844 bytes
2025-12-21 18:01:18 : info: [SERVICE] Audio bytes written: 360478
2025-12-21 18:01:18 : info: [CONTROLLER] Video chunk - Session: session_1766320252200_aaep3ejhs, Sequence: 20
2025-12-21 18:01:18 : info: [SERVICE] Saving video chunk for session session_1766320252200_aaep3ejhs
2025-12-21 18:01:18 : info: [SERVICE] Sequence: 20, Size: 430417 bytes
2025-12-21 18:01:18 : info: [SERVICE] Video bytes written: 2966270
2025-12-21 18:01:19 : info: [CONTROLLER] Video chunk - Session: session_1766320252200_aaep3ejhs, Sequence: 21
2025-12-21 18:01:19 : info: [SERVICE] Saving video chunk for session session_1766320252200_aaep3ejhs
2025-12-21 18:01:19 : info: [SERVICE] Sequence: 21, Size: 7495 bytes
2025-12-21 18:01:19 : info: [SERVICE] Video bytes written: 2973765
2025-12-21 18:01:20 : info: [CONTROLLER] Audio chunk - Session: session_1766320252200_aaep3ejhs, Sequence: 11
2025-12-21 18:01:20 : info: [SERVICE] Saving audio chunk for session session_1766320252200_aaep3ejhs
2025-12-21 18:01:20 : info: [SERVICE] Sequence: 11, Size: 32844 bytes
2025-12-21 18:01:20 : info: [SERVICE] Audio bytes written: 393322
2025-12-21 18:01:20 : info: [CONTROLLER] Video chunk - Session: session_1766320252200_aaep3ejhs, Sequence: 22
2025-12-21 18:01:20 : info: [SERVICE] Saving video chunk for session session_1766320252200_aaep3ejhs
2025-12-21 18:01:20 : info: [SERVICE] Sequence: 22, Size: 61838 bytes
2025-12-21 18:01:20 : info: [SERVICE] Video bytes written: 3035603
2025-12-21 18:01:21 : info: [CONTROLLER] Video chunk - Session: session_1766320252200_aaep3ejhs, Sequence: 23
2025-12-21 18:01:21 : info: [SERVICE] Saving video chunk for session session_1766320252200_aaep3ejhs
2025-12-21 18:01:21 : info: [SERVICE] Sequence: 23, Size: 59497 bytes
2025-12-21 18:01:21 : info: [SERVICE] Video bytes written: 3095100
2025-12-21 18:01:22 : info: [CONTROLLER] Audio chunk - Session: session_1766320252200_aaep3ejhs, Sequence: 12
2025-12-21 18:01:22 : info: [SERVICE] Saving audio chunk for session session_1766320252200_aaep3ejhs
2025-12-21 18:01:22 : info: [SERVICE] Sequence: 12, Size: 32844 bytes
2025-12-21 18:01:22 : info: [SERVICE] Audio bytes written: 426166
2025-12-21 18:01:22 : info: [CONTROLLER] Video chunk - Session: session_1766320252200_aaep3ejhs, Sequence: 24
2025-12-21 18:01:22 : info: [SERVICE] Saving video chunk for session session_1766320252200_aaep3ejhs
2025-12-21 18:01:22 : info: [SERVICE] Sequence: 24, Size: 484491 bytes
2025-12-21 18:01:22 : info: [SERVICE] Video bytes written: 3579591
2025-12-21 18:01:23 : info: [CONTROLLER] Video chunk - Session: session_1766320252200_aaep3ejhs, Sequence: 25
2025-12-21 18:01:23 : info: [SERVICE] Saving video chunk for session session_1766320252200_aaep3ejhs
2025-12-21 18:01:23 : info: [SERVICE] Sequence: 25, Size: 3124 bytes
2025-12-21 18:01:23 : info: [SERVICE] Video bytes written: 3582715
2025-12-21 18:01:24 : info: [CONTROLLER] Audio chunk - Session: session_1766320252200_aaep3ejhs, Sequence: 13
2025-12-21 18:01:24 : info: [SERVICE] Saving audio chunk for session session_1766320252200_aaep3ejhs
2025-12-21 18:01:24 : info: [SERVICE] Sequence: 13, Size: 32844 bytes
2025-12-21 18:01:24 : info: [SERVICE] Audio bytes written: 459010
2025-12-21 18:01:24 : info: [CONTROLLER] Video chunk - Session: session_1766320252200_aaep3ejhs, Sequence: 26
2025-12-21 18:01:24 : info: [SERVICE] Saving video chunk for session session_1766320252200_aaep3ejhs
2025-12-21 18:01:24 : info: [SERVICE] Sequence: 26, Size: 23317 bytes
2025-12-21 18:01:24 : info: [SERVICE] Video bytes written: 3606032
2025-12-21 18:01:25 : info: [CONTROLLER] Video chunk - Session: session_1766320252200_aaep3ejhs, Sequence: 27
2025-12-21 18:01:25 : info: [SERVICE] Saving video chunk for session session_1766320252200_aaep3ejhs
2025-12-21 18:01:25 : info: [SERVICE] Sequence: 27, Size: 25344 bytes
2025-12-21 18:01:25 : info: [SERVICE] Video bytes written: 3631376
2025-12-21 18:01:26 : info: [CONTROLLER] Audio chunk - Session: session_1766320252200_aaep3ejhs, Sequence: 14
2025-12-21 18:01:26 : info: [SERVICE] Saving audio chunk for session session_1766320252200_aaep3ejhs
2025-12-21 18:01:26 : info: [SERVICE] Sequence: 14, Size: 32860 bytes
2025-12-21 18:01:26 : info: [SERVICE] Audio bytes written: 491870
2025-12-21 18:01:26 : info: [CONTROLLER] Video chunk - Session: session_1766320252200_aaep3ejhs, Sequence: 28
2025-12-21 18:01:26 : info: [SERVICE] Saving video chunk for session session_1766320252200_aaep3ejhs
2025-12-21 18:01:26 : info: [SERVICE] Sequence: 28, Size: 14037 bytes
2025-12-21 18:01:26 : info: [SERVICE] Video bytes written: 3645413
2025-12-21 18:01:27 : info: [CONTROLLER] Video chunk - Session: session_1766320252200_aaep3ejhs, Sequence: 29
2025-12-21 18:01:27 : info: [SERVICE] Saving video chunk for session session_1766320252200_aaep3ejhs
2025-12-21 18:01:27 : info: [SERVICE] Sequence: 29, Size: 419016 bytes
2025-12-21 18:01:27 : info: [SERVICE] Video bytes written: 4064429
2025-12-21 18:01:28 : info: [CONTROLLER] Audio chunk - Session: session_1766320252200_aaep3ejhs, Sequence: 15
2025-12-21 18:01:28 : info: [SERVICE] Saving audio chunk for session session_1766320252200_aaep3ejhs
2025-12-21 18:01:28 : info: [SERVICE] Sequence: 15, Size: 32844 bytes
2025-12-21 18:01:28 : info: [SERVICE] Audio bytes written: 524714
2025-12-21 18:01:28 : info: [CONTROLLER] Video chunk - Session: session_1766320252200_aaep3ejhs, Sequence: 30
2025-12-21 18:01:28 : info: [SERVICE] Saving video chunk for session session_1766320252200_aaep3ejhs
2025-12-21 18:01:28 : info: [SERVICE] Sequence: 30, Size: 15804 bytes
2025-12-21 18:01:28 : info: [SERVICE] Video bytes written: 4080233
2025-12-21 18:01:30 : info: [CONTROLLER] Video chunk - Session: session_1766320252200_aaep3ejhs, Sequence: 31
2025-12-21 18:01:30 : info: [SERVICE] Saving video chunk for session session_1766320252200_aaep3ejhs
2025-12-21 18:01:30 : info: [SERVICE] Sequence: 31, Size: 30049 bytes
2025-12-21 18:01:30 : info: [SERVICE] Video bytes written: 4110282
2025-12-21 18:01:30 : info: [CONTROLLER] Audio chunk - Session: session_1766320252200_aaep3ejhs, Sequence: 16
2025-12-21 18:01:30 : info: [SERVICE] Saving audio chunk for session session_1766320252200_aaep3ejhs
2025-12-21 18:01:30 : info: [SERVICE] Sequence: 16, Size: 32844 bytes
2025-12-21 18:01:30 : info: [SERVICE] Audio bytes written: 557558
2025-12-21 18:01:32 : info: [CONTROLLER] Video chunk - Session: session_1766320252200_aaep3ejhs, Sequence: 32
2025-12-21 18:01:32 : info: [SERVICE] Saving video chunk for session session_1766320252200_aaep3ejhs
2025-12-21 18:01:32 : info: [SERVICE] Sequence: 32, Size: 341222 bytes
2025-12-21 18:01:32 : info: [SERVICE] Video bytes written: 4451504
2025-12-21 18:01:32 : info: [CONTROLLER] Audio chunk - Session: session_1766320252200_aaep3ejhs, Sequence: 17
2025-12-21 18:01:32 : info: [SERVICE] Saving audio chunk for session session_1766320252200_aaep3ejhs
2025-12-21 18:01:32 : info: [SERVICE] Sequence: 17, Size: 32844 bytes
2025-12-21 18:01:32 : info: [SERVICE] Audio bytes written: 590402
2025-12-21 18:01:33 : info: [CONTROLLER] Video chunk - Session: session_1766320252200_aaep3ejhs, Sequence: 33
2025-12-21 18:01:33 : info: [SERVICE] Saving video chunk for session session_1766320252200_aaep3ejhs
2025-12-21 18:01:33 : info: [SERVICE] Sequence: 33, Size: 11599 bytes
2025-12-21 18:01:33 : info: [SERVICE] Video bytes written: 4463103
2025-12-21 18:01:34 : info: [CONTROLLER] Video chunk - Session: session_1766320252200_aaep3ejhs, Sequence: 34
2025-12-21 18:01:34 : info: [SERVICE] Saving video chunk for session session_1766320252200_aaep3ejhs
2025-12-21 18:01:34 : info: [SERVICE] Sequence: 34, Size: 50338 bytes
2025-12-21 18:01:34 : info: [SERVICE] Video bytes written: 4513441
2025-12-21 18:01:34 : info: [CONTROLLER] Audio chunk - Session: session_1766320252200_aaep3ejhs, Sequence: 18
2025-12-21 18:01:34 : info: [SERVICE] Saving audio chunk for session session_1766320252200_aaep3ejhs
2025-12-21 18:01:34 : info: [SERVICE] Sequence: 18, Size: 32844 bytes
2025-12-21 18:01:34 : info: [SERVICE] Audio bytes written: 623246
2025-12-21 18:01:35 : info: [CONTROLLER] Video chunk - Session: session_1766320252200_aaep3ejhs, Sequence: 35
2025-12-21 18:01:35 : info: [SERVICE] Saving video chunk for session session_1766320252200_aaep3ejhs
2025-12-21 18:01:35 : info: [SERVICE] Sequence: 35, Size: 412 bytes
2025-12-21 18:01:35 : info: [SERVICE] Video bytes written: 4513853
2025-12-21 18:01:36 : info: [CONTROLLER] Video chunk - Session: session_1766320252200_aaep3ejhs, Sequence: 36
2025-12-21 18:01:36 : info: [SERVICE] Saving video chunk for session session_1766320252200_aaep3ejhs
2025-12-21 18:01:36 : info: [SERVICE] Sequence: 36, Size: 220 bytes
2025-12-21 18:01:36 : info: [SERVICE] Video bytes written: 4514073
2025-12-21 18:01:36 : info: [CONTROLLER] Audio chunk - Session: session_1766320252200_aaep3ejhs, Sequence: 19
2025-12-21 18:01:36 : info: [SERVICE] Saving audio chunk for session session_1766320252200_aaep3ejhs
2025-12-21 18:01:36 : info: [SERVICE] Sequence: 19, Size: 32844 bytes
2025-12-21 18:01:36 : info: [SERVICE] Audio bytes written: 656090
2025-12-21 18:01:37 : info: [CONTROLLER] Video chunk - Session: session_1766320252200_aaep3ejhs, Sequence: 37
2025-12-21 18:01:37 : info: [SERVICE] Saving video chunk for session session_1766320252200_aaep3ejhs
2025-12-21 18:01:37 : info: [SERVICE] Sequence: 37, Size: 1656 bytes
2025-12-21 18:01:37 : info: [SERVICE] Video bytes written: 4515729
2025-12-21 18:01:38 : info: [CONTROLLER] Video chunk - Session: session_1766320252200_aaep3ejhs, Sequence: 38
2025-12-21 18:01:38 : info: [SERVICE] Saving video chunk for session session_1766320252200_aaep3ejhs
2025-12-21 18:01:38 : info: [SERVICE] Sequence: 38, Size: 339 bytes
2025-12-21 18:01:38 : info: [SERVICE] Video bytes written: 4516068
2025-12-21 18:01:38 : info: [CONTROLLER] Audio chunk - Session: session_1766320252200_aaep3ejhs, Sequence: 20
2025-12-21 18:01:38 : info: [SERVICE] Saving audio chunk for session session_1766320252200_aaep3ejhs
2025-12-21 18:01:38 : info: [SERVICE] Sequence: 20, Size: 32844 bytes
2025-12-21 18:01:38 : info: [SERVICE] Audio bytes written: 688934
2025-12-21 18:01:39 : info: [CONTROLLER] Video chunk - Session: session_1766320252200_aaep3ejhs, Sequence: 39
2025-12-21 18:01:39 : info: [SERVICE] Saving video chunk for session session_1766320252200_aaep3ejhs
2025-12-21 18:01:39 : info: [SERVICE] Sequence: 39, Size: 7041 bytes
2025-12-21 18:01:39 : info: [SERVICE] Video bytes written: 4523109
2025-12-21 18:01:40 : info: [CONTROLLER] Video chunk - Session: session_1766320252200_aaep3ejhs, Sequence: 40
2025-12-21 18:01:40 : info: [SERVICE] Saving video chunk for session session_1766320252200_aaep3ejhs
2025-12-21 18:01:40 : info: [SERVICE] Sequence: 40, Size: 5179 bytes
2025-12-21 18:01:40 : info: [SERVICE] Video bytes written: 4528288
2025-12-21 18:01:40 : info: [CONTROLLER] Audio chunk - Session: session_1766320252200_aaep3ejhs, Sequence: 21
2025-12-21 18:01:40 : info: [SERVICE] Saving audio chunk for session session_1766320252200_aaep3ejhs
2025-12-21 18:01:40 : info: [SERVICE] Sequence: 21, Size: 32844 bytes
2025-12-21 18:01:40 : info: [SERVICE] Audio bytes written: 721778
2025-12-21 18:01:41 : info: [CONTROLLER] Video chunk - Session: session_1766320252200_aaep3ejhs, Sequence: 41
2025-12-21 18:01:41 : info: [SERVICE] Saving video chunk for session session_1766320252200_aaep3ejhs
2025-12-21 18:01:41 : info: [SERVICE] Sequence: 41, Size: 4981 bytes
2025-12-21 18:01:41 : info: [SERVICE] Video bytes written: 4533269
2025-12-21 18:01:42 : info: [CONTROLLER] Video chunk - Session: session_1766320252200_aaep3ejhs, Sequence: 42
2025-12-21 18:01:42 : info: [SERVICE] Saving video chunk for session session_1766320252200_aaep3ejhs
2025-12-21 18:01:42 : info: [SERVICE] Sequence: 42, Size: 34432 bytes
2025-12-21 18:01:42 : info: [SERVICE] Video bytes written: 4567701
2025-12-21 18:01:42 : info: [CONTROLLER] Audio chunk - Session: session_1766320252200_aaep3ejhs, Sequence: 22
2025-12-21 18:01:42 : info: [SERVICE] Saving audio chunk for session session_1766320252200_aaep3ejhs
2025-12-21 18:01:42 : info: [SERVICE] Sequence: 22, Size: 32844 bytes
2025-12-21 18:01:42 : info: [SERVICE] Audio bytes written: 754622
2025-12-21 18:01:43 : info: [CONTROLLER] Video chunk - Session: session_1766320252200_aaep3ejhs, Sequence: 43
2025-12-21 18:01:43 : info: [SERVICE] Saving video chunk for session session_1766320252200_aaep3ejhs
2025-12-21 18:01:43 : info: [SERVICE] Sequence: 43, Size: 30948 bytes
2025-12-21 18:01:43 : info: [SERVICE] Video bytes written: 4598649
2025-12-21 18:01:44 : info: [CONTROLLER] Video chunk - Session: session_1766320252200_aaep3ejhs, Sequence: 44
2025-12-21 18:01:44 : info: [SERVICE] Saving video chunk for session session_1766320252200_aaep3ejhs
2025-12-21 18:01:44 : info: [SERVICE] Sequence: 44, Size: 41805 bytes
2025-12-21 18:01:44 : info: [SERVICE] Video bytes written: 4640454
2025-12-21 18:01:44 : info: [CONTROLLER] Audio chunk - Session: session_1766320252200_aaep3ejhs, Sequence: 23
2025-12-21 18:01:44 : info: [SERVICE] Saving audio chunk for session session_1766320252200_aaep3ejhs
2025-12-21 18:01:44 : info: [SERVICE] Sequence: 23, Size: 32844 bytes
2025-12-21 18:01:44 : info: [SERVICE] Audio bytes written: 787466
2025-12-21 18:01:45 : info: [CONTROLLER] Video chunk - Session: session_1766320252200_aaep3ejhs, Sequence: 45
2025-12-21 18:01:45 : info: [SERVICE] Saving video chunk for session session_1766320252200_aaep3ejhs
2025-12-21 18:01:45 : info: [SERVICE] Sequence: 45, Size: 444318 bytes
2025-12-21 18:01:45 : info: [SERVICE] Video bytes written: 5084772
2025-12-21 18:01:46 : info: [CONTROLLER] Video chunk - Session: session_1766320252200_aaep3ejhs, Sequence: 46
2025-12-21 18:01:46 : info: [SERVICE] Saving video chunk for session session_1766320252200_aaep3ejhs
2025-12-21 18:01:46 : info: [SERVICE] Sequence: 46, Size: 124690 bytes
2025-12-21 18:01:46 : info: [SERVICE] Video bytes written: 5209462
2025-12-21 18:01:46 : info: [CONTROLLER] Audio chunk - Session: session_1766320252200_aaep3ejhs, Sequence: 24
2025-12-21 18:01:46 : info: [SERVICE] Saving audio chunk for session session_1766320252200_aaep3ejhs
2025-12-21 18:01:46 : info: [SERVICE] Sequence: 24, Size: 32844 bytes
2025-12-21 18:01:46 : info: [SERVICE] Audio bytes written: 820310
2025-12-21 18:01:47 : info: [CONTROLLER] Video chunk - Session: session_1766320252200_aaep3ejhs, Sequence: 47
2025-12-21 18:01:47 : info: [SERVICE] Saving video chunk for session session_1766320252200_aaep3ejhs
2025-12-21 18:01:47 : info: [SERVICE] Sequence: 47, Size: 156354 bytes
2025-12-21 18:01:47 : info: [SERVICE] Video bytes written: 5365816
2025-12-21 18:01:48 : info: [CONTROLLER] Video chunk - Session: session_1766320252200_aaep3ejhs, Sequence: 48
2025-12-21 18:01:48 : info: [SERVICE] Saving video chunk for session session_1766320252200_aaep3ejhs
2025-12-21 18:01:48 : info: [SERVICE] Sequence: 48, Size: 216754 bytes
2025-12-21 18:01:48 : info: [SERVICE] Video bytes written: 5582570
2025-12-21 18:01:48 : info: [CONTROLLER] Audio chunk - Session: session_1766320252200_aaep3ejhs, Sequence: 25
2025-12-21 18:01:48 : info: [SERVICE] Saving audio chunk for session session_1766320252200_aaep3ejhs
2025-12-21 18:01:48 : info: [SERVICE] Sequence: 25, Size: 32844 bytes
2025-12-21 18:01:48 : info: [SERVICE] Audio bytes written: 853154
2025-12-21 18:01:49 : info: [CONTROLLER] Video chunk - Session: session_1766320252200_aaep3ejhs, Sequence: 49
2025-12-21 18:01:49 : info: [SERVICE] Saving video chunk for session session_1766320252200_aaep3ejhs
2025-12-21 18:01:49 : info: [SERVICE] Sequence: 49, Size: 233989 bytes
2025-12-21 18:01:49 : info: [SERVICE] Video bytes written: 5816559
2025-12-21 18:01:50 : info: [CONTROLLER] Audio chunk - Session: session_1766320252200_aaep3ejhs, Sequence: 26
2025-12-21 18:01:50 : info: [SERVICE] Saving audio chunk for session session_1766320252200_aaep3ejhs
2025-12-21 18:01:50 : info: [SERVICE] Sequence: 26, Size: 32844 bytes
2025-12-21 18:01:50 : info: [SERVICE] Audio bytes written: 885998
2025-12-21 18:01:50 : info: [CONTROLLER] Video chunk - Session: session_1766320252200_aaep3ejhs, Sequence: 50
2025-12-21 18:01:50 : info: [SERVICE] Saving video chunk for session session_1766320252200_aaep3ejhs
2025-12-21 18:01:50 : info: [SERVICE] Sequence: 50, Size: 297929 bytes
2025-12-21 18:01:50 : info: [SERVICE] Video bytes written: 6114488
2025-12-21 18:01:51 : info: [CONTROLLER] Video chunk - Session: session_1766320252200_aaep3ejhs, Sequence: 51
2025-12-21 18:01:51 : info: [SERVICE] Saving video chunk for session session_1766320252200_aaep3ejhs
2025-12-21 18:01:51 : info: [SERVICE] Sequence: 51, Size: 113683 bytes
2025-12-21 18:01:51 : info: [SERVICE] Video bytes written: 6228171
2025-12-21 18:01:52 : info: [CONTROLLER] Audio chunk - Session: session_1766320252200_aaep3ejhs, Sequence: 27
2025-12-21 18:01:52 : info: [SERVICE] Saving audio chunk for session session_1766320252200_aaep3ejhs
2025-12-21 18:01:52 : info: [SERVICE] Sequence: 27, Size: 32844 bytes
2025-12-21 18:01:52 : info: [SERVICE] Audio bytes written: 918842
2025-12-21 18:01:52 : info: [CONTROLLER] Video chunk - Session: session_1766320252200_aaep3ejhs, Sequence: 52
2025-12-21 18:01:52 : info: [SERVICE] Saving video chunk for session session_1766320252200_aaep3ejhs
2025-12-21 18:01:52 : info: [SERVICE] Sequence: 52, Size: 296659 bytes
2025-12-21 18:01:52 : info: [SERVICE] Video bytes written: 6524830
2025-12-21 18:01:53 : info: [CONTROLLER] Video chunk - Session: session_1766320252200_aaep3ejhs, Sequence: 53
2025-12-21 18:01:53 : info: [SERVICE] Saving video chunk for session session_1766320252200_aaep3ejhs
2025-12-21 18:01:53 : info: [SERVICE] Sequence: 53, Size: 442819 bytes
2025-12-21 18:01:53 : info: [SERVICE] Video bytes written: 6967649
2025-12-21 18:01:54 : info: [CONTROLLER] Audio chunk - Session: session_1766320252200_aaep3ejhs, Sequence: 28
2025-12-21 18:01:54 : info: [SERVICE] Saving audio chunk for session session_1766320252200_aaep3ejhs
2025-12-21 18:01:54 : info: [SERVICE] Sequence: 28, Size: 32844 bytes
2025-12-21 18:01:54 : info: [SERVICE] Audio bytes written: 951686
2025-12-21 18:01:54 : info: [CONTROLLER] Video chunk - Session: session_1766320252200_aaep3ejhs, Sequence: 54
2025-12-21 18:01:54 : info: [SERVICE] Saving video chunk for session session_1766320252200_aaep3ejhs
2025-12-21 18:01:54 : info: [SERVICE] Sequence: 54, Size: 24233 bytes
2025-12-21 18:01:54 : info: [SERVICE] Video bytes written: 6991882
2025-12-21 18:01:55 : info: [CONTROLLER] Video chunk - Session: session_1766320252200_aaep3ejhs, Sequence: 55
2025-12-21 18:01:55 : info: [SERVICE] Saving video chunk for session session_1766320252200_aaep3ejhs
2025-12-21 18:01:55 : info: [SERVICE] Sequence: 55, Size: 73120 bytes
2025-12-21 18:01:55 : info: [SERVICE] Video bytes written: 7065002
2025-12-21 18:01:56 : info: [SERVICE] Processing recording for session: session_1766320252200_aaep3ejhs
2025-12-21 18:01:56 : info: [SERVICE] Active sessions: session_1766320252200_aaep3ejhs
2025-12-21 18:01:56 : info: [SERVICE] Session exists in activeStreams: true
2025-12-21 18:01:56 : info: [SERVICE] Finalizing audio for session session_1766320252200_aaep3ejhs
2025-12-21 18:01:56 : info: [SERVICE] Total chunks: 29
2025-12-21 18:01:56 : info: [SERVICE] Total bytes: 951686
2025-12-21 18:01:56 : info: [SERVICE] Audio stream closed: W:\GCU\Project\Clueso_clone_example\Clueso_Node_layer\src\uploads\audio_session_1766320252200_aaep3ejhs.webm
2025-12-21 18:01:56 : info: [SERVICE] Finalizing video for session session_1766320252200_aaep3ejhs
2025-12-21 18:01:56 : info: [SERVICE] Total chunks: 56
2025-12-21 18:01:56 : info: [SERVICE] Total bytes: 7065002
2025-12-21 18:01:56 : info: [SERVICE] Video stream closed: W:\GCU\Project\Clueso_clone_example\Clueso_Node_layer\src\uploads\video_session_1766320252200_aaep3ejhs.webm
2025-12-21 18:01:56 : info: [SERVICE] finalAudioPath: W:\GCU\Project\Clueso_clone_example\Clueso_Node_layer\src\uploads\audio_session_1766320252200_aaep3ejhs.webm
2025-12-21 18:01:56 : info: [SERVICE] finalVideoPath: W:\GCU\Project\Clueso_clone_example\Clueso_Node_layer\src\uploads\video_session_1766320252200_aaep3ejhs.webm
2025-12-21 18:01:56 : info: [SERVICE] Session session_1766320252200_aaep3ejhs statistics:
2025-12-21 18:01:56 : info: [SERVICE] Video chunks received: 56
2025-12-21 18:01:56 : info: [SERVICE] Audio chunks received: 29
2025-12-21 18:01:56 : info: [SERVICE] Video moved to: W:\GCU\Project\Clueso_clone_example\Clueso_Node_layer\src\recordings\recording_session_1766320252200_aaep3ejhs_video.webm
2025-12-21 18:01:56 : info: [SERVICE] Audio moved to: W:\GCU\Project\Clueso_clone_example\Clueso_Node_layer\src\recordings\recording_session_1766320252200_aaep3ejhs_audio.webm
2025-12-21 18:01:56 : info: [SERVICE] Recording saved: recording_session_1766320252200_aaep3ejhs_1766320316617.json
2025-12-21 18:01:56 : info: [Recording Controller] Broadcasting video to frontend session: session_1766320252200_aaep3ejhs
2025-12-21 18:01:56 : warn: [Frontend Service] No client connected for session: session_1766320252200_aaep3ejhs. Buffering video.
2025-12-21 18:01:56 : info: [Frontend Service] Buffered video message for session: session_1766320252200_aaep3ejhs. Queue size: 1
2025-12-21 18:01:56 : info: [Recording Controller] Processing audio file: W:\GCU\Project\Clueso_clone_example\Clueso_Node_layer\src\recordings\recording_session_1766320252200_aaep3ejhs_audio.webm
2025-12-21 18:01:56 : info: [Deepgram] Transcribing file: W:\GCU\Project\Clueso_clone_example\Clueso_Node_layer\src\recordings\recording_session_1766320252200_aaep3ejhs_audio.webm
2025-12-21 18:01:56 : info: [Deepgram] Building transcription options
2025-12-21 18:01:56 : info: [CONTROLLER] Audio chunk - Session: session_1766320252200_aaep3ejhs, Sequence: 29
2025-12-21 18:01:56 : info: [SERVICE] Created audio stream for session: session_1766320252200_aaep3ejhs
2025-12-21 18:01:56 : info: [SERVICE] Saving audio chunk for session session_1766320252200_aaep3ejhs
2025-12-21 18:01:56 : info: [SERVICE] Sequence: 29, Size: 32860 bytes
2025-12-21 18:01:56 : info: [SERVICE] Audio bytes written: 32860
2025-12-21 18:01:57 : info: [CONTROLLER] Video chunk - Session: session_1766320252200_aaep3ejhs, Sequence: 56
2025-12-21 18:01:57 : info: [SERVICE] Created video stream for session: session_1766320252200_aaep3ejhs
2025-12-21 18:01:57 : info: [SERVICE] Saving video chunk for session session_1766320252200_aaep3ejhs
2025-12-21 18:01:57 : info: [SERVICE] Sequence: 56, Size: 14554 bytes
2025-12-21 18:01:57 : info: [SERVICE] Video bytes written: 14554
2025-12-21 18:01:58 : info: [CONTROLLER] Video chunk - Session: session_1766320252200_aaep3ejhs, Sequence: 57
2025-12-21 18:01:58 : info: [SERVICE] Saving video chunk for session session_1766320252200_aaep3ejhs
2025-12-21 18:01:58 : info: [SERVICE] Sequence: 57, Size: 1418 bytes
2025-12-21 18:01:58 : info: [SERVICE] Video bytes written: 15972
2025-12-21 18:01:58 : info: [CONTROLLER] Audio chunk - Session: session_1766320252200_aaep3ejhs, Sequence: 30
2025-12-21 18:01:58 : info: [SERVICE] Saving audio chunk for session session_1766320252200_aaep3ejhs
2025-12-21 18:01:58 : info: [SERVICE] Sequence: 30, Size: 32844 bytes
2025-12-21 18:01:58 : info: [SERVICE] Audio bytes written: 65704
2025-12-21 18:01:59 : info: [Deepgram] File transcription complete
2025-12-21 18:01:59 : info: [Deepgram] Formatting result
2025-12-21 18:01:59 : info: [Deepgram] Final timeline built with
2025-12-21 18:01:59 : info: [Recording Controller] Transcribed text from Deepgram:
2025-12-21 18:01:59 : info: [Recording Controller] Text: "So here, this is, uh, the generative AI Python thing, which is deprecated. So according to what I found, uh, it's duplicated. So for this project, uh, we have to use this thing as they're, like, ecosystem to create. Official this thing we have to go. Python Gen AI. It's same thing. Click here. And this thing, we have to use for rack operations."
2025-12-21 18:01:59 : info: [Recording Controller] Timeline segments: 17
2025-12-21 18:01:59 : info: [Recording Controller] Metadata: {"transaction_key":"deprecated","request_id":"48ac0b55-0dee-4964-8e69-6a3b797bb413","sha256":"041582de52144f6e7bb6847a5db97bf20c3134c408949c50ed6f813d9f619ad8","created":"2025-12-21T12:32:00.152Z","duration":59.1,"channels":1,"models":["1abfe86b-e047-4eed-858a-35e5625b41ee"],"model_info":{"1abfe86b-e047-4eed-858a-35e5625b41ee":{"name":"2-general-nova","version":"2024-01-06.5664","arch":"nova-2"}}}
2025-12-21 18:01:59 : warn: [Frontend Service] No client connected for session: session_1766320252200_aaep3ejhs. Buffering audio.
2025-12-21 18:01:59 : info: [Frontend Service] Buffered audio message for session: session_1766320252200_aaep3ejhs. Queue size: 2
2025-12-21 18:01:59 : info: [Frontend Service] Stored 31 DOM events for session: session_1766320252200_aaep3ejhs
2025-12-21 18:01:59 : info: [Recording Controller] Stored 31 DOM events for potential fallback
2025-12-21 18:01:59 : info: [Python Controller] Processing with AI:
2025-12-21 18:01:59 : info: [Python Controller] - Text: "So here, this is, uh, the generative AI Python thing, which is deprecated. So according to what I fo..."
2025-12-21 18:01:59 : info: [Python Controller] - DOM Events: 31
2025-12-21 18:01:59 : info: [Python Controller] - Has Deepgram Response: true
2025-12-21 18:01:59 : info: [Python Controller] - Audio Path: W:\GCU\Project\Clueso_clone_example\Clueso_Node_layer\src\recordings\recording_session_1766320252200_aaep3ejhs_audio.webm
2025-12-21 18:01:59 : info: [Python Controller] - Session ID: session_1766320252200_aaep3ejhs
2025-12-21 18:01:59 : info: [Python Service] Sending text with 31 DOM events to Python layer
2025-12-21 18:02:00 : info: [CONTROLLER] Video chunk - Session: session_1766320252200_aaep3ejhs, Sequence: 58
2025-12-21 18:02:00 : info: [SERVICE] Saving video chunk for session session_1766320252200_aaep3ejhs
2025-12-21 18:02:00 : info: [SERVICE] Sequence: 58, Size: 17835 bytes
2025-12-21 18:02:00 : info: [SERVICE] Video bytes written: 33807
2025-12-21 18:02:00 : info: [CONTROLLER] Audio chunk - Session: session_1766320252200_aaep3ejhs, Sequence: 31
2025-12-21 18:02:00 : info: [SERVICE] Saving audio chunk for session session_1766320252200_aaep3ejhs
2025-12-21 18:02:00 : info: [SERVICE] Sequence: 31, Size: 32844 bytes
2025-12-21 18:02:00 : info: [SERVICE] Audio bytes written: 98548
2025-12-21 18:02:01 : info: [CONTROLLER] Video chunk - Session: session_1766320252200_aaep3ejhs, Sequence: 59
2025-12-21 18:02:01 : info: [SERVICE] Saving video chunk for session session_1766320252200_aaep3ejhs
2025-12-21 18:02:01 : info: [SERVICE] Sequence: 59, Size: 1237 bytes
2025-12-21 18:02:01 : info: [SERVICE] Video bytes written: 35044
2025-12-21 18:02:02 : info: [CONTROLLER] Video chunk - Session: session_1766320252200_aaep3ejhs, Sequence: 60
2025-12-21 18:02:02 : info: [SERVICE] Saving video chunk for session session_1766320252200_aaep3ejhs
2025-12-21 18:02:02 : info: [SERVICE] Sequence: 60, Size: 835 bytes
2025-12-21 18:02:02 : info: [SERVICE] Video bytes written: 35879
2025-12-21 18:02:02 : info: [CONTROLLER] Audio chunk - Session: session_1766320252200_aaep3ejhs, Sequence: 32
2025-12-21 18:02:02 : info: [SERVICE] Saving audio chunk for session session_1766320252200_aaep3ejhs
2025-12-21 18:02:02 : info: [SERVICE] Sequence: 32, Size: 32844 bytes
2025-12-21 18:02:02 : info: [SERVICE] Audio bytes written: 131392
2025-12-21 18:02:03 : info: [CONTROLLER] Video chunk - Session: session_1766320252200_aaep3ejhs, Sequence: 61
2025-12-21 18:02:03 : info: [SERVICE] Saving video chunk for session session_1766320252200_aaep3ejhs
2025-12-21 18:02:03 : info: [SERVICE] Sequence: 61, Size: 905 bytes
2025-12-21 18:02:03 : info: [SERVICE] Video bytes written: 36784
2025-12-21 18:02:03 : error: [Python Service] Error response from Python layer: 500 - {"detail":"Processing failed: Deepgram error 401: {\"err_code\":\"INVALID_AUTH\",\"err_msg\":\"Invalid credentials.\",\"request_id\":\"a0ee7c6a-8af3-467b-88f1-9a37809021ac\"}"}
2025-12-21 18:02:03 : error: [Python Service] Error sending data to Python layer: Python layer returned error: 500 - {"detail":"Processing failed: Deepgram error 401: {\"err_code\":\"INVALID_AUTH\",\"err_msg\":\"Invalid credentials.\",\"request_id\":\"a0ee7c6a-8af3-467b-88f1-9a37809021ac\"}"}
2025-12-21 18:02:03 : error: [Python Controller] Error processing with AI: Error: Python layer returned error: 500 - {"detail":"Processing failed: Deepgram error 401: {\"err_code\":\"INVALID_AUTH\",\"err_msg\":\"Invalid credentials.\",\"request_id\":\"a0ee7c6a-8af3-467b-88f1-9a37809021ac\"}"}
2025-12-21 18:02:03 : warn: [Frontend Service] No client connected for session: session_1766320252200_aaep3ejhs. Buffering instructions.
2025-12-21 18:02:03 : info: [Frontend Service] Buffered instructions message for session: session_1766320252200_aaep3ejhs. Queue size: 3
2025-12-21 18:02:03 : warn: [Recording Controller] Python processing failed, triggering DOM events fallback
2025-12-21 18:02:03 : info: [Frontend Service] Using DOM events as fallback for session: session_1766320252200_aaep3ejhs (31 events)
2025-12-21 18:02:03 : warn: [Frontend Service] No client connected for session: session_1766320252200_aaep3ejhs. Buffering instructions.
2025-12-21 18:02:03 : info: [Frontend Service] Buffered instructions message for session: session_1766320252200_aaep3ejhs. Queue size: 4
2025-12-21 18:02:03 : warn: [Frontend Service] No client connected for session: session_1766320252200_aaep3ejhs. Buffering instructions.
2025-12-21 18:02:03 : info: [Frontend Service] Buffered instructions message for session: session_1766320252200_aaep3ejhs. Queue size: 5
2025-12-21 18:02:03 : warn: [Frontend Service] No client connected for session: session_1766320252200_aaep3ejhs. Buffering instructions.
2025-12-21 18:02:03 : info: [Frontend Service] Buffered instructions message for session: session_1766320252200_aaep3ejhs. Queue size: 6
2025-12-21 18:02:03 : warn: [Frontend Service] No client connected for session: session_1766320252200_aaep3ejhs. Buffering instructions.
2025-12-21 18:02:03 : info: [Frontend Service] Buffered instructions message for session: session_1766320252200_aaep3ejhs. Queue size: 7
2025-12-21 18:02:03 : warn: [Frontend Service] No client connected for session: session_1766320252200_aaep3ejhs. Buffering instructions.
2025-12-21 18:02:03 : info: [Frontend Service] Buffered instructions message for session: session_1766320252200_aaep3ejhs. Queue size: 8
2025-12-21 18:02:03 : warn: [Frontend Service] No client connected for session: session_1766320252200_aaep3ejhs. Buffering instructions.
2025-12-21 18:02:03 : info: [Frontend Service] Buffered instructions message for session: session_1766320252200_aaep3ejhs. Queue size: 9
2025-12-21 18:02:03 : warn: [Frontend Service] No client connected for session: session_1766320252200_aaep3ejhs. Buffering instructions.
2025-12-21 18:02:03 : info: [Frontend Service] Buffered instructions message for session: session_1766320252200_aaep3ejhs. Queue size: 10
2025-12-21 18:02:03 : warn: [Frontend Service] No client connected for session: session_1766320252200_aaep3ejhs. Buffering instructions.
2025-12-21 18:02:03 : info: [Frontend Service] Buffered instructions message for session: session_1766320252200_aaep3ejhs. Queue size: 11
2025-12-21 18:02:03 : warn: [Frontend Service] No client connected for session: session_1766320252200_aaep3ejhs. Buffering instructions.
2025-12-21 18:02:03 : info: [Frontend Service] Buffered instructions message for session: session_1766320252200_aaep3ejhs. Queue size: 12
2025-12-21 18:02:03 : warn: [Frontend Service] No client connected for session: session_1766320252200_aaep3ejhs. Buffering instructions.
2025-12-21 18:02:03 : info: [Frontend Service] Buffered instructions message for session: session_1766320252200_aaep3ejhs. Queue size: 13
2025-12-21 18:02:03 : warn: [Frontend Service] No client connected for session: session_1766320252200_aaep3ejhs. Buffering instructions.
2025-12-21 18:02:03 : info: [Frontend Service] Buffered instructions message for session: session_1766320252200_aaep3ejhs. Queue size: 14
2025-12-21 18:02:03 : warn: [Frontend Service] No client connected for session: session_1766320252200_aaep3ejhs. Buffering instructions.
2025-12-21 18:02:03 : info: [Frontend Service] Buffered instructions message for session: session_1766320252200_aaep3ejhs. Queue size: 15
2025-12-21 18:02:03 : warn: [Frontend Service] No client connected for session: session_1766320252200_aaep3ejhs. Buffering instructions.
2025-12-21 18:02:03 : info: [Frontend Service] Buffered instructions message for session: session_1766320252200_aaep3ejhs. Queue size: 16
2025-12-21 18:02:03 : warn: [Frontend Service] No client connected for session: session_1766320252200_aaep3ejhs. Buffering instructions.
2025-12-21 18:02:03 : info: [Frontend Service] Buffered instructions message for session: session_1766320252200_aaep3ejhs. Queue size: 17
2025-12-21 18:02:03 : warn: [Frontend Service] No client connected for session: session_1766320252200_aaep3ejhs. Buffering instructions.
2025-12-21 18:02:03 : info: [Frontend Service] Buffered instructions message for session: session_1766320252200_aaep3ejhs. Queue size: 18
2025-12-21 18:02:03 : warn: [Frontend Service] No client connected for session: session_1766320252200_aaep3ejhs. Buffering instructions.
2025-12-21 18:02:03 : info: [Frontend Service] Buffered instructions message for session: session_1766320252200_aaep3ejhs. Queue size: 19
2025-12-21 18:02:03 : warn: [Frontend Service] No client connected for session: session_1766320252200_aaep3ejhs. Buffering instructions.
2025-12-21 18:02:03 : info: [Frontend Service] Buffered instructions message for session: session_1766320252200_aaep3ejhs. Queue size: 20
2025-12-21 18:02:03 : warn: [Frontend Service] No client connected for session: session_1766320252200_aaep3ejhs. Buffering instructions.
2025-12-21 18:02:03 : info: [Frontend Service] Buffered instructions message for session: session_1766320252200_aaep3ejhs. Queue size: 21
2025-12-21 18:02:03 : warn: [Frontend Service] No client connected for session: session_1766320252200_aaep3ejhs. Buffering instructions.
2025-12-21 18:02:03 : info: [Frontend Service] Buffered instructions message for session: session_1766320252200_aaep3ejhs. Queue size: 22
2025-12-21 18:02:03 : warn: [Frontend Service] No client connected for session: session_1766320252200_aaep3ejhs. Buffering instructions.
2025-12-21 18:02:03 : info: [Frontend Service] Buffered instructions message for session: session_1766320252200_aaep3ejhs. Queue size: 23
2025-12-21 18:02:03 : warn: [Frontend Service] No client connected for session: session_1766320252200_aaep3ejhs. Buffering instructions.
2025-12-21 18:02:03 : info: [Frontend Service] Buffered instructions message for session: session_1766320252200_aaep3ejhs. Queue size: 24
2025-12-21 18:02:03 : warn: [Frontend Service] No client connected for session: session_1766320252200_aaep3ejhs. Buffering instructions.
2025-12-21 18:02:03 : info: [Frontend Service] Buffered instructions message for session: session_1766320252200_aaep3ejhs. Queue size: 25
2025-12-21 18:02:03 : warn: [Frontend Service] No client connected for session: session_1766320252200_aaep3ejhs. Buffering instructions.
2025-12-21 18:02:03 : info: [Frontend Service] Buffered instructions message for session: session_1766320252200_aaep3ejhs. Queue size: 26
2025-12-21 18:02:03 : warn: [Frontend Service] No client connected for session: session_1766320252200_aaep3ejhs. Buffering instructions.
2025-12-21 18:02:03 : info: [Frontend Service] Buffered instructions message for session: session_1766320252200_aaep3ejhs. Queue size: 27
2025-12-21 18:02:03 : warn: [Frontend Service] No client connected for session: session_1766320252200_aaep3ejhs. Buffering instructions.
2025-12-21 18:02:03 : info: [Frontend Service] Buffered instructions message for session: session_1766320252200_aaep3ejhs. Queue size: 28
2025-12-21 18:02:03 : warn: [Frontend Service] No client connected for session: session_1766320252200_aaep3ejhs. Buffering instructions.
2025-12-21 18:02:03 : info: [Frontend Service] Buffered instructions message for session: session_1766320252200_aaep3ejhs. Queue size: 29
2025-12-21 18:02:03 : warn: [Frontend Service] No client connected for session: session_1766320252200_aaep3ejhs. Buffering instructions.
2025-12-21 18:02:03 : info: [Frontend Service] Buffered instructions message for session: session_1766320252200_aaep3ejhs. Queue size: 30
2025-12-21 18:02:03 : warn: [Frontend Service] No client connected for session: session_1766320252200_aaep3ejhs. Buffering instructions.
2025-12-21 18:02:03 : info: [Frontend Service] Buffered instructions message for session: session_1766320252200_aaep3ejhs. Queue size: 31
2025-12-21 18:02:03 : warn: [Frontend Service] No client connected for session: session_1766320252200_aaep3ejhs. Buffering instructions.
2025-12-21 18:02:03 : info: [Frontend Service] Buffered instructions message for session: session_1766320252200_aaep3ejhs. Queue size: 32
2025-12-21 18:02:03 : warn: [Frontend Service] No client connected for session: session_1766320252200_aaep3ejhs. Buffering instructions.
2025-12-21 18:02:03 : info: [Frontend Service] Buffered instructions message for session: session_1766320252200_aaep3ejhs. Queue size: 33
2025-12-21 18:02:03 : warn: [Frontend Service] No client connected for session: session_1766320252200_aaep3ejhs. Buffering instructions.
2025-12-21 18:02:03 : info: [Frontend Service] Buffered instructions message for session: session_1766320252200_aaep3ejhs. Queue size: 34
2025-12-21 18:02:05 : info: [Frontend Service] Client connected: T9paj8hakr_FVkOxAAAB
2025-12-21 18:02:05 : info: [Frontend Service] Client T9paj8hakr_FVkOxAAAB registered for session: session_1766320252200_aaep3ejhs
2025-12-21 18:02:05 : info: [Frontend Service] Flushing 34 buffered messages for session: session_1766320252200_aaep3ejhs
2025-12-21 18:02:05 : info: [Frontend Service] Sending buffered video to session: session_1766320252200_aaep3ejhs
2025-12-21 18:02:05 : info: [Frontend Service] Sending buffered audio to session: session_1766320252200_aaep3ejhs
2025-12-21 18:02:05 : info: [Frontend Service] Sending buffered instructions to session: session_1766320252200_aaep3ejhs
2025-12-21 18:02:05 : info: [Frontend Service] Sending buffered instructions to session: session_1766320252200_aaep3ejhs
2025-12-21 18:02:05 : info: [Frontend Service] Sending buffered instructions to session: session_1766320252200_aaep3ejhs
2025-12-21 18:02:05 : info: [Frontend Service] Sending buffered instructions to session: session_1766320252200_aaep3ejhs
2025-12-21 18:02:05 : info: [Frontend Service] Sending buffered instructions to session: session_1766320252200_aaep3ejhs
2025-12-21 18:02:05 : info: [Frontend Service] Sending buffered instructions to session: session_1766320252200_aaep3ejhs
2025-12-21 18:02:05 : info: [Frontend Service] Sending buffered instructions to session: session_1766320252200_aaep3ejhs
2025-12-21 18:02:05 : info: [Frontend Service] Sending buffered instructions to session: session_1766320252200_aaep3ejhs
2025-12-21 18:02:05 : info: [Frontend Service] Sending buffered instructions to session: session_1766320252200_aaep3ejhs
2025-12-21 18:02:05 : info: [Frontend Service] Sending buffered instructions to session: session_1766320252200_aaep3ejhs
2025-12-21 18:02:05 : info: [Frontend Service] Sending buffered instructions to session: session_1766320252200_aaep3ejhs
2025-12-21 18:02:05 : info: [Frontend Service] Sending buffered instructions to session: session_1766320252200_aaep3ejhs
2025-12-21 18:02:05 : info: [Frontend Service] Sending buffered instructions to session: session_1766320252200_aaep3ejhs
2025-12-21 18:02:05 : info: [Frontend Service] Sending buffered instructions to session: session_1766320252200_aaep3ejhs
2025-12-21 18:02:05 : info: [Frontend Service] Sending buffered instructions to session: session_1766320252200_aaep3ejhs
2025-12-21 18:02:05 : info: [Frontend Service] Sending buffered instructions to session: session_1766320252200_aaep3ejhs
2025-12-21 18:02:05 : info: [Frontend Service] Sending buffered instructions to session: session_1766320252200_aaep3ejhs
2025-12-21 18:02:05 : info: [Frontend Service] Sending buffered instructions to session: session_1766320252200_aaep3ejhs
2025-12-21 18:02:05 : info: [Frontend Service] Sending buffered instructions to session: session_1766320252200_aaep3ejhs
2025-12-21 18:02:05 : info: [Frontend Service] Sending buffered instructions to session: session_1766320252200_aaep3ejhs
2025-12-21 18:02:05 : info: [Frontend Service] Sending buffered instructions to session: session_1766320252200_aaep3ejhs
2025-12-21 18:02:05 : info: [Frontend Service] Sending buffered instructions to session: session_1766320252200_aaep3ejhs
2025-12-21 18:02:05 : info: [Frontend Service] Sending buffered instructions to session: session_1766320252200_aaep3ejhs
2025-12-21 18:02:05 : info: [Frontend Service] Sending buffered instructions to session: session_1766320252200_aaep3ejhs
2025-12-21 18:02:05 : info: [Frontend Service] Sending buffered instructions to session: session_1766320252200_aaep3ejhs
2025-12-21 18:02:05 : info: [Frontend Service] Sending buffered instructions to session: session_1766320252200_aaep3ejhs
2025-12-21 18:02:05 : info: [Frontend Service] Sending buffered instructions to session: session_1766320252200_aaep3ejhs
2025-12-21 18:02:05 : info: [Frontend Service] Sending buffered instructions to session: session_1766320252200_aaep3ejhs
2025-12-21 18:02:05 : info: [Frontend Service] Sending buffered instructions to session: session_1766320252200_aaep3ejhs
2025-12-21 18:02:05 : info: [Frontend Service] Sending buffered instructions to session: session_1766320252200_aaep3ejhs
2025-12-21 18:02:05 : info: [Frontend Service] Sending buffered instructions to session: session_1766320252200_aaep3ejhs
2025-12-21 18:02:05 : info: [Frontend Service] Sending buffered instructions to session: session_1766320252200_aaep3ejhs
2025-12-21 18:05:08 : info: [Frontend Service] Client disconnected and removed from session: session_1766320252200_aaep3ejhs
2025-12-21 18:05:16 : info: [Frontend Service] Client connected: 2_VO7pyxBW2gaaRuAAAE
2025-12-21 18:05:16 : info: [Frontend Service] Client 2_VO7pyxBW2gaaRuAAAE registered for session: session_1766320252200_aaep3ejhssession_1766320252200_aaep3ejhs
2025-12-21 18:05:16 : warn: [Frontend Service] Session session_1766320252200_aaep3ejhssession_1766320252200_aaep3ejhs already has a client, disconnecting old client
2025-12-21 18:05:16 : info: [Frontend Service] Client disconnected and removed from session: session_1766320252200_aaep3ejhssession_1766320252200_aaep3ejhs
2025-12-21 18:05:16 : info: [Frontend Service] Client 2_VO7pyxBW2gaaRuAAAE registered for session: session_1766320252200_aaep3ejhssession_1766320252200_aaep3ejhs
2025-12-21 18:05:27 : info: [Frontend Service] Client connected: qAY77bVljs3AwGqeAAAH
2025-12-21 18:05:27 : info: [Frontend Service] Client qAY77bVljs3AwGqeAAAH registered for session: session_1766320252200_aaep3ejhs
2025-12-21 18:05:27 : warn: [Frontend Service] Session session_1766320252200_aaep3ejhs already has a client, disconnecting old client
2025-12-21 18:05:27 : info: [Frontend Service] Client disconnected and removed from session: session_1766320252200_aaep3ejhs
2025-12-21 18:05:27 : info: [Frontend Service] Client qAY77bVljs3AwGqeAAAH registered for session: session_1766320252200_aaep3ejhs
2025-12-21 18:30:40 : info: [Deepgram] Client initialized
2025-12-21 18:30:40 : info: [Frontend Service] Socket.IO server initialized
2025-12-21 18:30:40 : info: Server started
2025-12-21 18:30:40 : info: Socket.IO server ready for frontend connections
2025-12-21 18:32:39 : info: [CONTROLLER] Video chunk - Session: session_1766322154648_s1ozdfsup, Sequence: 0
2025-12-21 18:32:39 : info: [SERVICE] Created video stream for session: session_1766322154648_s1ozdfsup
2025-12-21 18:32:39 : info: [SERVICE] Saving video chunk for session session_1766322154648_s1ozdfsup
2025-12-21 18:32:39 : info: [SERVICE] Sequence: 0, Size: 141674 bytes
2025-12-21 18:32:39 : info: [SERVICE] Video bytes written: 141674
2025-12-21 18:32:40 : info: [CONTROLLER] Video chunk - Session: session_1766322154648_s1ozdfsup, Sequence: 1
2025-12-21 18:32:40 : info: [SERVICE] Saving video chunk for session session_1766322154648_s1ozdfsup
2025-12-21 18:32:40 : info: [SERVICE] Sequence: 1, Size: 236061 bytes
2025-12-21 18:32:40 : info: [SERVICE] Video bytes written: 377735
2025-12-21 18:32:40 : info: [CONTROLLER] Audio chunk - Session: session_1766322154648_s1ozdfsup, Sequence: 0
2025-12-21 18:32:40 : info: [SERVICE] Created audio stream for session: session_1766322154648_s1ozdfsup
2025-12-21 18:32:40 : info: [SERVICE] Saving audio chunk for session session_1766322154648_s1ozdfsup
2025-12-21 18:32:40 : info: [SERVICE] Sequence: 0, Size: 32038 bytes
2025-12-21 18:32:40 : info: [SERVICE] Audio bytes written: 32038
2025-12-21 18:32:41 : info: [CONTROLLER] Video chunk - Session: session_1766322154648_s1ozdfsup, Sequence: 2
2025-12-21 18:32:41 : info: [SERVICE] Saving video chunk for session session_1766322154648_s1ozdfsup
2025-12-21 18:32:41 : info: [SERVICE] Sequence: 2, Size: 148475 bytes
2025-12-21 18:32:41 : info: [SERVICE] Video bytes written: 526210
2025-12-21 18:32:42 : info: [CONTROLLER] Video chunk - Session: session_1766322154648_s1ozdfsup, Sequence: 3
2025-12-21 18:32:42 : info: [SERVICE] Saving video chunk for session session_1766322154648_s1ozdfsup
2025-12-21 18:32:42 : info: [SERVICE] Sequence: 3, Size: 277013 bytes
2025-12-21 18:32:42 : info: [SERVICE] Video bytes written: 803223
2025-12-21 18:32:42 : info: [CONTROLLER] Audio chunk - Session: session_1766322154648_s1ozdfsup, Sequence: 1
2025-12-21 18:32:42 : info: [SERVICE] Saving audio chunk for session session_1766322154648_s1ozdfsup
2025-12-21 18:32:42 : info: [SERVICE] Sequence: 1, Size: 32844 bytes
2025-12-21 18:32:42 : info: [SERVICE] Audio bytes written: 64882
2025-12-21 18:32:44 : info: [CONTROLLER] Video chunk - Session: session_1766322154648_s1ozdfsup, Sequence: 4
2025-12-21 18:32:44 : info: [SERVICE] Saving video chunk for session session_1766322154648_s1ozdfsup
2025-12-21 18:32:44 : info: [SERVICE] Sequence: 4, Size: 256255 bytes
2025-12-21 18:32:44 : info: [SERVICE] Video bytes written: 1059478
2025-12-21 18:32:44 : info: [CONTROLLER] Audio chunk - Session: session_1766322154648_s1ozdfsup, Sequence: 2
2025-12-21 18:32:44 : info: [SERVICE] Saving audio chunk for session session_1766322154648_s1ozdfsup
2025-12-21 18:32:44 : info: [SERVICE] Sequence: 2, Size: 32844 bytes
2025-12-21 18:32:44 : info: [SERVICE] Audio bytes written: 97726
2025-12-21 18:32:45 : info: [CONTROLLER] Video chunk - Session: session_1766322154648_s1ozdfsup, Sequence: 5
2025-12-21 18:32:45 : info: [SERVICE] Saving video chunk for session session_1766322154648_s1ozdfsup
2025-12-21 18:32:45 : info: [SERVICE] Sequence: 5, Size: 256476 bytes
2025-12-21 18:32:45 : info: [SERVICE] Video bytes written: 1315954
2025-12-21 18:32:46 : info: [CONTROLLER] Video chunk - Session: session_1766322154648_s1ozdfsup, Sequence: 6
2025-12-21 18:32:46 : info: [SERVICE] Saving video chunk for session session_1766322154648_s1ozdfsup
2025-12-21 18:32:46 : info: [SERVICE] Sequence: 6, Size: 109120 bytes
2025-12-21 18:32:46 : info: [SERVICE] Video bytes written: 1425074
2025-12-21 18:32:46 : info: [CONTROLLER] Audio chunk - Session: session_1766322154648_s1ozdfsup, Sequence: 3
2025-12-21 18:32:46 : info: [SERVICE] Saving audio chunk for session session_1766322154648_s1ozdfsup
2025-12-21 18:32:46 : info: [SERVICE] Sequence: 3, Size: 32844 bytes
2025-12-21 18:32:46 : info: [SERVICE] Audio bytes written: 130570
2025-12-21 18:32:47 : info: [CONTROLLER] Video chunk - Session: session_1766322154648_s1ozdfsup, Sequence: 7
2025-12-21 18:32:47 : info: [SERVICE] Saving video chunk for session session_1766322154648_s1ozdfsup
2025-12-21 18:32:47 : info: [SERVICE] Sequence: 7, Size: 35646 bytes
2025-12-21 18:32:47 : info: [SERVICE] Video bytes written: 1460720
2025-12-21 18:32:48 : info: [CONTROLLER] Video chunk - Session: session_1766322154648_s1ozdfsup, Sequence: 8
2025-12-21 18:32:48 : info: [SERVICE] Saving video chunk for session session_1766322154648_s1ozdfsup
2025-12-21 18:32:48 : info: [SERVICE] Sequence: 8, Size: 390772 bytes
2025-12-21 18:32:48 : info: [SERVICE] Video bytes written: 1851492
2025-12-21 18:32:49 : info: [CONTROLLER] Audio chunk - Session: session_1766322154648_s1ozdfsup, Sequence: 4
2025-12-21 18:32:49 : info: [SERVICE] Saving audio chunk for session session_1766322154648_s1ozdfsup
2025-12-21 18:32:49 : info: [SERVICE] Sequence: 4, Size: 32844 bytes
2025-12-21 18:32:49 : info: [SERVICE] Audio bytes written: 163414
2025-12-21 18:32:49 : info: [CONTROLLER] Video chunk - Session: session_1766322154648_s1ozdfsup, Sequence: 9
2025-12-21 18:32:49 : info: [SERVICE] Saving video chunk for session session_1766322154648_s1ozdfsup
2025-12-21 18:32:49 : info: [SERVICE] Sequence: 9, Size: 111170 bytes
2025-12-21 18:32:49 : info: [SERVICE] Video bytes written: 1962662
2025-12-21 18:32:50 : info: [CONTROLLER] Video chunk - Session: session_1766322154648_s1ozdfsup, Sequence: 10
2025-12-21 18:32:50 : info: [SERVICE] Saving video chunk for session session_1766322154648_s1ozdfsup
2025-12-21 18:32:50 : info: [SERVICE] Sequence: 10, Size: 297915 bytes
2025-12-21 18:32:50 : info: [SERVICE] Video bytes written: 2260577
2025-12-21 18:32:51 : info: [CONTROLLER] Audio chunk - Session: session_1766322154648_s1ozdfsup, Sequence: 5
2025-12-21 18:32:51 : info: [SERVICE] Saving audio chunk for session session_1766322154648_s1ozdfsup
2025-12-21 18:32:51 : info: [SERVICE] Sequence: 5, Size: 32844 bytes
2025-12-21 18:32:51 : info: [SERVICE] Audio bytes written: 196258
2025-12-21 18:32:51 : info: [CONTROLLER] Video chunk - Session: session_1766322154648_s1ozdfsup, Sequence: 11
2025-12-21 18:32:51 : info: [SERVICE] Saving video chunk for session session_1766322154648_s1ozdfsup
2025-12-21 18:32:51 : info: [SERVICE] Sequence: 11, Size: 18375 bytes
2025-12-21 18:32:51 : info: [SERVICE] Video bytes written: 2278952
2025-12-21 18:32:52 : info: [CONTROLLER] Video chunk - Session: session_1766322154648_s1ozdfsup, Sequence: 12
2025-12-21 18:32:52 : info: [SERVICE] Saving video chunk for session session_1766322154648_s1ozdfsup
2025-12-21 18:32:52 : info: [SERVICE] Sequence: 12, Size: 53068 bytes
2025-12-21 18:32:52 : info: [SERVICE] Video bytes written: 2332020
2025-12-21 18:32:53 : info: [CONTROLLER] Audio chunk - Session: session_1766322154648_s1ozdfsup, Sequence: 6
2025-12-21 18:32:53 : info: [SERVICE] Saving audio chunk for session session_1766322154648_s1ozdfsup
2025-12-21 18:32:53 : info: [SERVICE] Sequence: 6, Size: 32844 bytes
2025-12-21 18:32:53 : info: [SERVICE] Audio bytes written: 229102
2025-12-21 18:32:54 : info: [CONTROLLER] Video chunk - Session: session_1766322154648_s1ozdfsup, Sequence: 13
2025-12-21 18:32:54 : info: [SERVICE] Saving video chunk for session session_1766322154648_s1ozdfsup
2025-12-21 18:32:54 : info: [SERVICE] Sequence: 13, Size: 224774 bytes
2025-12-21 18:32:54 : info: [SERVICE] Video bytes written: 2556794
2025-12-21 18:32:55 : info: [CONTROLLER] Audio chunk - Session: session_1766322154648_s1ozdfsup, Sequence: 7
2025-12-21 18:32:55 : info: [SERVICE] Saving audio chunk for session session_1766322154648_s1ozdfsup
2025-12-21 18:32:55 : info: [SERVICE] Sequence: 7, Size: 32844 bytes
2025-12-21 18:32:55 : info: [SERVICE] Audio bytes written: 261946
2025-12-21 18:32:55 : info: [CONTROLLER] Video chunk - Session: session_1766322154648_s1ozdfsup, Sequence: 14
2025-12-21 18:32:55 : info: [SERVICE] Saving video chunk for session session_1766322154648_s1ozdfsup
2025-12-21 18:32:55 : info: [SERVICE] Sequence: 14, Size: 84402 bytes
2025-12-21 18:32:55 : info: [SERVICE] Video bytes written: 2641196
2025-12-21 18:32:56 : info: [CONTROLLER] Video chunk - Session: session_1766322154648_s1ozdfsup, Sequence: 15
2025-12-21 18:32:56 : info: [SERVICE] Saving video chunk for session session_1766322154648_s1ozdfsup
2025-12-21 18:32:56 : info: [SERVICE] Sequence: 15, Size: 90158 bytes
2025-12-21 18:32:56 : info: [SERVICE] Video bytes written: 2731354
2025-12-21 18:32:57 : info: [CONTROLLER] Audio chunk - Session: session_1766322154648_s1ozdfsup, Sequence: 8
2025-12-21 18:32:57 : info: [SERVICE] Saving audio chunk for session session_1766322154648_s1ozdfsup
2025-12-21 18:32:57 : info: [SERVICE] Sequence: 8, Size: 32844 bytes
2025-12-21 18:32:57 : info: [SERVICE] Audio bytes written: 294790
2025-12-21 18:32:57 : info: [CONTROLLER] Video chunk - Session: session_1766322154648_s1ozdfsup, Sequence: 16
2025-12-21 18:32:57 : info: [SERVICE] Saving video chunk for session session_1766322154648_s1ozdfsup
2025-12-21 18:32:57 : info: [SERVICE] Sequence: 16, Size: 59922 bytes
2025-12-21 18:32:57 : info: [SERVICE] Video bytes written: 2791276
2025-12-21 18:32:58 : info: [CONTROLLER] Video chunk - Session: session_1766322154648_s1ozdfsup, Sequence: 17
2025-12-21 18:32:58 : info: [SERVICE] Saving video chunk for session session_1766322154648_s1ozdfsup
2025-12-21 18:32:58 : info: [SERVICE] Sequence: 17, Size: 226499 bytes
2025-12-21 18:32:58 : info: [SERVICE] Video bytes written: 3017775
2025-12-21 18:32:59 : info: [CONTROLLER] Audio chunk - Session: session_1766322154648_s1ozdfsup, Sequence: 9
2025-12-21 18:32:59 : info: [SERVICE] Saving audio chunk for session session_1766322154648_s1ozdfsup
2025-12-21 18:32:59 : info: [SERVICE] Sequence: 9, Size: 32844 bytes
2025-12-21 18:32:59 : info: [SERVICE] Audio bytes written: 327634
2025-12-21 18:32:59 : info: [CONTROLLER] Video chunk - Session: session_1766322154648_s1ozdfsup, Sequence: 18
2025-12-21 18:32:59 : info: [SERVICE] Saving video chunk for session session_1766322154648_s1ozdfsup
2025-12-21 18:32:59 : info: [SERVICE] Sequence: 18, Size: 28257 bytes
2025-12-21 18:32:59 : info: [SERVICE] Video bytes written: 3046032
2025-12-21 18:33:00 : info: [CONTROLLER] Video chunk - Session: session_1766322154648_s1ozdfsup, Sequence: 19
2025-12-21 18:33:00 : info: [SERVICE] Saving video chunk for session session_1766322154648_s1ozdfsup
2025-12-21 18:33:00 : info: [SERVICE] Sequence: 19, Size: 32139 bytes
2025-12-21 18:33:00 : info: [SERVICE] Video bytes written: 3078171
2025-12-21 18:33:01 : info: [CONTROLLER] Audio chunk - Session: session_1766322154648_s1ozdfsup, Sequence: 10
2025-12-21 18:33:01 : info: [SERVICE] Saving audio chunk for session session_1766322154648_s1ozdfsup
2025-12-21 18:33:01 : info: [SERVICE] Sequence: 10, Size: 32844 bytes
2025-12-21 18:33:01 : info: [SERVICE] Audio bytes written: 360478
2025-12-21 18:33:01 : info: [CONTROLLER] Video chunk - Session: session_1766322154648_s1ozdfsup, Sequence: 20
2025-12-21 18:33:01 : info: [SERVICE] Saving video chunk for session session_1766322154648_s1ozdfsup
2025-12-21 18:33:01 : info: [SERVICE] Sequence: 20, Size: 271024 bytes
2025-12-21 18:33:01 : info: [SERVICE] Video bytes written: 3349195
2025-12-21 18:33:02 : info: [CONTROLLER] Video chunk - Session: session_1766322154648_s1ozdfsup, Sequence: 21
2025-12-21 18:33:02 : info: [SERVICE] Saving video chunk for session session_1766322154648_s1ozdfsup
2025-12-21 18:33:02 : info: [SERVICE] Sequence: 21, Size: 335306 bytes
2025-12-21 18:33:02 : info: [SERVICE] Video bytes written: 3684501
2025-12-21 18:33:03 : info: [CONTROLLER] Audio chunk - Session: session_1766322154648_s1ozdfsup, Sequence: 11
2025-12-21 18:33:03 : info: [SERVICE] Saving audio chunk for session session_1766322154648_s1ozdfsup
2025-12-21 18:33:03 : info: [SERVICE] Sequence: 11, Size: 32844 bytes
2025-12-21 18:33:03 : info: [SERVICE] Audio bytes written: 393322
2025-12-21 18:33:03 : info: [CONTROLLER] Video chunk - Session: session_1766322154648_s1ozdfsup, Sequence: 22
2025-12-21 18:33:03 : info: [SERVICE] Saving video chunk for session session_1766322154648_s1ozdfsup
2025-12-21 18:33:03 : info: [SERVICE] Sequence: 22, Size: 124423 bytes
2025-12-21 18:33:03 : info: [SERVICE] Video bytes written: 3808924
2025-12-21 18:33:04 : info: [CONTROLLER] Video chunk - Session: session_1766322154648_s1ozdfsup, Sequence: 23
2025-12-21 18:33:04 : info: [SERVICE] Saving video chunk for session session_1766322154648_s1ozdfsup
2025-12-21 18:33:04 : info: [SERVICE] Sequence: 23, Size: 122439 bytes
2025-12-21 18:33:04 : info: [SERVICE] Video bytes written: 3931363
2025-12-21 18:33:05 : info: [CONTROLLER] Audio chunk - Session: session_1766322154648_s1ozdfsup, Sequence: 12
2025-12-21 18:33:05 : info: [SERVICE] Saving audio chunk for session session_1766322154648_s1ozdfsup
2025-12-21 18:33:05 : info: [SERVICE] Sequence: 12, Size: 32844 bytes
2025-12-21 18:33:05 : info: [SERVICE] Audio bytes written: 426166
2025-12-21 18:33:05 : info: [CONTROLLER] Video chunk - Session: session_1766322154648_s1ozdfsup, Sequence: 24
2025-12-21 18:33:05 : info: [SERVICE] Saving video chunk for session session_1766322154648_s1ozdfsup
2025-12-21 18:33:05 : info: [SERVICE] Sequence: 24, Size: 470844 bytes
2025-12-21 18:33:05 : info: [SERVICE] Video bytes written: 4402207
2025-12-21 18:33:06 : info: [CONTROLLER] Video chunk - Session: session_1766322154648_s1ozdfsup, Sequence: 25
2025-12-21 18:33:06 : info: [SERVICE] Saving video chunk for session session_1766322154648_s1ozdfsup
2025-12-21 18:33:06 : info: [SERVICE] Sequence: 25, Size: 127834 bytes
2025-12-21 18:33:06 : info: [SERVICE] Video bytes written: 4530041
2025-12-21 18:33:07 : info: [CONTROLLER] Audio chunk - Session: session_1766322154648_s1ozdfsup, Sequence: 13
2025-12-21 18:33:07 : info: [SERVICE] Saving audio chunk for session session_1766322154648_s1ozdfsup
2025-12-21 18:33:07 : info: [SERVICE] Sequence: 13, Size: 32844 bytes
2025-12-21 18:33:07 : info: [SERVICE] Audio bytes written: 459010
2025-12-21 18:33:07 : info: [CONTROLLER] Video chunk - Session: session_1766322154648_s1ozdfsup, Sequence: 26
2025-12-21 18:33:07 : info: [SERVICE] Saving video chunk for session session_1766322154648_s1ozdfsup
2025-12-21 18:33:07 : info: [SERVICE] Sequence: 26, Size: 168239 bytes
2025-12-21 18:33:07 : info: [SERVICE] Video bytes written: 4698280
2025-12-21 18:33:08 : info: [CONTROLLER] Video chunk - Session: session_1766322154648_s1ozdfsup, Sequence: 27
2025-12-21 18:33:08 : info: [SERVICE] Saving video chunk for session session_1766322154648_s1ozdfsup
2025-12-21 18:33:08 : info: [SERVICE] Sequence: 27, Size: 280589 bytes
2025-12-21 18:33:08 : info: [SERVICE] Video bytes written: 4978869
2025-12-21 18:33:09 : info: [CONTROLLER] Audio chunk - Session: session_1766322154648_s1ozdfsup, Sequence: 14
2025-12-21 18:33:09 : info: [SERVICE] Saving audio chunk for session session_1766322154648_s1ozdfsup
2025-12-21 18:33:09 : info: [SERVICE] Sequence: 14, Size: 32860 bytes
2025-12-21 18:33:09 : info: [SERVICE] Audio bytes written: 491870
2025-12-21 18:33:09 : info: [CONTROLLER] Video chunk - Session: session_1766322154648_s1ozdfsup, Sequence: 28
2025-12-21 18:33:09 : info: [SERVICE] Saving video chunk for session session_1766322154648_s1ozdfsup
2025-12-21 18:33:09 : info: [SERVICE] Sequence: 28, Size: 97925 bytes
2025-12-21 18:33:09 : info: [SERVICE] Video bytes written: 5076794
2025-12-21 18:33:10 : info: [CONTROLLER] Video chunk - Session: session_1766322154648_s1ozdfsup, Sequence: 29
2025-12-21 18:33:10 : info: [SERVICE] Saving video chunk for session session_1766322154648_s1ozdfsup
2025-12-21 18:33:10 : info: [SERVICE] Sequence: 29, Size: 82712 bytes
2025-12-21 18:33:10 : info: [SERVICE] Video bytes written: 5159506
2025-12-21 18:33:11 : info: [CONTROLLER] Audio chunk - Session: session_1766322154648_s1ozdfsup, Sequence: 15
2025-12-21 18:33:11 : info: [SERVICE] Saving audio chunk for session session_1766322154648_s1ozdfsup
2025-12-21 18:33:11 : info: [SERVICE] Sequence: 15, Size: 32844 bytes
2025-12-21 18:33:11 : info: [SERVICE] Audio bytes written: 524714
2025-12-21 18:33:11 : info: [CONTROLLER] Video chunk - Session: session_1766322154648_s1ozdfsup, Sequence: 30
2025-12-21 18:33:11 : info: [SERVICE] Saving video chunk for session session_1766322154648_s1ozdfsup
2025-12-21 18:33:11 : info: [SERVICE] Sequence: 30, Size: 102990 bytes
2025-12-21 18:33:11 : info: [SERVICE] Video bytes written: 5262496
2025-12-21 18:33:12 : info: [CONTROLLER] Video chunk - Session: session_1766322154648_s1ozdfsup, Sequence: 31
2025-12-21 18:33:12 : info: [SERVICE] Saving video chunk for session session_1766322154648_s1ozdfsup
2025-12-21 18:33:12 : info: [SERVICE] Sequence: 31, Size: 323891 bytes
2025-12-21 18:33:12 : info: [SERVICE] Video bytes written: 5586387
2025-12-21 18:33:13 : info: [CONTROLLER] Audio chunk - Session: session_1766322154648_s1ozdfsup, Sequence: 16
2025-12-21 18:33:13 : info: [SERVICE] Saving audio chunk for session session_1766322154648_s1ozdfsup
2025-12-21 18:33:13 : info: [SERVICE] Sequence: 16, Size: 32844 bytes
2025-12-21 18:33:13 : info: [SERVICE] Audio bytes written: 557558
2025-12-21 18:33:13 : info: [CONTROLLER] Video chunk - Session: session_1766322154648_s1ozdfsup, Sequence: 32
2025-12-21 18:33:13 : info: [SERVICE] Saving video chunk for session session_1766322154648_s1ozdfsup
2025-12-21 18:33:13 : info: [SERVICE] Sequence: 32, Size: 137217 bytes
2025-12-21 18:33:13 : info: [SERVICE] Video bytes written: 5723604
2025-12-21 18:33:15 : info: [CONTROLLER] Video chunk - Session: session_1766322154648_s1ozdfsup, Sequence: 33
2025-12-21 18:33:15 : info: [SERVICE] Saving video chunk for session session_1766322154648_s1ozdfsup
2025-12-21 18:33:15 : info: [SERVICE] Sequence: 33, Size: 23860 bytes
2025-12-21 18:33:15 : info: [SERVICE] Video bytes written: 5747464
2025-12-21 18:33:15 : info: [CONTROLLER] Audio chunk - Session: session_1766322154648_s1ozdfsup, Sequence: 17
2025-12-21 18:33:15 : info: [SERVICE] Saving audio chunk for session session_1766322154648_s1ozdfsup
2025-12-21 18:33:15 : info: [SERVICE] Sequence: 17, Size: 32844 bytes
2025-12-21 18:33:15 : info: [SERVICE] Audio bytes written: 590402
2025-12-21 18:33:16 : info: [CONTROLLER] Video chunk - Session: session_1766322154648_s1ozdfsup, Sequence: 34
2025-12-21 18:33:16 : info: [SERVICE] Saving video chunk for session session_1766322154648_s1ozdfsup
2025-12-21 18:33:16 : info: [SERVICE] Sequence: 34, Size: 95564 bytes
2025-12-21 18:33:16 : info: [SERVICE] Video bytes written: 5843028
2025-12-21 18:33:17 : info: [CONTROLLER] Audio chunk - Session: session_1766322154648_s1ozdfsup, Sequence: 18
2025-12-21 18:33:17 : info: [SERVICE] Saving audio chunk for session session_1766322154648_s1ozdfsup
2025-12-21 18:33:17 : info: [SERVICE] Sequence: 18, Size: 32844 bytes
2025-12-21 18:33:17 : info: [SERVICE] Audio bytes written: 623246
2025-12-21 18:33:17 : info: [CONTROLLER] Video chunk - Session: session_1766322154648_s1ozdfsup, Sequence: 35
2025-12-21 18:33:17 : info: [SERVICE] Saving video chunk for session session_1766322154648_s1ozdfsup
2025-12-21 18:33:17 : info: [SERVICE] Sequence: 35, Size: 79281 bytes
2025-12-21 18:33:17 : info: [SERVICE] Video bytes written: 5922309
2025-12-21 18:33:18 : info: [CONTROLLER] Video chunk - Session: session_1766322154648_s1ozdfsup, Sequence: 36
2025-12-21 18:33:18 : info: [SERVICE] Saving video chunk for session session_1766322154648_s1ozdfsup
2025-12-21 18:33:18 : info: [SERVICE] Sequence: 36, Size: 276019 bytes
2025-12-21 18:33:18 : info: [SERVICE] Video bytes written: 6198328
2025-12-21 18:33:19 : info: [CONTROLLER] Audio chunk - Session: session_1766322154648_s1ozdfsup, Sequence: 19
2025-12-21 18:33:19 : info: [SERVICE] Saving audio chunk for session session_1766322154648_s1ozdfsup
2025-12-21 18:33:19 : info: [SERVICE] Sequence: 19, Size: 32844 bytes
2025-12-21 18:33:19 : info: [SERVICE] Audio bytes written: 656090
2025-12-21 18:33:19 : info: [CONTROLLER] Video chunk - Session: session_1766322154648_s1ozdfsup, Sequence: 37
2025-12-21 18:33:19 : info: [SERVICE] Saving video chunk for session session_1766322154648_s1ozdfsup
2025-12-21 18:33:19 : info: [SERVICE] Sequence: 37, Size: 89580 bytes
2025-12-21 18:33:19 : info: [SERVICE] Video bytes written: 6287908
2025-12-21 18:33:20 : info: [CONTROLLER] Video chunk - Session: session_1766322154648_s1ozdfsup, Sequence: 38
2025-12-21 18:33:20 : info: [SERVICE] Saving video chunk for session session_1766322154648_s1ozdfsup
2025-12-21 18:33:20 : info: [SERVICE] Sequence: 38, Size: 67602 bytes
2025-12-21 18:33:20 : info: [SERVICE] Video bytes written: 6355510
2025-12-21 18:33:21 : info: [SERVICE] Processing recording for session: session_1766322154648_s1ozdfsup
2025-12-21 18:33:21 : info: [SERVICE] Active sessions: session_1766322154648_s1ozdfsup
2025-12-21 18:33:21 : info: [SERVICE] Session exists in activeStreams: true
2025-12-21 18:33:21 : info: [SERVICE] Finalizing audio for session session_1766322154648_s1ozdfsup
2025-12-21 18:33:21 : info: [SERVICE] Total chunks: 20
2025-12-21 18:33:21 : info: [SERVICE] Total bytes: 656090
2025-12-21 18:33:21 : info: [SERVICE] Audio stream closed: W:\GCU\Project\Clueso_clone_example\Clueso_Node_layer\src\uploads\audio_session_1766322154648_s1ozdfsup.webm
2025-12-21 18:33:21 : info: [SERVICE] Finalizing video for session session_1766322154648_s1ozdfsup
2025-12-21 18:33:21 : info: [SERVICE] Total chunks: 39
2025-12-21 18:33:21 : info: [SERVICE] Total bytes: 6355510
2025-12-21 18:33:21 : info: [SERVICE] Video stream closed: W:\GCU\Project\Clueso_clone_example\Clueso_Node_layer\src\uploads\video_session_1766322154648_s1ozdfsup.webm
2025-12-21 18:33:21 : info: [SERVICE] finalAudioPath: W:\GCU\Project\Clueso_clone_example\Clueso_Node_layer\src\uploads\audio_session_1766322154648_s1ozdfsup.webm
2025-12-21 18:33:21 : info: [SERVICE] finalVideoPath: W:\GCU\Project\Clueso_clone_example\Clueso_Node_layer\src\uploads\video_session_1766322154648_s1ozdfsup.webm
2025-12-21 18:33:21 : info: [SERVICE] Session session_1766322154648_s1ozdfsup statistics:
2025-12-21 18:33:21 : info: [SERVICE] Video chunks received: 39
2025-12-21 18:33:21 : info: [SERVICE] Audio chunks received: 20
2025-12-21 18:33:21 : info: [SERVICE] Video moved to: W:\GCU\Project\Clueso_clone_example\Clueso_Node_layer\src\recordings\recording_session_1766322154648_s1ozdfsup_video.webm
2025-12-21 18:33:21 : info: [SERVICE] Audio moved to: W:\GCU\Project\Clueso_clone_example\Clueso_Node_layer\src\recordings\recording_session_1766322154648_s1ozdfsup_audio.webm
2025-12-21 18:33:21 : info: [SERVICE] Recording saved: recording_session_1766322154648_s1ozdfsup_1766322201557.json
2025-12-21 18:33:21 : info: [Recording Controller] Broadcasting video to frontend session: session_1766322154648_s1ozdfsup
2025-12-21 18:33:21 : warn: [Frontend Service] No client connected for session: session_1766322154648_s1ozdfsup. Buffering video.
2025-12-21 18:33:21 : info: [Frontend Service] Buffered video message for session: session_1766322154648_s1ozdfsup. Queue size: 1
2025-12-21 18:33:21 : info: [Recording Controller] Processing audio file: W:\GCU\Project\Clueso_clone_example\Clueso_Node_layer\src\recordings\recording_session_1766322154648_s1ozdfsup_audio.webm
2025-12-21 18:33:21 : info: [Deepgram] Transcribing file: W:\GCU\Project\Clueso_clone_example\Clueso_Node_layer\src\recordings\recording_session_1766322154648_s1ozdfsup_audio.webm
2025-12-21 18:33:21 : info: [Deepgram] Building transcription options
2025-12-21 18:33:21 : info: [CONTROLLER] Audio chunk - Session: session_1766322154648_s1ozdfsup, Sequence: 20
2025-12-21 18:33:21 : info: [SERVICE] Created audio stream for session: session_1766322154648_s1ozdfsup
2025-12-21 18:33:21 : info: [SERVICE] Saving audio chunk for session session_1766322154648_s1ozdfsup
2025-12-21 18:33:21 : info: [SERVICE] Sequence: 20, Size: 32844 bytes
2025-12-21 18:33:21 : info: [SERVICE] Audio bytes written: 32844
2025-12-21 18:33:21 : info: [CONTROLLER] Video chunk - Session: session_1766322154648_s1ozdfsup, Sequence: 39
2025-12-21 18:33:21 : info: [SERVICE] Created video stream for session: session_1766322154648_s1ozdfsup
2025-12-21 18:33:21 : info: [SERVICE] Saving video chunk for session session_1766322154648_s1ozdfsup
2025-12-21 18:33:21 : info: [SERVICE] Sequence: 39, Size: 70804 bytes
2025-12-21 18:33:21 : info: [SERVICE] Video bytes written: 70804
2025-12-21 18:33:22 : info: [CONTROLLER] Video chunk - Session: session_1766322154648_s1ozdfsup, Sequence: 40
2025-12-21 18:33:22 : info: [SERVICE] Saving video chunk for session session_1766322154648_s1ozdfsup
2025-12-21 18:33:22 : info: [SERVICE] Sequence: 40, Size: 267249 bytes
2025-12-21 18:33:22 : info: [SERVICE] Video bytes written: 338053
2025-12-21 18:33:23 : info: [CONTROLLER] Audio chunk - Session: session_1766322154648_s1ozdfsup, Sequence: 21
2025-12-21 18:33:23 : info: [SERVICE] Saving audio chunk for session session_1766322154648_s1ozdfsup
2025-12-21 18:33:23 : info: [SERVICE] Sequence: 21, Size: 32844 bytes
2025-12-21 18:33:23 : info: [SERVICE] Audio bytes written: 65688
2025-12-21 18:33:23 : info: [Deepgram] File transcription complete
2025-12-21 18:33:23 : info: [Deepgram] Formatting result
2025-12-21 18:33:23 : info: [Deepgram] Final timeline built with
2025-12-21 18:33:23 : info: [Recording Controller] Transcribed text from Deepgram:
2025-12-21 18:33:23 : info: [Recording Controller] Text: "Here, uh, this is the website, ElevenLabs. Here, I'm trying to convert a normal conversation into an AI narration, uh, which may sound professional. So, yeah, I'm trying to do, but I'm checking out all the features actually because I'm not able to see the usage. Oh, yeah. Yeah. Usage properly. Okay."
2025-12-21 18:33:23 : info: [Recording Controller] Timeline segments: 15
2025-12-21 18:33:23 : info: [Recording Controller] Metadata: {"transaction_key":"deprecated","request_id":"021ddb01-6e31-46c4-a2d0-1d618ebb6b40","sha256":"a7dd45e7f0c2c5d3e83e1f3328ee91d3810b5fe863b00e4c849c332abe4f65cd","created":"2025-12-21T13:03:24.810Z","duration":40.74,"channels":1,"models":["1abfe86b-e047-4eed-858a-35e5625b41ee"],"model_info":{"1abfe86b-e047-4eed-858a-35e5625b41ee":{"name":"2-general-nova","version":"2024-01-06.5664","arch":"nova-2"}}}
2025-12-21 18:33:23 : warn: [Frontend Service] No client connected for session: session_1766322154648_s1ozdfsup. Buffering audio.
2025-12-21 18:33:23 : info: [Frontend Service] Buffered audio message for session: session_1766322154648_s1ozdfsup. Queue size: 2
2025-12-21 18:33:23 : info: [Frontend Service] Stored 24 DOM events for session: session_1766322154648_s1ozdfsup
2025-12-21 18:33:23 : info: [Recording Controller] Stored 24 DOM events for potential fallback
2025-12-21 18:33:23 : info: [Python Controller] Processing with AI:
2025-12-21 18:33:23 : info: [Python Controller] - Text: "Here, uh, this is the website, ElevenLabs. Here, I'm trying to convert a normal conversation into an..."
2025-12-21 18:33:23 : info: [Python Controller] - DOM Events: 24
2025-12-21 18:33:23 : info: [Python Controller] - Has Deepgram Response: true
2025-12-21 18:33:23 : info: [Python Controller] - Audio Path: W:\GCU\Project\Clueso_clone_example\Clueso_Node_layer\src\recordings\recording_session_1766322154648_s1ozdfsup_audio.webm
2025-12-21 18:33:23 : info: [Python Controller] - Session ID: session_1766322154648_s1ozdfsup
2025-12-21 18:33:23 : info: [Python Service] Sending text with 24 DOM events to Python layer
2025-12-21 18:33:24 : error: [Python Service] Error response from Python layer: 500 - {"detail":"Processing failed: Script generation failed: 429 RESOURCE_EXHAUSTED. {'error': {'code': 429, 'message': 'You exceeded your current quota, please check your plan and billing details. For more information on this error, head to: https://ai.google.dev/gemini-api/docs/rate-limits. To monitor your current usage, head to: https://ai.dev/usage?tab=rate-limit. \\n* Quota exceeded for metric: generativelanguage.googleapis.com/generate_content_free_tier_input_token_count, limit: 0, model: gemini-2.0-flash-exp\\n* Quota exceeded for metric: generativelanguage.googleapis.com/generate_content_free_tier_requests, limit: 0, model: gemini-2.0-flash-exp\\n* Quota exceeded for metric: generativelanguage.googleapis.com/generate_content_free_tier_requests, limit: 0, model: gemini-2.0-flash-exp\\nPlease retry in 33.990941885s.', 'status': 'RESOURCE_EXHAUSTED', 'details': [{'@type': 'type.googleapis.com/google.rpc.Help', 'links': [{'description': 'Learn more about Gemini API quotas', 'url': 'https://ai.google.dev/gemini-api/docs/rate-limits'}]}, {'@type': 'type.googleapis.com/google.rpc.QuotaFailure', 'violations': [{'quotaMetric': 'generativelanguage.googleapis.com/generate_content_free_tier_input_token_count', 'quotaId': 'GenerateContentInputTokensPerModelPerMinute-FreeTier', 'quotaDimensions': {'model': 'gemini-2.0-flash-exp', 'location': 'global'}}, {'quotaMetric': 'generativelanguage.googleapis.com/generate_content_free_tier_requests', 'quotaId': 'GenerateRequestsPerMinutePerProjectPerModel-FreeTier', 'quotaDimensions': {'model': 'gemini-2.0-flash-exp', 'location': 'global'}}, {'quotaMetric': 'generativelanguage.googleapis.com/generate_content_free_tier_requests', 'quotaId': 'GenerateRequestsPerDayPerProjectPerModel-FreeTier', 'quotaDimensions': {'location': 'global', 'model': 'gemini-2.0-flash-exp'}}]}, {'@type': 'type.googleapis.com/google.rpc.RetryInfo', 'retryDelay': '33s'}]}}"}
2025-12-21 18:33:24 : error: [Python Service] Error sending data to Python layer: Python layer returned error: 500 - {"detail":"Processing failed: Script generation failed: 429 RESOURCE_EXHAUSTED. {'error': {'code': 429, 'message': 'You exceeded your current quota, please check your plan and billing details. For more information on this error, head to: https://ai.google.dev/gemini-api/docs/rate-limits. To monitor your current usage, head to: https://ai.dev/usage?tab=rate-limit. \\n* Quota exceeded for metric: generativelanguage.googleapis.com/generate_content_free_tier_input_token_count, limit: 0, model: gemini-2.0-flash-exp\\n* Quota exceeded for metric: generativelanguage.googleapis.com/generate_content_free_tier_requests, limit: 0, model: gemini-2.0-flash-exp\\n* Quota exceeded for metric: generativelanguage.googleapis.com/generate_content_free_tier_requests, limit: 0, model: gemini-2.0-flash-exp\\nPlease retry in 33.990941885s.', 'status': 'RESOURCE_EXHAUSTED', 'details': [{'@type': 'type.googleapis.com/google.rpc.Help', 'links': [{'description': 'Learn more about Gemini API quotas', 'url': 'https://ai.google.dev/gemini-api/docs/rate-limits'}]}, {'@type': 'type.googleapis.com/google.rpc.QuotaFailure', 'violations': [{'quotaMetric': 'generativelanguage.googleapis.com/generate_content_free_tier_input_token_count', 'quotaId': 'GenerateContentInputTokensPerModelPerMinute-FreeTier', 'quotaDimensions': {'model': 'gemini-2.0-flash-exp', 'location': 'global'}}, {'quotaMetric': 'generativelanguage.googleapis.com/generate_content_free_tier_requests', 'quotaId': 'GenerateRequestsPerMinutePerProjectPerModel-FreeTier', 'quotaDimensions': {'model': 'gemini-2.0-flash-exp', 'location': 'global'}}, {'quotaMetric': 'generativelanguage.googleapis.com/generate_content_free_tier_requests', 'quotaId': 'GenerateRequestsPerDayPerProjectPerModel-FreeTier', 'quotaDimensions': {'location': 'global', 'model': 'gemini-2.0-flash-exp'}}]}, {'@type': 'type.googleapis.com/google.rpc.RetryInfo', 'retryDelay': '33s'}]}}"}
2025-12-21 18:33:24 : error: [Python Controller] Error processing with AI: Error: Python layer returned error: 500 - {"detail":"Processing failed: Script generation failed: 429 RESOURCE_EXHAUSTED. {'error': {'code': 429, 'message': 'You exceeded your current quota, please check your plan and billing details. For more information on this error, head to: https://ai.google.dev/gemini-api/docs/rate-limits. To monitor your current usage, head to: https://ai.dev/usage?tab=rate-limit. \\n* Quota exceeded for metric: generativelanguage.googleapis.com/generate_content_free_tier_input_token_count, limit: 0, model: gemini-2.0-flash-exp\\n* Quota exceeded for metric: generativelanguage.googleapis.com/generate_content_free_tier_requests, limit: 0, model: gemini-2.0-flash-exp\\n* Quota exceeded for metric: generativelanguage.googleapis.com/generate_content_free_tier_requests, limit: 0, model: gemini-2.0-flash-exp\\nPlease retry in 33.990941885s.', 'status': 'RESOURCE_EXHAUSTED', 'details': [{'@type': 'type.googleapis.com/google.rpc.Help', 'links': [{'description': 'Learn more about Gemini API quotas', 'url': 'https://ai.google.dev/gemini-api/docs/rate-limits'}]}, {'@type': 'type.googleapis.com/google.rpc.QuotaFailure', 'violations': [{'quotaMetric': 'generativelanguage.googleapis.com/generate_content_free_tier_input_token_count', 'quotaId': 'GenerateContentInputTokensPerModelPerMinute-FreeTier', 'quotaDimensions': {'model': 'gemini-2.0-flash-exp', 'location': 'global'}}, {'quotaMetric': 'generativelanguage.googleapis.com/generate_content_free_tier_requests', 'quotaId': 'GenerateRequestsPerMinutePerProjectPerModel-FreeTier', 'quotaDimensions': {'model': 'gemini-2.0-flash-exp', 'location': 'global'}}, {'quotaMetric': 'generativelanguage.googleapis.com/generate_content_free_tier_requests', 'quotaId': 'GenerateRequestsPerDayPerProjectPerModel-FreeTier', 'quotaDimensions': {'location': 'global', 'model': 'gemini-2.0-flash-exp'}}]}, {'@type': 'type.googleapis.com/google.rpc.RetryInfo', 'retryDelay': '33s'}]}}"}
2025-12-21 18:33:24 : warn: [Frontend Service] No client connected for session: session_1766322154648_s1ozdfsup. Buffering instructions.
2025-12-21 18:33:24 : info: [Frontend Service] Buffered instructions message for session: session_1766322154648_s1ozdfsup. Queue size: 3
2025-12-21 18:33:24 : warn: [Recording Controller] Python processing failed, triggering DOM events fallback
2025-12-21 18:33:24 : info: [Frontend Service] Using DOM events as fallback for session: session_1766322154648_s1ozdfsup (24 events)
2025-12-21 18:33:24 : warn: [Frontend Service] No client connected for session: session_1766322154648_s1ozdfsup. Buffering instructions.
2025-12-21 18:33:24 : info: [Frontend Service] Buffered instructions message for session: session_1766322154648_s1ozdfsup. Queue size: 4
2025-12-21 18:33:24 : warn: [Frontend Service] No client connected for session: session_1766322154648_s1ozdfsup. Buffering instructions.
2025-12-21 18:33:24 : info: [Frontend Service] Buffered instructions message for session: session_1766322154648_s1ozdfsup. Queue size: 5
2025-12-21 18:33:24 : warn: [Frontend Service] No client connected for session: session_1766322154648_s1ozdfsup. Buffering instructions.
2025-12-21 18:33:24 : info: [Frontend Service] Buffered instructions message for session: session_1766322154648_s1ozdfsup. Queue size: 6
2025-12-21 18:33:24 : warn: [Frontend Service] No client connected for session: session_1766322154648_s1ozdfsup. Buffering instructions.
2025-12-21 18:33:24 : info: [Frontend Service] Buffered instructions message for session: session_1766322154648_s1ozdfsup. Queue size: 7
2025-12-21 18:33:24 : warn: [Frontend Service] No client connected for session: session_1766322154648_s1ozdfsup. Buffering instructions.
2025-12-21 18:33:24 : info: [Frontend Service] Buffered instructions message for session: session_1766322154648_s1ozdfsup. Queue size: 8
2025-12-21 18:33:24 : warn: [Frontend Service] No client connected for session: session_1766322154648_s1ozdfsup. Buffering instructions.
2025-12-21 18:33:24 : info: [Frontend Service] Buffered instructions message for session: session_1766322154648_s1ozdfsup. Queue size: 9
2025-12-21 18:33:24 : warn: [Frontend Service] No client connected for session: session_1766322154648_s1ozdfsup. Buffering instructions.
2025-12-21 18:33:24 : info: [Frontend Service] Buffered instructions message for session: session_1766322154648_s1ozdfsup. Queue size: 10
2025-12-21 18:33:24 : warn: [Frontend Service] No client connected for session: session_1766322154648_s1ozdfsup. Buffering instructions.
2025-12-21 18:33:24 : info: [Frontend Service] Buffered instructions message for session: session_1766322154648_s1ozdfsup. Queue size: 11
2025-12-21 18:33:24 : warn: [Frontend Service] No client connected for session: session_1766322154648_s1ozdfsup. Buffering instructions.
2025-12-21 18:33:24 : info: [Frontend Service] Buffered instructions message for session: session_1766322154648_s1ozdfsup. Queue size: 12
2025-12-21 18:33:24 : warn: [Frontend Service] No client connected for session: session_1766322154648_s1ozdfsup. Buffering instructions.
2025-12-21 18:33:24 : info: [Frontend Service] Buffered instructions message for session: session_1766322154648_s1ozdfsup. Queue size: 13
2025-12-21 18:33:24 : warn: [Frontend Service] No client connected for session: session_1766322154648_s1ozdfsup. Buffering instructions.
2025-12-21 18:33:24 : info: [Frontend Service] Buffered instructions message for session: session_1766322154648_s1ozdfsup. Queue size: 14
2025-12-21 18:33:24 : warn: [Frontend Service] No client connected for session: session_1766322154648_s1ozdfsup. Buffering instructions.
2025-12-21 18:33:24 : info: [Frontend Service] Buffered instructions message for session: session_1766322154648_s1ozdfsup. Queue size: 15
2025-12-21 18:33:24 : warn: [Frontend Service] No client connected for session: session_1766322154648_s1ozdfsup. Buffering instructions.
2025-12-21 18:33:24 : info: [Frontend Service] Buffered instructions message for session: session_1766322154648_s1ozdfsup. Queue size: 16
2025-12-21 18:33:24 : warn: [Frontend Service] No client connected for session: session_1766322154648_s1ozdfsup. Buffering instructions.
2025-12-21 18:33:24 : info: [Frontend Service] Buffered instructions message for session: session_1766322154648_s1ozdfsup. Queue size: 17
2025-12-21 18:33:24 : warn: [Frontend Service] No client connected for session: session_1766322154648_s1ozdfsup. Buffering instructions.
2025-12-21 18:33:24 : info: [Frontend Service] Buffered instructions message for session: session_1766322154648_s1ozdfsup. Queue size: 18
2025-12-21 18:33:24 : warn: [Frontend Service] No client connected for session: session_1766322154648_s1ozdfsup. Buffering instructions.
2025-12-21 18:33:24 : info: [Frontend Service] Buffered instructions message for session: session_1766322154648_s1ozdfsup. Queue size: 19
2025-12-21 18:33:24 : warn: [Frontend Service] No client connected for session: session_1766322154648_s1ozdfsup. Buffering instructions.
2025-12-21 18:33:24 : info: [Frontend Service] Buffered instructions message for session: session_1766322154648_s1ozdfsup. Queue size: 20
2025-12-21 18:33:24 : warn: [Frontend Service] No client connected for session: session_1766322154648_s1ozdfsup. Buffering instructions.
2025-12-21 18:33:24 : info: [Frontend Service] Buffered instructions message for session: session_1766322154648_s1ozdfsup. Queue size: 21
2025-12-21 18:33:24 : warn: [Frontend Service] No client connected for session: session_1766322154648_s1ozdfsup. Buffering instructions.
2025-12-21 18:33:24 : info: [Frontend Service] Buffered instructions message for session: session_1766322154648_s1ozdfsup. Queue size: 22
2025-12-21 18:33:24 : warn: [Frontend Service] No client connected for session: session_1766322154648_s1ozdfsup. Buffering instructions.
2025-12-21 18:33:24 : info: [Frontend Service] Buffered instructions message for session: session_1766322154648_s1ozdfsup. Queue size: 23
2025-12-21 18:33:24 : warn: [Frontend Service] No client connected for session: session_1766322154648_s1ozdfsup. Buffering instructions.
2025-12-21 18:33:24 : info: [Frontend Service] Buffered instructions message for session: session_1766322154648_s1ozdfsup. Queue size: 24
2025-12-21 18:33:24 : warn: [Frontend Service] No client connected for session: session_1766322154648_s1ozdfsup. Buffering instructions.
2025-12-21 18:33:24 : info: [Frontend Service] Buffered instructions message for session: session_1766322154648_s1ozdfsup. Queue size: 25
2025-12-21 18:33:24 : warn: [Frontend Service] No client connected for session: session_1766322154648_s1ozdfsup. Buffering instructions.
2025-12-21 18:33:24 : info: [Frontend Service] Buffered instructions message for session: session_1766322154648_s1ozdfsup. Queue size: 26
2025-12-21 18:33:24 : warn: [Frontend Service] No client connected for session: session_1766322154648_s1ozdfsup. Buffering instructions.
2025-12-21 18:33:24 : info: [Frontend Service] Buffered instructions message for session: session_1766322154648_s1ozdfsup. Queue size: 27
2025-12-21 18:33:27 : info: [Frontend Service] Client connected: ALfuevZFl9OT-czmAAAB
2025-12-21 18:33:27 : info: [Frontend Service] Client ALfuevZFl9OT-czmAAAB registered for session: session_1766322154648_s1ozdfsup
2025-12-21 18:33:27 : info: [Frontend Service] Flushing 27 buffered messages for session: session_1766322154648_s1ozdfsup
2025-12-21 18:33:27 : info: [Frontend Service] Sending buffered video to session: session_1766322154648_s1ozdfsup
2025-12-21 18:33:27 : info: [Frontend Service] Sending buffered audio to session: session_1766322154648_s1ozdfsup
2025-12-21 18:33:27 : info: [Frontend Service] Sending buffered instructions to session: session_1766322154648_s1ozdfsup
2025-12-21 18:33:27 : info: [Frontend Service] Sending buffered instructions to session: session_1766322154648_s1ozdfsup
2025-12-21 18:33:27 : info: [Frontend Service] Sending buffered instructions to session: session_1766322154648_s1ozdfsup
2025-12-21 18:33:27 : info: [Frontend Service] Sending buffered instructions to session: session_1766322154648_s1ozdfsup
2025-12-21 18:33:27 : info: [Frontend Service] Sending buffered instructions to session: session_1766322154648_s1ozdfsup
2025-12-21 18:33:27 : info: [Frontend Service] Sending buffered instructions to session: session_1766322154648_s1ozdfsup
2025-12-21 18:33:27 : info: [Frontend Service] Sending buffered instructions to session: session_1766322154648_s1ozdfsup
2025-12-21 18:33:27 : info: [Frontend Service] Sending buffered instructions to session: session_1766322154648_s1ozdfsup
2025-12-21 18:33:27 : info: [Frontend Service] Sending buffered instructions to session: session_1766322154648_s1ozdfsup
2025-12-21 18:33:27 : info: [Frontend Service] Sending buffered instructions to session: session_1766322154648_s1ozdfsup
2025-12-21 18:33:27 : info: [Frontend Service] Sending buffered instructions to session: session_1766322154648_s1ozdfsup
2025-12-21 18:33:27 : info: [Frontend Service] Sending buffered instructions to session: session_1766322154648_s1ozdfsup
2025-12-21 18:33:27 : info: [Frontend Service] Sending buffered instructions to session: session_1766322154648_s1ozdfsup
2025-12-21 18:33:27 : info: [Frontend Service] Sending buffered instructions to session: session_1766322154648_s1ozdfsup
2025-12-21 18:33:27 : info: [Frontend Service] Sending buffered instructions to session: session_1766322154648_s1ozdfsup
2025-12-21 18:33:27 : info: [Frontend Service] Sending buffered instructions to session: session_1766322154648_s1ozdfsup
2025-12-21 18:33:27 : info: [Frontend Service] Sending buffered instructions to session: session_1766322154648_s1ozdfsup
2025-12-21 18:33:27 : info: [Frontend Service] Sending buffered instructions to session: session_1766322154648_s1ozdfsup
2025-12-21 18:33:27 : info: [Frontend Service] Sending buffered instructions to session: session_1766322154648_s1ozdfsup
2025-12-21 18:33:27 : info: [Frontend Service] Sending buffered instructions to session: session_1766322154648_s1ozdfsup
2025-12-21 18:33:27 : info: [Frontend Service] Sending buffered instructions to session: session_1766322154648_s1ozdfsup
2025-12-21 18:33:27 : info: [Frontend Service] Sending buffered instructions to session: session_1766322154648_s1ozdfsup
2025-12-21 18:33:27 : info: [Frontend Service] Sending buffered instructions to session: session_1766322154648_s1ozdfsup
2025-12-21 18:33:27 : info: [Frontend Service] Sending buffered instructions to session: session_1766322154648_s1ozdfsup
2025-12-21 18:33:27 : info: [Frontend Service] Sending buffered instructions to session: session_1766322154648_s1ozdfsup
2025-12-21 18:37:04 : info: [Deepgram] Client initialized
2025-12-21 18:37:04 : info: [Frontend Service] Socket.IO server initialized
2025-12-21 18:37:04 : info: Server started
2025-12-21 18:37:04 : info: Socket.IO server ready for frontend connections
2025-12-21 18:37:04 : info: [Frontend Service] Client connected: em-I_bloQdzbOStOAAAB
2025-12-21 18:37:37 : info: [Deepgram] Client initialized
2025-12-21 18:37:38 : info: [Frontend Service] Socket.IO server initialized
2025-12-21 18:37:38 : info: Server started
2025-12-21 18:37:38 : info: Socket.IO server ready for frontend connections
2025-12-21 19:10:06 : info: [Deepgram] Client initialized
2025-12-21 19:10:06 : info: [Frontend Service] Socket.IO server initialized
2025-12-21 19:10:06 : info: Server started
2025-12-21 19:10:06 : info: Socket.IO server ready for frontend connections
2025-12-21 19:30:49 : info: [Deepgram] Client initialized
2025-12-21 19:30:49 : info: [Frontend Service] Socket.IO server initialized
2025-12-21 19:30:49 : info: Server started
2025-12-21 19:30:49 : info: Socket.IO server ready for frontend connections
2025-12-21 19:31:33 : info: [CONTROLLER] Video chunk - Session: session_1766325678811_60vpqzjnt, Sequence: 0
2025-12-21 19:31:33 : info: [SERVICE] Created video stream for session: session_1766325678811_60vpqzjnt
2025-12-21 19:31:33 : info: [SERVICE] Saving video chunk for session session_1766325678811_60vpqzjnt
2025-12-21 19:31:33 : info: [SERVICE] Sequence: 0, Size: 127631 bytes
2025-12-21 19:31:33 : info: [SERVICE] Video bytes written: 127631
2025-12-21 19:31:34 : info: [CONTROLLER] Audio chunk - Session: session_1766325678811_60vpqzjnt, Sequence: 0
2025-12-21 19:31:34 : info: [SERVICE] Created audio stream for session: session_1766325678811_60vpqzjnt
2025-12-21 19:31:34 : info: [SERVICE] Saving audio chunk for session session_1766325678811_60vpqzjnt
2025-12-21 19:31:34 : info: [SERVICE] Sequence: 0, Size: 32038 bytes
2025-12-21 19:31:34 : info: [SERVICE] Audio bytes written: 32038
2025-12-21 19:31:35 : info: [CONTROLLER] Video chunk - Session: session_1766325678811_60vpqzjnt, Sequence: 1
2025-12-21 19:31:35 : info: [SERVICE] Saving video chunk for session session_1766325678811_60vpqzjnt
2025-12-21 19:31:35 : info: [SERVICE] Sequence: 1, Size: 39733 bytes
2025-12-21 19:31:35 : info: [SERVICE] Video bytes written: 167364
2025-12-21 19:31:36 : info: [CONTROLLER] Video chunk - Session: session_1766325678811_60vpqzjnt, Sequence: 2
2025-12-21 19:31:36 : info: [SERVICE] Saving video chunk for session session_1766325678811_60vpqzjnt
2025-12-21 19:31:36 : info: [SERVICE] Sequence: 2, Size: 2246 bytes
2025-12-21 19:31:36 : info: [SERVICE] Video bytes written: 169610
2025-12-21 19:31:36 : info: [CONTROLLER] Audio chunk - Session: session_1766325678811_60vpqzjnt, Sequence: 1
2025-12-21 19:31:36 : info: [SERVICE] Saving audio chunk for session session_1766325678811_60vpqzjnt
2025-12-21 19:31:36 : info: [SERVICE] Sequence: 1, Size: 32844 bytes
2025-12-21 19:31:36 : info: [SERVICE] Audio bytes written: 64882
2025-12-21 19:31:37 : info: [CONTROLLER] Video chunk - Session: session_1766325678811_60vpqzjnt, Sequence: 3
2025-12-21 19:31:37 : info: [SERVICE] Saving video chunk for session session_1766325678811_60vpqzjnt
2025-12-21 19:31:37 : info: [SERVICE] Sequence: 3, Size: 20094 bytes
2025-12-21 19:31:37 : info: [SERVICE] Video bytes written: 189704
2025-12-21 19:31:38 : info: [CONTROLLER] Video chunk - Session: session_1766325678811_60vpqzjnt, Sequence: 4
2025-12-21 19:31:38 : info: [SERVICE] Saving video chunk for session session_1766325678811_60vpqzjnt
2025-12-21 19:31:38 : info: [SERVICE] Sequence: 4, Size: 67560 bytes
2025-12-21 19:31:38 : info: [SERVICE] Video bytes written: 257264
2025-12-21 19:31:38 : info: [CONTROLLER] Audio chunk - Session: session_1766325678811_60vpqzjnt, Sequence: 2
2025-12-21 19:31:38 : info: [SERVICE] Saving audio chunk for session session_1766325678811_60vpqzjnt
2025-12-21 19:31:38 : info: [SERVICE] Sequence: 2, Size: 32844 bytes
2025-12-21 19:31:38 : info: [SERVICE] Audio bytes written: 97726
2025-12-21 19:31:39 : info: [CONTROLLER] Video chunk - Session: session_1766325678811_60vpqzjnt, Sequence: 5
2025-12-21 19:31:39 : info: [SERVICE] Saving video chunk for session session_1766325678811_60vpqzjnt
2025-12-21 19:31:39 : info: [SERVICE] Sequence: 5, Size: 62552 bytes
2025-12-21 19:31:39 : info: [SERVICE] Video bytes written: 319816
2025-12-21 19:31:40 : info: [CONTROLLER] Video chunk - Session: session_1766325678811_60vpqzjnt, Sequence: 6
2025-12-21 19:31:40 : info: [SERVICE] Saving video chunk for session session_1766325678811_60vpqzjnt
2025-12-21 19:31:40 : info: [SERVICE] Sequence: 6, Size: 71391 bytes
2025-12-21 19:31:40 : info: [SERVICE] Video bytes written: 391207
2025-12-21 19:31:40 : info: [CONTROLLER] Audio chunk - Session: session_1766325678811_60vpqzjnt, Sequence: 3
2025-12-21 19:31:40 : info: [SERVICE] Saving audio chunk for session session_1766325678811_60vpqzjnt
2025-12-21 19:31:40 : info: [SERVICE] Sequence: 3, Size: 32844 bytes
2025-12-21 19:31:40 : info: [SERVICE] Audio bytes written: 130570
2025-12-21 19:31:41 : info: [CONTROLLER] Video chunk - Session: session_1766325678811_60vpqzjnt, Sequence: 7
2025-12-21 19:31:41 : info: [SERVICE] Saving video chunk for session session_1766325678811_60vpqzjnt
2025-12-21 19:31:41 : info: [SERVICE] Sequence: 7, Size: 32792 bytes
2025-12-21 19:31:41 : info: [SERVICE] Video bytes written: 423999
2025-12-21 19:31:42 : info: [CONTROLLER] Video chunk - Session: session_1766325678811_60vpqzjnt, Sequence: 8
2025-12-21 19:31:42 : info: [SERVICE] Saving video chunk for session session_1766325678811_60vpqzjnt
2025-12-21 19:31:42 : info: [SERVICE] Sequence: 8, Size: 6152 bytes
2025-12-21 19:31:42 : info: [SERVICE] Video bytes written: 430151
2025-12-21 19:31:42 : info: [CONTROLLER] Audio chunk - Session: session_1766325678811_60vpqzjnt, Sequence: 4
2025-12-21 19:31:42 : info: [SERVICE] Saving audio chunk for session session_1766325678811_60vpqzjnt
2025-12-21 19:31:42 : info: [SERVICE] Sequence: 4, Size: 32844 bytes
2025-12-21 19:31:42 : info: [SERVICE] Audio bytes written: 163414
2025-12-21 19:31:43 : info: [CONTROLLER] Video chunk - Session: session_1766325678811_60vpqzjnt, Sequence: 9
2025-12-21 19:31:43 : info: [SERVICE] Saving video chunk for session session_1766325678811_60vpqzjnt
2025-12-21 19:31:43 : info: [SERVICE] Sequence: 9, Size: 138298 bytes
2025-12-21 19:31:43 : info: [SERVICE] Video bytes written: 568449
2025-12-21 19:31:44 : info: [CONTROLLER] Video chunk - Session: session_1766325678811_60vpqzjnt, Sequence: 10
2025-12-21 19:31:44 : info: [SERVICE] Saving video chunk for session session_1766325678811_60vpqzjnt
2025-12-21 19:31:44 : info: [SERVICE] Sequence: 10, Size: 7638 bytes
2025-12-21 19:31:44 : info: [SERVICE] Video bytes written: 576087
2025-12-21 19:31:44 : info: [CONTROLLER] Audio chunk - Session: session_1766325678811_60vpqzjnt, Sequence: 5
2025-12-21 19:31:44 : info: [SERVICE] Saving audio chunk for session session_1766325678811_60vpqzjnt
2025-12-21 19:31:44 : info: [SERVICE] Sequence: 5, Size: 32844 bytes
2025-12-21 19:31:44 : info: [SERVICE] Audio bytes written: 196258
2025-12-21 19:31:46 : info: [CONTROLLER] Video chunk - Session: session_1766325678811_60vpqzjnt, Sequence: 11
2025-12-21 19:31:46 : info: [SERVICE] Saving video chunk for session session_1766325678811_60vpqzjnt
2025-12-21 19:31:46 : info: [SERVICE] Sequence: 11, Size: 10252 bytes
2025-12-21 19:31:46 : info: [SERVICE] Video bytes written: 586339
2025-12-21 19:31:46 : info: [CONTROLLER] Audio chunk - Session: session_1766325678811_60vpqzjnt, Sequence: 6
2025-12-21 19:31:46 : info: [SERVICE] Saving audio chunk for session session_1766325678811_60vpqzjnt
2025-12-21 19:31:46 : info: [SERVICE] Sequence: 6, Size: 32844 bytes
2025-12-21 19:31:46 : info: [SERVICE] Audio bytes written: 229102
2025-12-21 19:31:47 : info: [CONTROLLER] Video chunk - Session: session_1766325678811_60vpqzjnt, Sequence: 12
2025-12-21 19:31:47 : info: [SERVICE] Saving video chunk for session session_1766325678811_60vpqzjnt
2025-12-21 19:31:47 : info: [SERVICE] Sequence: 12, Size: 3399 bytes
2025-12-21 19:31:47 : info: [SERVICE] Video bytes written: 589738
2025-12-21 19:31:48 : info: [CONTROLLER] Video chunk - Session: session_1766325678811_60vpqzjnt, Sequence: 13
2025-12-21 19:31:48 : info: [SERVICE] Saving video chunk for session session_1766325678811_60vpqzjnt
2025-12-21 19:31:48 : info: [SERVICE] Sequence: 13, Size: 1736 bytes
2025-12-21 19:31:48 : info: [SERVICE] Video bytes written: 591474
2025-12-21 19:31:48 : info: [CONTROLLER] Audio chunk - Session: session_1766325678811_60vpqzjnt, Sequence: 7
2025-12-21 19:31:48 : info: [SERVICE] Saving audio chunk for session session_1766325678811_60vpqzjnt
2025-12-21 19:31:48 : info: [SERVICE] Sequence: 7, Size: 32844 bytes
2025-12-21 19:31:48 : info: [SERVICE] Audio bytes written: 261946
2025-12-21 19:31:49 : info: [CONTROLLER] Video chunk - Session: session_1766325678811_60vpqzjnt, Sequence: 14
2025-12-21 19:31:49 : info: [SERVICE] Saving video chunk for session session_1766325678811_60vpqzjnt
2025-12-21 19:31:49 : info: [SERVICE] Sequence: 14, Size: 5648 bytes
2025-12-21 19:31:49 : info: [SERVICE] Video bytes written: 597122
2025-12-21 19:31:50 : info: [CONTROLLER] Video chunk - Session: session_1766325678811_60vpqzjnt, Sequence: 15
2025-12-21 19:31:50 : info: [SERVICE] Saving video chunk for session session_1766325678811_60vpqzjnt
2025-12-21 19:31:50 : info: [SERVICE] Sequence: 15, Size: 4138 bytes
2025-12-21 19:31:50 : info: [SERVICE] Video bytes written: 601260
2025-12-21 19:31:50 : info: [CONTROLLER] Audio chunk - Session: session_1766325678811_60vpqzjnt, Sequence: 8
2025-12-21 19:31:50 : info: [SERVICE] Saving audio chunk for session session_1766325678811_60vpqzjnt
2025-12-21 19:31:50 : info: [SERVICE] Sequence: 8, Size: 32844 bytes
2025-12-21 19:31:50 : info: [SERVICE] Audio bytes written: 294790
2025-12-21 19:31:51 : info: [CONTROLLER] Video chunk - Session: session_1766325678811_60vpqzjnt, Sequence: 16
2025-12-21 19:31:51 : info: [SERVICE] Saving video chunk for session session_1766325678811_60vpqzjnt
2025-12-21 19:31:51 : info: [SERVICE] Sequence: 16, Size: 4570 bytes
2025-12-21 19:31:51 : info: [SERVICE] Video bytes written: 605830
2025-12-21 19:31:52 : info: [CONTROLLER] Video chunk - Session: session_1766325678811_60vpqzjnt, Sequence: 17
2025-12-21 19:31:52 : info: [SERVICE] Saving video chunk for session session_1766325678811_60vpqzjnt
2025-12-21 19:31:52 : info: [SERVICE] Sequence: 17, Size: 58875 bytes
2025-12-21 19:31:52 : info: [SERVICE] Video bytes written: 664705
2025-12-21 19:31:52 : info: [CONTROLLER] Audio chunk - Session: session_1766325678811_60vpqzjnt, Sequence: 9
2025-12-21 19:31:52 : info: [SERVICE] Saving audio chunk for session session_1766325678811_60vpqzjnt
2025-12-21 19:31:52 : info: [SERVICE] Sequence: 9, Size: 32844 bytes
2025-12-21 19:31:52 : info: [SERVICE] Audio bytes written: 327634
2025-12-21 19:31:53 : info: [CONTROLLER] Video chunk - Session: session_1766325678811_60vpqzjnt, Sequence: 18
2025-12-21 19:31:53 : info: [SERVICE] Saving video chunk for session session_1766325678811_60vpqzjnt
2025-12-21 19:31:53 : info: [SERVICE] Sequence: 18, Size: 33552 bytes
2025-12-21 19:31:53 : info: [SERVICE] Video bytes written: 698257
2025-12-21 19:31:54 : info: [CONTROLLER] Video chunk - Session: session_1766325678811_60vpqzjnt, Sequence: 19
2025-12-21 19:31:54 : info: [SERVICE] Saving video chunk for session session_1766325678811_60vpqzjnt
2025-12-21 19:31:54 : info: [SERVICE] Sequence: 19, Size: 46217 bytes
2025-12-21 19:31:54 : info: [SERVICE] Video bytes written: 744474
2025-12-21 19:31:54 : info: [CONTROLLER] Audio chunk - Session: session_1766325678811_60vpqzjnt, Sequence: 10
2025-12-21 19:31:54 : info: [SERVICE] Saving audio chunk for session session_1766325678811_60vpqzjnt
2025-12-21 19:31:54 : info: [SERVICE] Sequence: 10, Size: 32844 bytes
2025-12-21 19:31:54 : info: [SERVICE] Audio bytes written: 360478
2025-12-21 19:31:55 : info: [CONTROLLER] Video chunk - Session: session_1766325678811_60vpqzjnt, Sequence: 20
2025-12-21 19:31:55 : info: [SERVICE] Saving video chunk for session session_1766325678811_60vpqzjnt
2025-12-21 19:31:55 : info: [SERVICE] Sequence: 20, Size: 40733 bytes
2025-12-21 19:31:55 : info: [SERVICE] Video bytes written: 785207
2025-12-21 19:31:56 : info: [CONTROLLER] Audio chunk - Session: session_1766325678811_60vpqzjnt, Sequence: 11
2025-12-21 19:31:56 : info: [SERVICE] Saving audio chunk for session session_1766325678811_60vpqzjnt
2025-12-21 19:31:56 : info: [SERVICE] Sequence: 11, Size: 32844 bytes
2025-12-21 19:31:56 : info: [SERVICE] Audio bytes written: 393322
2025-12-21 19:31:57 : info: [CONTROLLER] Video chunk - Session: session_1766325678811_60vpqzjnt, Sequence: 21
2025-12-21 19:31:57 : info: [SERVICE] Saving video chunk for session session_1766325678811_60vpqzjnt
2025-12-21 19:31:57 : info: [SERVICE] Sequence: 21, Size: 15240 bytes
2025-12-21 19:31:57 : info: [SERVICE] Video bytes written: 800447
2025-12-21 19:31:58 : info: [CONTROLLER] Video chunk - Session: session_1766325678811_60vpqzjnt, Sequence: 22
2025-12-21 19:31:58 : info: [SERVICE] Saving video chunk for session session_1766325678811_60vpqzjnt
2025-12-21 19:31:58 : info: [SERVICE] Sequence: 22, Size: 718 bytes
2025-12-21 19:31:58 : info: [SERVICE] Video bytes written: 801165
2025-12-21 19:31:58 : info: [CONTROLLER] Audio chunk - Session: session_1766325678811_60vpqzjnt, Sequence: 12
2025-12-21 19:31:58 : info: [SERVICE] Saving audio chunk for session session_1766325678811_60vpqzjnt
2025-12-21 19:31:58 : info: [SERVICE] Sequence: 12, Size: 32844 bytes
2025-12-21 19:31:58 : info: [SERVICE] Audio bytes written: 426166
2025-12-21 19:31:59 : info: [CONTROLLER] Video chunk - Session: session_1766325678811_60vpqzjnt, Sequence: 23
2025-12-21 19:31:59 : info: [SERVICE] Saving video chunk for session session_1766325678811_60vpqzjnt
2025-12-21 19:31:59 : info: [SERVICE] Sequence: 23, Size: 56863 bytes
2025-12-21 19:31:59 : info: [SERVICE] Video bytes written: 858028
2025-12-21 19:32:00 : info: [CONTROLLER] Video chunk - Session: session_1766325678811_60vpqzjnt, Sequence: 24
2025-12-21 19:32:00 : info: [SERVICE] Saving video chunk for session session_1766325678811_60vpqzjnt
2025-12-21 19:32:00 : info: [SERVICE] Sequence: 24, Size: 11198 bytes
2025-12-21 19:32:00 : info: [SERVICE] Video bytes written: 869226
2025-12-21 19:32:00 : info: [CONTROLLER] Audio chunk - Session: session_1766325678811_60vpqzjnt, Sequence: 13
2025-12-21 19:32:00 : info: [SERVICE] Saving audio chunk for session session_1766325678811_60vpqzjnt
2025-12-21 19:32:00 : info: [SERVICE] Sequence: 13, Size: 32844 bytes
2025-12-21 19:32:00 : info: [SERVICE] Audio bytes written: 459010
2025-12-21 19:32:01 : info: [CONTROLLER] Video chunk - Session: session_1766325678811_60vpqzjnt, Sequence: 25
2025-12-21 19:32:01 : info: [SERVICE] Saving video chunk for session session_1766325678811_60vpqzjnt
2025-12-21 19:32:01 : info: [SERVICE] Sequence: 25, Size: 68462 bytes
2025-12-21 19:32:01 : info: [SERVICE] Video bytes written: 937688
2025-12-21 19:32:02 : info: [CONTROLLER] Video chunk - Session: session_1766325678811_60vpqzjnt, Sequence: 26
2025-12-21 19:32:02 : info: [SERVICE] Saving video chunk for session session_1766325678811_60vpqzjnt
2025-12-21 19:32:02 : info: [SERVICE] Sequence: 26, Size: 56447 bytes
2025-12-21 19:32:02 : info: [SERVICE] Video bytes written: 994135
2025-12-21 19:32:02 : info: [CONTROLLER] Audio chunk - Session: session_1766325678811_60vpqzjnt, Sequence: 14
2025-12-21 19:32:02 : info: [SERVICE] Saving audio chunk for session session_1766325678811_60vpqzjnt
2025-12-21 19:32:02 : info: [SERVICE] Sequence: 14, Size: 32860 bytes
2025-12-21 19:32:02 : info: [SERVICE] Audio bytes written: 491870
2025-12-21 19:32:03 : info: [CONTROLLER] Video chunk - Session: session_1766325678811_60vpqzjnt, Sequence: 27
2025-12-21 19:32:03 : info: [SERVICE] Saving video chunk for session session_1766325678811_60vpqzjnt
2025-12-21 19:32:03 : info: [SERVICE] Sequence: 27, Size: 59112 bytes
2025-12-21 19:32:03 : info: [SERVICE] Video bytes written: 1053247
2025-12-21 19:32:04 : info: [CONTROLLER] Video chunk - Session: session_1766325678811_60vpqzjnt, Sequence: 28
2025-12-21 19:32:04 : info: [SERVICE] Saving video chunk for session session_1766325678811_60vpqzjnt
2025-12-21 19:32:04 : info: [SERVICE] Sequence: 28, Size: 78340 bytes
2025-12-21 19:32:04 : info: [SERVICE] Video bytes written: 1131587
2025-12-21 19:32:05 : info: [CONTROLLER] Audio chunk - Session: session_1766325678811_60vpqzjnt, Sequence: 15
2025-12-21 19:32:05 : info: [SERVICE] Saving audio chunk for session session_1766325678811_60vpqzjnt
2025-12-21 19:32:05 : info: [SERVICE] Sequence: 15, Size: 32844 bytes
2025-12-21 19:32:05 : info: [SERVICE] Audio bytes written: 524714
2025-12-21 19:32:05 : info: [CONTROLLER] Video chunk - Session: session_1766325678811_60vpqzjnt, Sequence: 29
2025-12-21 19:32:05 : info: [SERVICE] Saving video chunk for session session_1766325678811_60vpqzjnt
2025-12-21 19:32:05 : info: [SERVICE] Sequence: 29, Size: 102485 bytes
2025-12-21 19:32:05 : info: [SERVICE] Video bytes written: 1234072
2025-12-21 19:32:06 : info: [CONTROLLER] Video chunk - Session: session_1766325678811_60vpqzjnt, Sequence: 30
2025-12-21 19:32:06 : info: [SERVICE] Saving video chunk for session session_1766325678811_60vpqzjnt
2025-12-21 19:32:06 : info: [SERVICE] Sequence: 30, Size: 53497 bytes
2025-12-21 19:32:06 : info: [SERVICE] Video bytes written: 1287569
2025-12-21 19:32:07 : info: [CONTROLLER] Audio chunk - Session: session_1766325678811_60vpqzjnt, Sequence: 16
2025-12-21 19:32:07 : info: [SERVICE] Saving audio chunk for session session_1766325678811_60vpqzjnt
2025-12-21 19:32:07 : info: [SERVICE] Sequence: 16, Size: 32844 bytes
2025-12-21 19:32:07 : info: [SERVICE] Audio bytes written: 557558
2025-12-21 19:32:07 : info: [CONTROLLER] Video chunk - Session: session_1766325678811_60vpqzjnt, Sequence: 31
2025-12-21 19:32:07 : info: [SERVICE] Saving video chunk for session session_1766325678811_60vpqzjnt
2025-12-21 19:32:07 : info: [SERVICE] Sequence: 31, Size: 2648 bytes
2025-12-21 19:32:07 : info: [SERVICE] Video bytes written: 1290217
2025-12-21 19:32:08 : info: [CONTROLLER] Video chunk - Session: session_1766325678811_60vpqzjnt, Sequence: 32
2025-12-21 19:32:08 : info: [SERVICE] Saving video chunk for session session_1766325678811_60vpqzjnt
2025-12-21 19:32:08 : info: [SERVICE] Sequence: 32, Size: 110 bytes
2025-12-21 19:32:08 : info: [SERVICE] Video bytes written: 1290327
2025-12-21 19:32:09 : info: [CONTROLLER] Audio chunk - Session: session_1766325678811_60vpqzjnt, Sequence: 17
2025-12-21 19:32:09 : info: [SERVICE] Saving audio chunk for session session_1766325678811_60vpqzjnt
2025-12-21 19:32:09 : info: [SERVICE] Sequence: 17, Size: 32844 bytes
2025-12-21 19:32:09 : info: [SERVICE] Audio bytes written: 590402
2025-12-21 19:32:09 : info: [CONTROLLER] Video chunk - Session: session_1766325678811_60vpqzjnt, Sequence: 33
2025-12-21 19:32:09 : info: [SERVICE] Saving video chunk for session session_1766325678811_60vpqzjnt
2025-12-21 19:32:09 : info: [SERVICE] Sequence: 33, Size: 50 bytes
2025-12-21 19:32:09 : info: [SERVICE] Video bytes written: 1290377
2025-12-21 19:32:10 : info: [CONTROLLER] Video chunk - Session: session_1766325678811_60vpqzjnt, Sequence: 34
2025-12-21 19:32:10 : info: [SERVICE] Saving video chunk for session session_1766325678811_60vpqzjnt
2025-12-21 19:32:10 : info: [SERVICE] Sequence: 34, Size: 110 bytes
2025-12-21 19:32:10 : info: [SERVICE] Video bytes written: 1290487
2025-12-21 19:32:11 : info: [CONTROLLER] Audio chunk - Session: session_1766325678811_60vpqzjnt, Sequence: 18
2025-12-21 19:32:11 : info: [SERVICE] Saving audio chunk for session session_1766325678811_60vpqzjnt
2025-12-21 19:32:11 : info: [SERVICE] Sequence: 18, Size: 32844 bytes
2025-12-21 19:32:11 : info: [SERVICE] Audio bytes written: 623246
2025-12-21 19:32:11 : info: [CONTROLLER] Video chunk - Session: session_1766325678811_60vpqzjnt, Sequence: 35
2025-12-21 19:32:11 : info: [SERVICE] Saving video chunk for session session_1766325678811_60vpqzjnt
2025-12-21 19:32:11 : info: [SERVICE] Sequence: 35, Size: 50 bytes
2025-12-21 19:32:11 : info: [SERVICE] Video bytes written: 1290537
2025-12-21 19:32:13 : info: [CONTROLLER] Audio chunk - Session: session_1766325678811_60vpqzjnt, Sequence: 19
2025-12-21 19:32:13 : info: [SERVICE] Saving audio chunk for session session_1766325678811_60vpqzjnt
2025-12-21 19:32:13 : info: [SERVICE] Sequence: 19, Size: 32844 bytes
2025-12-21 19:32:13 : info: [SERVICE] Audio bytes written: 656090
2025-12-21 19:32:13 : info: [CONTROLLER] Video chunk - Session: session_1766325678811_60vpqzjnt, Sequence: 36
2025-12-21 19:32:13 : info: [SERVICE] Saving video chunk for session session_1766325678811_60vpqzjnt
2025-12-21 19:32:13 : info: [SERVICE] Sequence: 36, Size: 160 bytes
2025-12-21 19:32:13 : info: [SERVICE] Video bytes written: 1290697
2025-12-21 19:32:14 : info: [CONTROLLER] Video chunk - Session: session_1766325678811_60vpqzjnt, Sequence: 37
2025-12-21 19:32:14 : info: [SERVICE] Saving video chunk for session session_1766325678811_60vpqzjnt
2025-12-21 19:32:14 : info: [SERVICE] Sequence: 37, Size: 97638 bytes
2025-12-21 19:32:14 : info: [SERVICE] Video bytes written: 1388335
2025-12-21 19:32:15 : info: [CONTROLLER] Audio chunk - Session: session_1766325678811_60vpqzjnt, Sequence: 20
2025-12-21 19:32:15 : info: [SERVICE] Saving audio chunk for session session_1766325678811_60vpqzjnt
2025-12-21 19:32:15 : info: [SERVICE] Sequence: 20, Size: 32844 bytes
2025-12-21 19:32:15 : info: [SERVICE] Audio bytes written: 688934
2025-12-21 19:32:15 : info: [CONTROLLER] Video chunk - Session: session_1766325678811_60vpqzjnt, Sequence: 38
2025-12-21 19:32:15 : info: [SERVICE] Saving video chunk for session session_1766325678811_60vpqzjnt
2025-12-21 19:32:15 : info: [SERVICE] Sequence: 38, Size: 53787 bytes
2025-12-21 19:32:15 : info: [SERVICE] Video bytes written: 1442122
2025-12-21 19:32:16 : info: [CONTROLLER] Video chunk - Session: session_1766325678811_60vpqzjnt, Sequence: 39
2025-12-21 19:32:16 : info: [SERVICE] Saving video chunk for session session_1766325678811_60vpqzjnt
2025-12-21 19:32:16 : info: [SERVICE] Sequence: 39, Size: 95352 bytes
2025-12-21 19:32:16 : info: [SERVICE] Video bytes written: 1537474
2025-12-21 19:32:17 : info: [CONTROLLER] Audio chunk - Session: session_1766325678811_60vpqzjnt, Sequence: 21
2025-12-21 19:32:17 : info: [SERVICE] Saving audio chunk for session session_1766325678811_60vpqzjnt
2025-12-21 19:32:17 : info: [SERVICE] Sequence: 21, Size: 32844 bytes
2025-12-21 19:32:17 : info: [SERVICE] Audio bytes written: 721778
2025-12-21 19:32:17 : info: [CONTROLLER] Video chunk - Session: session_1766325678811_60vpqzjnt, Sequence: 40
2025-12-21 19:32:17 : info: [SERVICE] Saving video chunk for session session_1766325678811_60vpqzjnt
2025-12-21 19:32:17 : info: [SERVICE] Sequence: 40, Size: 106749 bytes
2025-12-21 19:32:17 : info: [SERVICE] Video bytes written: 1644223
2025-12-21 19:32:18 : info: [CONTROLLER] Video chunk - Session: session_1766325678811_60vpqzjnt, Sequence: 41
2025-12-21 19:32:18 : info: [SERVICE] Saving video chunk for session session_1766325678811_60vpqzjnt
2025-12-21 19:32:18 : info: [SERVICE] Sequence: 41, Size: 51578 bytes
2025-12-21 19:32:18 : info: [SERVICE] Video bytes written: 1695801
2025-12-21 19:32:19 : info: [CONTROLLER] Audio chunk - Session: session_1766325678811_60vpqzjnt, Sequence: 22
2025-12-21 19:32:19 : info: [SERVICE] Saving audio chunk for session session_1766325678811_60vpqzjnt
2025-12-21 19:32:19 : info: [SERVICE] Sequence: 22, Size: 32844 bytes
2025-12-21 19:32:19 : info: [SERVICE] Audio bytes written: 754622
2025-12-21 19:32:19 : info: [CONTROLLER] Video chunk - Session: session_1766325678811_60vpqzjnt, Sequence: 42
2025-12-21 19:32:19 : info: [SERVICE] Saving video chunk for session session_1766325678811_60vpqzjnt
2025-12-21 19:32:19 : info: [SERVICE] Sequence: 42, Size: 13443 bytes
2025-12-21 19:32:19 : info: [SERVICE] Video bytes written: 1709244
2025-12-21 19:32:21 : info: [CONTROLLER] Video chunk - Session: session_1766325678811_60vpqzjnt, Sequence: 43
2025-12-21 19:32:21 : info: [SERVICE] Saving video chunk for session session_1766325678811_60vpqzjnt
2025-12-21 19:32:21 : info: [SERVICE] Sequence: 43, Size: 11171 bytes
2025-12-21 19:32:21 : info: [SERVICE] Video bytes written: 1720415
2025-12-21 19:32:21 : info: [CONTROLLER] Audio chunk - Session: session_1766325678811_60vpqzjnt, Sequence: 23
2025-12-21 19:32:21 : info: [SERVICE] Saving audio chunk for session session_1766325678811_60vpqzjnt
2025-12-21 19:32:21 : info: [SERVICE] Sequence: 23, Size: 32844 bytes
2025-12-21 19:32:21 : info: [SERVICE] Audio bytes written: 787466
2025-12-21 19:32:22 : info: [CONTROLLER] Video chunk - Session: session_1766325678811_60vpqzjnt, Sequence: 44
2025-12-21 19:32:22 : info: [SERVICE] Saving video chunk for session session_1766325678811_60vpqzjnt
2025-12-21 19:32:22 : info: [SERVICE] Sequence: 44, Size: 6142 bytes
2025-12-21 19:32:22 : info: [SERVICE] Video bytes written: 1726557
2025-12-21 19:32:23 : info: [CONTROLLER] Video chunk - Session: session_1766325678811_60vpqzjnt, Sequence: 45
2025-12-21 19:32:23 : info: [SERVICE] Saving video chunk for session session_1766325678811_60vpqzjnt
2025-12-21 19:32:23 : info: [SERVICE] Sequence: 45, Size: 4697 bytes
2025-12-21 19:32:23 : info: [SERVICE] Video bytes written: 1731254
2025-12-21 19:32:23 : info: [CONTROLLER] Audio chunk - Session: session_1766325678811_60vpqzjnt, Sequence: 24
2025-12-21 19:32:23 : info: [SERVICE] Saving audio chunk for session session_1766325678811_60vpqzjnt
2025-12-21 19:32:23 : info: [SERVICE] Sequence: 24, Size: 32844 bytes
2025-12-21 19:32:23 : info: [SERVICE] Audio bytes written: 820310
2025-12-21 19:32:24 : info: [CONTROLLER] Video chunk - Session: session_1766325678811_60vpqzjnt, Sequence: 46
2025-12-21 19:32:24 : info: [SERVICE] Saving video chunk for session session_1766325678811_60vpqzjnt
2025-12-21 19:32:24 : info: [SERVICE] Sequence: 46, Size: 9252 bytes
2025-12-21 19:32:24 : info: [SERVICE] Video bytes written: 1740506
2025-12-21 19:32:25 : info: [CONTROLLER] Audio chunk - Session: session_1766325678811_60vpqzjnt, Sequence: 25
2025-12-21 19:32:25 : info: [SERVICE] Saving audio chunk for session session_1766325678811_60vpqzjnt
2025-12-21 19:32:25 : info: [SERVICE] Sequence: 25, Size: 32844 bytes
2025-12-21 19:32:25 : info: [SERVICE] Audio bytes written: 853154
2025-12-21 19:32:25 : info: [CONTROLLER] Video chunk - Session: session_1766325678811_60vpqzjnt, Sequence: 47
2025-12-21 19:32:25 : info: [SERVICE] Saving video chunk for session session_1766325678811_60vpqzjnt
2025-12-21 19:32:25 : info: [SERVICE] Sequence: 47, Size: 4394 bytes
2025-12-21 19:32:25 : info: [SERVICE] Video bytes written: 1744900
2025-12-21 19:32:27 : info: [CONTROLLER] Video chunk - Session: session_1766325678811_60vpqzjnt, Sequence: 48
2025-12-21 19:32:27 : info: [SERVICE] Saving video chunk for session session_1766325678811_60vpqzjnt
2025-12-21 19:32:27 : info: [SERVICE] Sequence: 48, Size: 75160 bytes
2025-12-21 19:32:27 : info: [SERVICE] Video bytes written: 1820060
2025-12-21 19:32:27 : info: [SERVICE] Processing recording for session: session_1766325678811_60vpqzjnt
2025-12-21 19:32:27 : info: [SERVICE] Active sessions: session_1766325678811_60vpqzjnt
2025-12-21 19:32:27 : info: [SERVICE] Session exists in activeStreams: true
2025-12-21 19:32:27 : info: [SERVICE] Finalizing audio for session session_1766325678811_60vpqzjnt
2025-12-21 19:32:27 : info: [SERVICE] Total chunks: 26
2025-12-21 19:32:27 : info: [SERVICE] Total bytes: 853154
2025-12-21 19:32:27 : info: [SERVICE] Audio stream closed: W:\GCU\Project\Clueso_clone_example\Clueso_Node_layer\src\uploads\audio_session_1766325678811_60vpqzjnt.webm
2025-12-21 19:32:27 : info: [SERVICE] Finalizing video for session session_1766325678811_60vpqzjnt
2025-12-21 19:32:27 : info: [SERVICE] Total chunks: 49
2025-12-21 19:32:27 : info: [SERVICE] Total bytes: 1820060
2025-12-21 19:32:27 : info: [SERVICE] Video stream closed: W:\GCU\Project\Clueso_clone_example\Clueso_Node_layer\src\uploads\video_session_1766325678811_60vpqzjnt.webm
2025-12-21 19:32:27 : info: [SERVICE] finalAudioPath: W:\GCU\Project\Clueso_clone_example\Clueso_Node_layer\src\uploads\audio_session_1766325678811_60vpqzjnt.webm
2025-12-21 19:32:27 : info: [SERVICE] finalVideoPath: W:\GCU\Project\Clueso_clone_example\Clueso_Node_layer\src\uploads\video_session_1766325678811_60vpqzjnt.webm
2025-12-21 19:32:27 : info: [SERVICE] Session session_1766325678811_60vpqzjnt statistics:
2025-12-21 19:32:27 : info: [SERVICE] Video chunks received: 49
2025-12-21 19:32:27 : info: [SERVICE] Audio chunks received: 26
2025-12-21 19:32:27 : info: [SERVICE] Video moved to: W:\GCU\Project\Clueso_clone_example\Clueso_Node_layer\src\recordings\recording_session_1766325678811_60vpqzjnt_video.webm
2025-12-21 19:32:27 : info: [SERVICE] Audio moved to: W:\GCU\Project\Clueso_clone_example\Clueso_Node_layer\src\recordings\recording_session_1766325678811_60vpqzjnt_audio.webm
2025-12-21 19:32:27 : info: [SERVICE] Recording saved: recording_session_1766325678811_60vpqzjnt_1766325747377.json
2025-12-21 19:32:27 : info: [Recording Controller] Broadcasting video to frontend session: session_1766325678811_60vpqzjnt
2025-12-21 19:32:27 : warn: [Frontend Service] No client connected for session: session_1766325678811_60vpqzjnt. Buffering video.
2025-12-21 19:32:27 : info: [Frontend Service] Buffered video message for session: session_1766325678811_60vpqzjnt. Queue size: 1
2025-12-21 19:32:27 : info: [Recording Controller] Processing audio file: W:\GCU\Project\Clueso_clone_example\Clueso_Node_layer\src\recordings\recording_session_1766325678811_60vpqzjnt_audio.webm
2025-12-21 19:32:27 : info: [Deepgram] Transcribing file: W:\GCU\Project\Clueso_clone_example\Clueso_Node_layer\src\recordings\recording_session_1766325678811_60vpqzjnt_audio.webm
2025-12-21 19:32:27 : info: [Deepgram] Building transcription options
2025-12-21 19:32:27 : info: [CONTROLLER] Audio chunk - Session: session_1766325678811_60vpqzjnt, Sequence: 26
2025-12-21 19:32:27 : info: [SERVICE] Created audio stream for session: session_1766325678811_60vpqzjnt
2025-12-21 19:32:27 : info: [SERVICE] Saving audio chunk for session session_1766325678811_60vpqzjnt
2025-12-21 19:32:27 : info: [SERVICE] Sequence: 26, Size: 32844 bytes
2025-12-21 19:32:27 : info: [SERVICE] Audio bytes written: 32844
2025-12-21 19:32:29 : info: [CONTROLLER] Video chunk - Session: session_1766325678811_60vpqzjnt, Sequence: 49
2025-12-21 19:32:29 : info: [SERVICE] Created video stream for session: session_1766325678811_60vpqzjnt
2025-12-21 19:32:29 : info: [SERVICE] Saving video chunk for session session_1766325678811_60vpqzjnt
2025-12-21 19:32:29 : info: [SERVICE] Sequence: 49, Size: 1230 bytes
2025-12-21 19:32:29 : info: [SERVICE] Video bytes written: 1230
2025-12-21 19:32:29 : info: [CONTROLLER] Audio chunk - Session: session_1766325678811_60vpqzjnt, Sequence: 27
2025-12-21 19:32:29 : info: [SERVICE] Saving audio chunk for session session_1766325678811_60vpqzjnt
2025-12-21 19:32:29 : info: [SERVICE] Sequence: 27, Size: 32844 bytes
2025-12-21 19:32:29 : info: [SERVICE] Audio bytes written: 65688
2025-12-21 19:32:29 : info: [Deepgram] File transcription complete
2025-12-21 19:32:29 : info: [Deepgram] Formatting result
2025-12-21 19:32:29 : info: [Deepgram] Final timeline built with
2025-12-21 19:32:29 : info: [Recording Controller] Transcribed text from Deepgram:
2025-12-21 19:32:29 : info: [Recording Controller] Text: "So yeah. Uh, here, uh, actually, I was looking at the API usage. So what the project was doing, actually. Uh, so I was seeing here API usage. So I was seeing here it's saying too many requests. It's one time actually. Like, I was talking keep on talking, and it was I keep on refreshing and doing its thing. And, uh, I don't know where to actually look for the logs of those things, like, the text which it's receiving on or which it's sending. Uh, that's it."
2025-12-21 19:32:29 : info: [Recording Controller] Timeline segments: 17
2025-12-21 19:32:29 : info: [Recording Controller] Metadata: {"transaction_key":"deprecated","request_id":"88778153-9270-4f9d-aedd-928a061c1574","sha256":"fe51f013555b410bec856c31e4b8f308f79e51dc638c072378c66c5fa5753517","created":"2025-12-21T14:02:30.779Z","duration":52.98,"channels":1,"models":["1abfe86b-e047-4eed-858a-35e5625b41ee"],"model_info":{"1abfe86b-e047-4eed-858a-35e5625b41ee":{"name":"2-general-nova","version":"2024-01-06.5664","arch":"nova-2"}}}
2025-12-21 19:32:29 : warn: [Frontend Service] No client connected for session: session_1766325678811_60vpqzjnt. Buffering audio.
2025-12-21 19:32:29 : info: [Frontend Service] Buffered audio message for session: session_1766325678811_60vpqzjnt. Queue size: 2
2025-12-21 19:32:29 : info: [Frontend Service] Stored 11 DOM events for session: session_1766325678811_60vpqzjnt
2025-12-21 19:32:29 : info: [Recording Controller] Stored 11 DOM events for potential fallback
2025-12-21 19:32:29 : info: [Python Controller] Processing with AI:
2025-12-21 19:32:29 : info: [Python Controller] - Text: "So yeah. Uh, here, uh, actually, I was looking at the API usage. So what the project was doing, actu..."
2025-12-21 19:32:29 : info: [Python Controller] - DOM Events: 11
2025-12-21 19:32:29 : info: [Python Controller] - Has Deepgram Response: true
2025-12-21 19:32:29 : info: [Python Controller] - Audio Path: W:\GCU\Project\Clueso_clone_example\Clueso_Node_layer\src\recordings\recording_session_1766325678811_60vpqzjnt_audio.webm
2025-12-21 19:32:29 : info: [Python Controller] - Session ID: session_1766325678811_60vpqzjnt
2025-12-21 19:32:29 : info: [Python Service] Sending text with 11 DOM events to Python layer
2025-12-21 19:32:30 : info: [CONTROLLER] Video chunk - Session: session_1766325678811_60vpqzjnt, Sequence: 50
2025-12-21 19:32:30 : info: [SERVICE] Saving video chunk for session session_1766325678811_60vpqzjnt
2025-12-21 19:32:30 : info: [SERVICE] Sequence: 50, Size: 966 bytes
2025-12-21 19:32:30 : info: [SERVICE] Video bytes written: 2196
2025-12-21 19:32:31 : info: [CONTROLLER] Video chunk - Session: session_1766325678811_60vpqzjnt, Sequence: 51
2025-12-21 19:32:31 : info: [SERVICE] Saving video chunk for session session_1766325678811_60vpqzjnt
2025-12-21 19:32:31 : info: [SERVICE] Sequence: 51, Size: 1090 bytes
2025-12-21 19:32:31 : info: [SERVICE] Video bytes written: 3286
2025-12-21 19:32:31 : error: [Python Service] Error response from Python layer: 500 - {"detail":"Processing failed: Script generation failed: 429 RESOURCE_EXHAUSTED. {'error': {'code': 429, 'message': 'You exceeded your current quota, please check your plan and billing details. For more information on this error, head to: https://ai.google.dev/gemini-api/docs/rate-limits. To monitor your current usage, head to: https://ai.dev/usage?tab=rate-limit. \\n* Quota exceeded for metric: generativelanguage.googleapis.com/generate_content_free_tier_input_token_count, limit: 0, model: gemini-2.0-flash-exp\\n* Quota exceeded for metric: generativelanguage.googleapis.com/generate_content_free_tier_requests, limit: 0, model: gemini-2.0-flash-exp\\n* Quota exceeded for metric: generativelanguage.googleapis.com/generate_content_free_tier_requests, limit: 0, model: gemini-2.0-flash-exp\\nPlease retry in 27.87549525s.', 'status': 'RESOURCE_EXHAUSTED', 'details': [{'@type': 'type.googleapis.com/google.rpc.Help', 'links': [{'description': 'Learn more about Gemini API quotas', 'url': 'https://ai.google.dev/gemini-api/docs/rate-limits'}]}, {'@type': 'type.googleapis.com/google.rpc.QuotaFailure', 'violations': [{'quotaMetric': 'generativelanguage.googleapis.com/generate_content_free_tier_input_token_count', 'quotaId': 'GenerateContentInputTokensPerModelPerMinute-FreeTier', 'quotaDimensions': {'location': 'global', 'model': 'gemini-2.0-flash-exp'}}, {'quotaMetric': 'generativelanguage.googleapis.com/generate_content_free_tier_requests', 'quotaId': 'GenerateRequestsPerMinutePerProjectPerModel-FreeTier', 'quotaDimensions': {'location': 'global', 'model': 'gemini-2.0-flash-exp'}}, {'quotaMetric': 'generativelanguage.googleapis.com/generate_content_free_tier_requests', 'quotaId': 'GenerateRequestsPerDayPerProjectPerModel-FreeTier', 'quotaDimensions': {'location': 'global', 'model': 'gemini-2.0-flash-exp'}}]}, {'@type': 'type.googleapis.com/google.rpc.RetryInfo', 'retryDelay': '27s'}]}}"}
2025-12-21 19:32:31 : error: [Python Service] Error sending data to Python layer: Python layer returned error: 500 - {"detail":"Processing failed: Script generation failed: 429 RESOURCE_EXHAUSTED. {'error': {'code': 429, 'message': 'You exceeded your current quota, please check your plan and billing details. For more information on this error, head to: https://ai.google.dev/gemini-api/docs/rate-limits. To monitor your current usage, head to: https://ai.dev/usage?tab=rate-limit. \\n* Quota exceeded for metric: generativelanguage.googleapis.com/generate_content_free_tier_input_token_count, limit: 0, model: gemini-2.0-flash-exp\\n* Quota exceeded for metric: generativelanguage.googleapis.com/generate_content_free_tier_requests, limit: 0, model: gemini-2.0-flash-exp\\n* Quota exceeded for metric: generativelanguage.googleapis.com/generate_content_free_tier_requests, limit: 0, model: gemini-2.0-flash-exp\\nPlease retry in 27.87549525s.', 'status': 'RESOURCE_EXHAUSTED', 'details': [{'@type': 'type.googleapis.com/google.rpc.Help', 'links': [{'description': 'Learn more about Gemini API quotas', 'url': 'https://ai.google.dev/gemini-api/docs/rate-limits'}]}, {'@type': 'type.googleapis.com/google.rpc.QuotaFailure', 'violations': [{'quotaMetric': 'generativelanguage.googleapis.com/generate_content_free_tier_input_token_count', 'quotaId': 'GenerateContentInputTokensPerModelPerMinute-FreeTier', 'quotaDimensions': {'location': 'global', 'model': 'gemini-2.0-flash-exp'}}, {'quotaMetric': 'generativelanguage.googleapis.com/generate_content_free_tier_requests', 'quotaId': 'GenerateRequestsPerMinutePerProjectPerModel-FreeTier', 'quotaDimensions': {'location': 'global', 'model': 'gemini-2.0-flash-exp'}}, {'quotaMetric': 'generativelanguage.googleapis.com/generate_content_free_tier_requests', 'quotaId': 'GenerateRequestsPerDayPerProjectPerModel-FreeTier', 'quotaDimensions': {'location': 'global', 'model': 'gemini-2.0-flash-exp'}}]}, {'@type': 'type.googleapis.com/google.rpc.RetryInfo', 'retryDelay': '27s'}]}}"}
2025-12-21 19:32:31 : error: [Python Controller] Error processing with AI: Error: Python layer returned error: 500 - {"detail":"Processing failed: Script generation failed: 429 RESOURCE_EXHAUSTED. {'error': {'code': 429, 'message': 'You exceeded your current quota, please check your plan and billing details. For more information on this error, head to: https://ai.google.dev/gemini-api/docs/rate-limits. To monitor your current usage, head to: https://ai.dev/usage?tab=rate-limit. \\n* Quota exceeded for metric: generativelanguage.googleapis.com/generate_content_free_tier_input_token_count, limit: 0, model: gemini-2.0-flash-exp\\n* Quota exceeded for metric: generativelanguage.googleapis.com/generate_content_free_tier_requests, limit: 0, model: gemini-2.0-flash-exp\\n* Quota exceeded for metric: generativelanguage.googleapis.com/generate_content_free_tier_requests, limit: 0, model: gemini-2.0-flash-exp\\nPlease retry in 27.87549525s.', 'status': 'RESOURCE_EXHAUSTED', 'details': [{'@type': 'type.googleapis.com/google.rpc.Help', 'links': [{'description': 'Learn more about Gemini API quotas', 'url': 'https://ai.google.dev/gemini-api/docs/rate-limits'}]}, {'@type': 'type.googleapis.com/google.rpc.QuotaFailure', 'violations': [{'quotaMetric': 'generativelanguage.googleapis.com/generate_content_free_tier_input_token_count', 'quotaId': 'GenerateContentInputTokensPerModelPerMinute-FreeTier', 'quotaDimensions': {'location': 'global', 'model': 'gemini-2.0-flash-exp'}}, {'quotaMetric': 'generativelanguage.googleapis.com/generate_content_free_tier_requests', 'quotaId': 'GenerateRequestsPerMinutePerProjectPerModel-FreeTier', 'quotaDimensions': {'location': 'global', 'model': 'gemini-2.0-flash-exp'}}, {'quotaMetric': 'generativelanguage.googleapis.com/generate_content_free_tier_requests', 'quotaId': 'GenerateRequestsPerDayPerProjectPerModel-FreeTier', 'quotaDimensions': {'location': 'global', 'model': 'gemini-2.0-flash-exp'}}]}, {'@type': 'type.googleapis.com/google.rpc.RetryInfo', 'retryDelay': '27s'}]}}"}
2025-12-21 19:32:31 : warn: [Frontend Service] No client connected for session: session_1766325678811_60vpqzjnt. Buffering instructions.
2025-12-21 19:32:31 : info: [Frontend Service] Buffered instructions message for session: session_1766325678811_60vpqzjnt. Queue size: 3
2025-12-21 19:32:31 : warn: [Recording Controller] Python processing failed, triggering DOM events fallback
2025-12-21 19:32:31 : info: [Frontend Service] Using DOM events as fallback for session: session_1766325678811_60vpqzjnt (11 events)
2025-12-21 19:32:31 : warn: [Frontend Service] No client connected for session: session_1766325678811_60vpqzjnt. Buffering instructions.
2025-12-21 19:32:31 : info: [Frontend Service] Buffered instructions message for session: session_1766325678811_60vpqzjnt. Queue size: 4
2025-12-21 19:32:31 : warn: [Frontend Service] No client connected for session: session_1766325678811_60vpqzjnt. Buffering instructions.
2025-12-21 19:32:31 : info: [Frontend Service] Buffered instructions message for session: session_1766325678811_60vpqzjnt. Queue size: 5
2025-12-21 19:32:31 : warn: [Frontend Service] No client connected for session: session_1766325678811_60vpqzjnt. Buffering instructions.
2025-12-21 19:32:31 : info: [Frontend Service] Buffered instructions message for session: session_1766325678811_60vpqzjnt. Queue size: 6
2025-12-21 19:32:31 : warn: [Frontend Service] No client connected for session: session_1766325678811_60vpqzjnt. Buffering instructions.
2025-12-21 19:32:31 : info: [Frontend Service] Buffered instructions message for session: session_1766325678811_60vpqzjnt. Queue size: 7
2025-12-21 19:32:31 : warn: [Frontend Service] No client connected for session: session_1766325678811_60vpqzjnt. Buffering instructions.
2025-12-21 19:32:31 : info: [Frontend Service] Buffered instructions message for session: session_1766325678811_60vpqzjnt. Queue size: 8
2025-12-21 19:32:31 : warn: [Frontend Service] No client connected for session: session_1766325678811_60vpqzjnt. Buffering instructions.
2025-12-21 19:32:31 : info: [Frontend Service] Buffered instructions message for session: session_1766325678811_60vpqzjnt. Queue size: 9
2025-12-21 19:32:31 : warn: [Frontend Service] No client connected for session: session_1766325678811_60vpqzjnt. Buffering instructions.
2025-12-21 19:32:31 : info: [Frontend Service] Buffered instructions message for session: session_1766325678811_60vpqzjnt. Queue size: 10
2025-12-21 19:32:31 : warn: [Frontend Service] No client connected for session: session_1766325678811_60vpqzjnt. Buffering instructions.
2025-12-21 19:32:31 : info: [Frontend Service] Buffered instructions message for session: session_1766325678811_60vpqzjnt. Queue size: 11
2025-12-21 19:32:31 : warn: [Frontend Service] No client connected for session: session_1766325678811_60vpqzjnt. Buffering instructions.
2025-12-21 19:32:31 : info: [Frontend Service] Buffered instructions message for session: session_1766325678811_60vpqzjnt. Queue size: 12
2025-12-21 19:32:31 : warn: [Frontend Service] No client connected for session: session_1766325678811_60vpqzjnt. Buffering instructions.
2025-12-21 19:32:31 : info: [Frontend Service] Buffered instructions message for session: session_1766325678811_60vpqzjnt. Queue size: 13
2025-12-21 19:32:31 : warn: [Frontend Service] No client connected for session: session_1766325678811_60vpqzjnt. Buffering instructions.
2025-12-21 19:32:31 : info: [Frontend Service] Buffered instructions message for session: session_1766325678811_60vpqzjnt. Queue size: 14
2025-12-21 19:32:33 : info: [Frontend Service] Client connected: 3jkrVAROJb9Yu85tAAAB
2025-12-21 19:32:33 : info: [Frontend Service] Client 3jkrVAROJb9Yu85tAAAB registered for session: session_1766325678811_60vpqzjnt
2025-12-21 19:32:33 : info: [Frontend Service] Flushing 14 buffered messages for session: session_1766325678811_60vpqzjnt
2025-12-21 19:32:33 : info: [Frontend Service] Sending buffered video to session: session_1766325678811_60vpqzjnt
2025-12-21 19:32:33 : info: [Frontend Service] Sending buffered audio to session: session_1766325678811_60vpqzjnt
2025-12-21 19:32:33 : info: [Frontend Service] Sending buffered instructions to session: session_1766325678811_60vpqzjnt
2025-12-21 19:32:33 : info: [Frontend Service] Sending buffered instructions to session: session_1766325678811_60vpqzjnt
2025-12-21 19:32:33 : info: [Frontend Service] Sending buffered instructions to session: session_1766325678811_60vpqzjnt
2025-12-21 19:32:33 : info: [Frontend Service] Sending buffered instructions to session: session_1766325678811_60vpqzjnt
2025-12-21 19:32:33 : info: [Frontend Service] Sending buffered instructions to session: session_1766325678811_60vpqzjnt
2025-12-21 19:32:33 : info: [Frontend Service] Sending buffered instructions to session: session_1766325678811_60vpqzjnt
2025-12-21 19:32:33 : info: [Frontend Service] Sending buffered instructions to session: session_1766325678811_60vpqzjnt
2025-12-21 19:32:33 : info: [Frontend Service] Sending buffered instructions to session: session_1766325678811_60vpqzjnt
2025-12-21 19:32:33 : info: [Frontend Service] Sending buffered instructions to session: session_1766325678811_60vpqzjnt
2025-12-21 19:32:33 : info: [Frontend Service] Sending buffered instructions to session: session_1766325678811_60vpqzjnt
2025-12-21 19:32:33 : info: [Frontend Service] Sending buffered instructions to session: session_1766325678811_60vpqzjnt
2025-12-21 19:32:33 : info: [Frontend Service] Sending buffered instructions to session: session_1766325678811_60vpqzjnt
2025-12-21 19:36:45 : info: [Frontend Service] Client connected: CXa5QdV4D7f9ltGqAAAE
2025-12-21 19:36:46 : warn: [Frontend Service] Session session_1766325678811_60vpqzjnt already has a client, disconnecting old client
2025-12-21 19:36:46 : info: [Frontend Service] Client disconnected and removed from session: session_1766325678811_60vpqzjnt
2025-12-21 19:36:46 : info: [Frontend Service] Client CXa5QdV4D7f9ltGqAAAE registered for session: session_1766325678811_60vpqzjnt
2025-12-21 19:36:46 : warn: [Frontend Service] Session session_1766325678811_60vpqzjnt already has a client, disconnecting old client
2025-12-21 19:36:46 : info: [Frontend Service] Client disconnected and removed from session: session_1766325678811_60vpqzjnt
2025-12-21 19:36:46 : info: [Frontend Service] Client CXa5QdV4D7f9ltGqAAAE registered for session: session_1766325678811_60vpqzjnt
2025-12-21 19:43:04 : info: [CONTROLLER] Video chunk - Session: session_1766326380105_hqgb5ru32, Sequence: 0
2025-12-21 19:43:04 : info: [SERVICE] Created video stream for session: session_1766326380105_hqgb5ru32
2025-12-21 19:43:04 : info: [SERVICE] Saving video chunk for session session_1766326380105_hqgb5ru32
2025-12-21 19:43:04 : info: [SERVICE] Sequence: 0, Size: 197763 bytes
2025-12-21 19:43:04 : info: [SERVICE] Video bytes written: 197763
2025-12-21 19:43:05 : info: [CONTROLLER] Audio chunk - Session: session_1766326380105_hqgb5ru32, Sequence: 0
2025-12-21 19:43:05 : info: [SERVICE] Created audio stream for session: session_1766326380105_hqgb5ru32
2025-12-21 19:43:05 : info: [SERVICE] Saving audio chunk for session session_1766326380105_hqgb5ru32
2025-12-21 19:43:05 : info: [SERVICE] Sequence: 0, Size: 32038 bytes
2025-12-21 19:43:05 : info: [SERVICE] Audio bytes written: 32038
2025-12-21 19:43:06 : info: [CONTROLLER] Video chunk - Session: session_1766326380105_hqgb5ru32, Sequence: 1
2025-12-21 19:43:06 : info: [SERVICE] Saving video chunk for session session_1766326380105_hqgb5ru32
2025-12-21 19:43:06 : info: [SERVICE] Sequence: 1, Size: 3619 bytes
2025-12-21 19:43:06 : info: [SERVICE] Video bytes written: 201382
2025-12-21 19:43:07 : info: [CONTROLLER] Audio chunk - Session: session_1766326380105_hqgb5ru32, Sequence: 1
2025-12-21 19:43:07 : info: [SERVICE] Saving audio chunk for session session_1766326380105_hqgb5ru32
2025-12-21 19:43:07 : info: [SERVICE] Sequence: 1, Size: 32844 bytes
2025-12-21 19:43:07 : info: [SERVICE] Audio bytes written: 64882
2025-12-21 19:43:07 : info: [CONTROLLER] Video chunk - Session: session_1766326380105_hqgb5ru32, Sequence: 2
2025-12-21 19:43:07 : info: [SERVICE] Saving video chunk for session session_1766326380105_hqgb5ru32
2025-12-21 19:43:07 : info: [SERVICE] Sequence: 2, Size: 7830 bytes
2025-12-21 19:43:07 : info: [SERVICE] Video bytes written: 209212
2025-12-21 19:43:08 : info: [CONTROLLER] Video chunk - Session: session_1766326380105_hqgb5ru32, Sequence: 3
2025-12-21 19:43:08 : info: [SERVICE] Saving video chunk for session session_1766326380105_hqgb5ru32
2025-12-21 19:43:08 : info: [SERVICE] Sequence: 3, Size: 42202 bytes
2025-12-21 19:43:08 : info: [SERVICE] Video bytes written: 251414
2025-12-21 19:43:09 : info: [CONTROLLER] Audio chunk - Session: session_1766326380105_hqgb5ru32, Sequence: 2
2025-12-21 19:43:09 : info: [SERVICE] Saving audio chunk for session session_1766326380105_hqgb5ru32
2025-12-21 19:43:09 : info: [SERVICE] Sequence: 2, Size: 32844 bytes
2025-12-21 19:43:09 : info: [SERVICE] Audio bytes written: 97726
2025-12-21 19:43:09 : info: [CONTROLLER] Video chunk - Session: session_1766326380105_hqgb5ru32, Sequence: 4
2025-12-21 19:43:09 : info: [SERVICE] Saving video chunk for session session_1766326380105_hqgb5ru32
2025-12-21 19:43:09 : info: [SERVICE] Sequence: 4, Size: 270 bytes
2025-12-21 19:43:09 : info: [SERVICE] Video bytes written: 251684
2025-12-21 19:43:10 : info: [CONTROLLER] Video chunk - Session: session_1766326380105_hqgb5ru32, Sequence: 5
2025-12-21 19:43:10 : info: [SERVICE] Saving video chunk for session session_1766326380105_hqgb5ru32
2025-12-21 19:43:10 : info: [SERVICE] Sequence: 5, Size: 51352 bytes
2025-12-21 19:43:10 : info: [SERVICE] Video bytes written: 303036
2025-12-21 19:43:11 : info: [CONTROLLER] Audio chunk - Session: session_1766326380105_hqgb5ru32, Sequence: 3
2025-12-21 19:43:11 : info: [SERVICE] Saving audio chunk for session session_1766326380105_hqgb5ru32
2025-12-21 19:43:11 : info: [SERVICE] Sequence: 3, Size: 32844 bytes
2025-12-21 19:43:11 : info: [SERVICE] Audio bytes written: 130570
2025-12-21 19:43:11 : info: [CONTROLLER] Video chunk - Session: session_1766326380105_hqgb5ru32, Sequence: 6
2025-12-21 19:43:11 : info: [SERVICE] Saving video chunk for session session_1766326380105_hqgb5ru32
2025-12-21 19:43:11 : info: [SERVICE] Sequence: 6, Size: 101843 bytes
2025-12-21 19:43:11 : info: [SERVICE] Video bytes written: 404879
2025-12-21 19:43:12 : info: [CONTROLLER] Video chunk - Session: session_1766326380105_hqgb5ru32, Sequence: 7
2025-12-21 19:43:12 : info: [SERVICE] Saving video chunk for session session_1766326380105_hqgb5ru32
2025-12-21 19:43:12 : info: [SERVICE] Sequence: 7, Size: 53201 bytes
2025-12-21 19:43:12 : info: [SERVICE] Video bytes written: 458080
2025-12-21 19:43:13 : info: [CONTROLLER] Audio chunk - Session: session_1766326380105_hqgb5ru32, Sequence: 4
2025-12-21 19:43:13 : info: [SERVICE] Saving audio chunk for session session_1766326380105_hqgb5ru32
2025-12-21 19:43:13 : info: [SERVICE] Sequence: 4, Size: 32844 bytes
2025-12-21 19:43:13 : info: [SERVICE] Audio bytes written: 163414
2025-12-21 19:43:13 : info: [CONTROLLER] Video chunk - Session: session_1766326380105_hqgb5ru32, Sequence: 8
2025-12-21 19:43:13 : info: [SERVICE] Saving video chunk for session session_1766326380105_hqgb5ru32
2025-12-21 19:43:13 : info: [SERVICE] Sequence: 8, Size: 326140 bytes
2025-12-21 19:43:13 : info: [SERVICE] Video bytes written: 784220
2025-12-21 19:43:14 : info: [CONTROLLER] Video chunk - Session: session_1766326380105_hqgb5ru32, Sequence: 9
2025-12-21 19:43:14 : info: [SERVICE] Saving video chunk for session session_1766326380105_hqgb5ru32
2025-12-21 19:43:14 : info: [SERVICE] Sequence: 9, Size: 15096 bytes
2025-12-21 19:43:14 : info: [SERVICE] Video bytes written: 799316
2025-12-21 19:43:15 : info: [CONTROLLER] Audio chunk - Session: session_1766326380105_hqgb5ru32, Sequence: 5
2025-12-21 19:43:15 : info: [SERVICE] Saving audio chunk for session session_1766326380105_hqgb5ru32
2025-12-21 19:43:15 : info: [SERVICE] Sequence: 5, Size: 32844 bytes
2025-12-21 19:43:15 : info: [SERVICE] Audio bytes written: 196258
2025-12-21 19:43:15 : info: [CONTROLLER] Video chunk - Session: session_1766326380105_hqgb5ru32, Sequence: 10
2025-12-21 19:43:15 : info: [SERVICE] Saving video chunk for session session_1766326380105_hqgb5ru32
2025-12-21 19:43:15 : info: [SERVICE] Sequence: 10, Size: 6080 bytes
2025-12-21 19:43:15 : info: [SERVICE] Video bytes written: 805396
2025-12-21 19:43:16 : info: [CONTROLLER] Video chunk - Session: session_1766326380105_hqgb5ru32, Sequence: 11
2025-12-21 19:43:16 : info: [SERVICE] Saving video chunk for session session_1766326380105_hqgb5ru32
2025-12-21 19:43:16 : info: [SERVICE] Sequence: 11, Size: 32771 bytes
2025-12-21 19:43:16 : info: [SERVICE] Video bytes written: 838167
2025-12-21 19:43:17 : info: [CONTROLLER] Audio chunk - Session: session_1766326380105_hqgb5ru32, Sequence: 6
2025-12-21 19:43:17 : info: [SERVICE] Saving audio chunk for session session_1766326380105_hqgb5ru32
2025-12-21 19:43:17 : info: [SERVICE] Sequence: 6, Size: 32844 bytes
2025-12-21 19:43:17 : info: [SERVICE] Audio bytes written: 229102
2025-12-21 19:43:17 : info: [CONTROLLER] Video chunk - Session: session_1766326380105_hqgb5ru32, Sequence: 12
2025-12-21 19:43:17 : info: [SERVICE] Saving video chunk for session session_1766326380105_hqgb5ru32
2025-12-21 19:43:17 : info: [SERVICE] Sequence: 12, Size: 32103 bytes
2025-12-21 19:43:17 : info: [SERVICE] Video bytes written: 870270
2025-12-21 19:43:18 : info: [CONTROLLER] Video chunk - Session: session_1766326380105_hqgb5ru32, Sequence: 13
2025-12-21 19:43:18 : info: [SERVICE] Saving video chunk for session session_1766326380105_hqgb5ru32
2025-12-21 19:43:18 : info: [SERVICE] Sequence: 13, Size: 249136 bytes
2025-12-21 19:43:18 : info: [SERVICE] Video bytes written: 1119406
2025-12-21 19:43:19 : info: [CONTROLLER] Audio chunk - Session: session_1766326380105_hqgb5ru32, Sequence: 7
2025-12-21 19:43:19 : info: [SERVICE] Saving audio chunk for session session_1766326380105_hqgb5ru32
2025-12-21 19:43:19 : info: [SERVICE] Sequence: 7, Size: 32844 bytes
2025-12-21 19:43:19 : info: [SERVICE] Audio bytes written: 261946
2025-12-21 19:43:19 : info: [CONTROLLER] Video chunk - Session: session_1766326380105_hqgb5ru32, Sequence: 14
2025-12-21 19:43:19 : info: [SERVICE] Saving video chunk for session session_1766326380105_hqgb5ru32
2025-12-21 19:43:19 : info: [SERVICE] Sequence: 14, Size: 28974 bytes
2025-12-21 19:43:19 : info: [SERVICE] Video bytes written: 1148380
2025-12-21 19:43:20 : info: [CONTROLLER] Video chunk - Session: session_1766326380105_hqgb5ru32, Sequence: 15
2025-12-21 19:43:20 : info: [SERVICE] Saving video chunk for session session_1766326380105_hqgb5ru32
2025-12-21 19:43:20 : info: [SERVICE] Sequence: 15, Size: 22603 bytes
2025-12-21 19:43:20 : info: [SERVICE] Video bytes written: 1170983
2025-12-21 19:43:21 : info: [CONTROLLER] Audio chunk - Session: session_1766326380105_hqgb5ru32, Sequence: 8
2025-12-21 19:43:21 : info: [SERVICE] Saving audio chunk for session session_1766326380105_hqgb5ru32
2025-12-21 19:43:21 : info: [SERVICE] Sequence: 8, Size: 32844 bytes
2025-12-21 19:43:21 : info: [SERVICE] Audio bytes written: 294790
2025-12-21 19:43:21 : info: [CONTROLLER] Video chunk - Session: session_1766326380105_hqgb5ru32, Sequence: 16
2025-12-21 19:43:21 : info: [SERVICE] Saving video chunk for session session_1766326380105_hqgb5ru32
2025-12-21 19:43:21 : info: [SERVICE] Sequence: 16, Size: 139384 bytes
2025-12-21 19:43:21 : info: [SERVICE] Video bytes written: 1310367
2025-12-21 19:43:22 : info: [CONTROLLER] Video chunk - Session: session_1766326380105_hqgb5ru32, Sequence: 17
2025-12-21 19:43:22 : info: [SERVICE] Saving video chunk for session session_1766326380105_hqgb5ru32
2025-12-21 19:43:22 : info: [SERVICE] Sequence: 17, Size: 58809 bytes
2025-12-21 19:43:22 : info: [SERVICE] Video bytes written: 1369176
2025-12-21 19:43:23 : info: [CONTROLLER] Audio chunk - Session: session_1766326380105_hqgb5ru32, Sequence: 9
2025-12-21 19:43:23 : info: [SERVICE] Saving audio chunk for session session_1766326380105_hqgb5ru32
2025-12-21 19:43:23 : info: [SERVICE] Sequence: 9, Size: 32844 bytes
2025-12-21 19:43:23 : info: [SERVICE] Audio bytes written: 327634
2025-12-21 19:43:23 : info: [CONTROLLER] Video chunk - Session: session_1766326380105_hqgb5ru32, Sequence: 18
2025-12-21 19:43:23 : info: [SERVICE] Saving video chunk for session session_1766326380105_hqgb5ru32
2025-12-21 19:43:23 : info: [SERVICE] Sequence: 18, Size: 236129 bytes
2025-12-21 19:43:23 : info: [SERVICE] Video bytes written: 1605305
2025-12-21 19:43:24 : info: [CONTROLLER] Video chunk - Session: session_1766326380105_hqgb5ru32, Sequence: 19
2025-12-21 19:43:24 : info: [SERVICE] Saving video chunk for session session_1766326380105_hqgb5ru32
2025-12-21 19:43:24 : info: [SERVICE] Sequence: 19, Size: 9444 bytes
2025-12-21 19:43:24 : info: [SERVICE] Video bytes written: 1614749
2025-12-21 19:43:25 : info: [CONTROLLER] Audio chunk - Session: session_1766326380105_hqgb5ru32, Sequence: 10
2025-12-21 19:43:25 : info: [SERVICE] Saving audio chunk for session session_1766326380105_hqgb5ru32
2025-12-21 19:43:25 : info: [SERVICE] Sequence: 10, Size: 32844 bytes
2025-12-21 19:43:25 : info: [SERVICE] Audio bytes written: 360478
2025-12-21 19:43:25 : info: [CONTROLLER] Video chunk - Session: session_1766326380105_hqgb5ru32, Sequence: 20
2025-12-21 19:43:25 : info: [SERVICE] Saving video chunk for session session_1766326380105_hqgb5ru32
2025-12-21 19:43:25 : info: [SERVICE] Sequence: 20, Size: 10156 bytes
2025-12-21 19:43:25 : info: [SERVICE] Video bytes written: 1624905
2025-12-21 19:43:26 : info: [CONTROLLER] Video chunk - Session: session_1766326380105_hqgb5ru32, Sequence: 21
2025-12-21 19:43:26 : info: [SERVICE] Saving video chunk for session session_1766326380105_hqgb5ru32
2025-12-21 19:43:26 : info: [SERVICE] Sequence: 21, Size: 189454 bytes
2025-12-21 19:43:26 : info: [SERVICE] Video bytes written: 1814359
2025-12-21 19:43:27 : info: [CONTROLLER] Audio chunk - Session: session_1766326380105_hqgb5ru32, Sequence: 11
2025-12-21 19:43:27 : info: [SERVICE] Saving audio chunk for session session_1766326380105_hqgb5ru32
2025-12-21 19:43:27 : info: [SERVICE] Sequence: 11, Size: 32844 bytes
2025-12-21 19:43:27 : info: [SERVICE] Audio bytes written: 393322
2025-12-21 19:43:27 : info: [CONTROLLER] Video chunk - Session: session_1766326380105_hqgb5ru32, Sequence: 22
2025-12-21 19:43:27 : info: [SERVICE] Saving video chunk for session session_1766326380105_hqgb5ru32
2025-12-21 19:43:27 : info: [SERVICE] Sequence: 22, Size: 12949 bytes
2025-12-21 19:43:27 : info: [SERVICE] Video bytes written: 1827308
2025-12-21 19:43:28 : info: [CONTROLLER] Video chunk - Session: session_1766326380105_hqgb5ru32, Sequence: 23
2025-12-21 19:43:28 : info: [SERVICE] Saving video chunk for session session_1766326380105_hqgb5ru32
2025-12-21 19:43:28 : info: [SERVICE] Sequence: 23, Size: 14424 bytes
2025-12-21 19:43:28 : info: [SERVICE] Video bytes written: 1841732
2025-12-21 19:43:29 : info: [CONTROLLER] Audio chunk - Session: session_1766326380105_hqgb5ru32, Sequence: 12
2025-12-21 19:43:29 : info: [SERVICE] Saving audio chunk for session session_1766326380105_hqgb5ru32
2025-12-21 19:43:29 : info: [SERVICE] Sequence: 12, Size: 32844 bytes
2025-12-21 19:43:29 : info: [SERVICE] Audio bytes written: 426166
2025-12-21 19:43:29 : info: [CONTROLLER] Video chunk - Session: session_1766326380105_hqgb5ru32, Sequence: 24
2025-12-21 19:43:29 : info: [SERVICE] Saving video chunk for session session_1766326380105_hqgb5ru32
2025-12-21 19:43:29 : info: [SERVICE] Sequence: 24, Size: 115304 bytes
2025-12-21 19:43:29 : info: [SERVICE] Video bytes written: 1957036
2025-12-21 19:43:30 : info: [CONTROLLER] Video chunk - Session: session_1766326380105_hqgb5ru32, Sequence: 25
2025-12-21 19:43:30 : info: [SERVICE] Saving video chunk for session session_1766326380105_hqgb5ru32
2025-12-21 19:43:30 : info: [SERVICE] Sequence: 25, Size: 250768 bytes
2025-12-21 19:43:30 : info: [SERVICE] Video bytes written: 2207804
2025-12-21 19:43:31 : info: [SERVICE] Processing recording for session: session_1766326380105_hqgb5ru32
2025-12-21 19:43:31 : info: [SERVICE] Active sessions: session_1766325678811_60vpqzjnt, session_1766326380105_hqgb5ru32
2025-12-21 19:43:31 : info: [SERVICE] Session exists in activeStreams: true
2025-12-21 19:43:31 : info: [SERVICE] Finalizing audio for session session_1766326380105_hqgb5ru32
2025-12-21 19:43:31 : info: [SERVICE] Total chunks: 13
2025-12-21 19:43:31 : info: [SERVICE] Total bytes: 426166
2025-12-21 19:43:31 : info: [SERVICE] Audio stream closed: W:\GCU\Project\Clueso_clone_example\Clueso_Node_layer\src\uploads\audio_session_1766326380105_hqgb5ru32.webm
2025-12-21 19:43:31 : info: [SERVICE] Finalizing video for session session_1766326380105_hqgb5ru32
2025-12-21 19:43:31 : info: [SERVICE] Total chunks: 26
2025-12-21 19:43:31 : info: [SERVICE] Total bytes: 2207804
2025-12-21 19:43:31 : info: [SERVICE] Video stream closed: W:\GCU\Project\Clueso_clone_example\Clueso_Node_layer\src\uploads\video_session_1766326380105_hqgb5ru32.webm
2025-12-21 19:43:31 : info: [SERVICE] finalAudioPath: W:\GCU\Project\Clueso_clone_example\Clueso_Node_layer\src\uploads\audio_session_1766326380105_hqgb5ru32.webm
2025-12-21 19:43:31 : info: [SERVICE] finalVideoPath: W:\GCU\Project\Clueso_clone_example\Clueso_Node_layer\src\uploads\video_session_1766326380105_hqgb5ru32.webm
2025-12-21 19:43:31 : info: [SERVICE] Session session_1766326380105_hqgb5ru32 statistics:
2025-12-21 19:43:31 : info: [SERVICE] Video chunks received: 26
2025-12-21 19:43:31 : info: [SERVICE] Audio chunks received: 13
2025-12-21 19:43:31 : info: [SERVICE] Video moved to: W:\GCU\Project\Clueso_clone_example\Clueso_Node_layer\src\recordings\recording_session_1766326380105_hqgb5ru32_video.webm
2025-12-21 19:43:31 : info: [SERVICE] Audio moved to: W:\GCU\Project\Clueso_clone_example\Clueso_Node_layer\src\recordings\recording_session_1766326380105_hqgb5ru32_audio.webm
2025-12-21 19:43:31 : info: [SERVICE] Recording saved: recording_session_1766326380105_hqgb5ru32_1766326411033.json
2025-12-21 19:43:31 : info: [Recording Controller] Broadcasting video to frontend session: session_1766326380105_hqgb5ru32
2025-12-21 19:43:31 : warn: [Frontend Service] No client connected for session: session_1766326380105_hqgb5ru32. Buffering video.
2025-12-21 19:43:31 : info: [Frontend Service] Buffered video message for session: session_1766326380105_hqgb5ru32. Queue size: 1
2025-12-21 19:43:31 : info: [Recording Controller] Processing audio file: W:\GCU\Project\Clueso_clone_example\Clueso_Node_layer\src\recordings\recording_session_1766326380105_hqgb5ru32_audio.webm
2025-12-21 19:43:31 : info: [Deepgram] Transcribing file: W:\GCU\Project\Clueso_clone_example\Clueso_Node_layer\src\recordings\recording_session_1766326380105_hqgb5ru32_audio.webm
2025-12-21 19:43:31 : info: [Deepgram] Building transcription options
2025-12-21 19:43:31 : info: [CONTROLLER] Audio chunk - Session: session_1766326380105_hqgb5ru32, Sequence: 13
2025-12-21 19:43:31 : info: [SERVICE] Created audio stream for session: session_1766326380105_hqgb5ru32
2025-12-21 19:43:31 : info: [SERVICE] Saving audio chunk for session session_1766326380105_hqgb5ru32
2025-12-21 19:43:31 : info: [SERVICE] Sequence: 13, Size: 32844 bytes
2025-12-21 19:43:31 : info: [SERVICE] Audio bytes written: 32844
2025-12-21 19:43:31 : info: [CONTROLLER] Video chunk - Session: session_1766326380105_hqgb5ru32, Sequence: 26
2025-12-21 19:43:31 : info: [SERVICE] Created video stream for session: session_1766326380105_hqgb5ru32
2025-12-21 19:43:31 : info: [SERVICE] Saving video chunk for session session_1766326380105_hqgb5ru32
2025-12-21 19:43:31 : info: [SERVICE] Sequence: 26, Size: 19827 bytes
2025-12-21 19:43:31 : info: [SERVICE] Video bytes written: 19827
2025-12-21 19:43:32 : info: [CONTROLLER] Video chunk - Session: session_1766326380105_hqgb5ru32, Sequence: 27
2025-12-21 19:43:32 : info: [SERVICE] Saving video chunk for session session_1766326380105_hqgb5ru32
2025-12-21 19:43:32 : info: [SERVICE] Sequence: 27, Size: 5946 bytes
2025-12-21 19:43:32 : info: [SERVICE] Video bytes written: 25773
2025-12-21 19:43:33 : info: [Deepgram] File transcription complete
2025-12-21 19:43:33 : info: [Deepgram] Formatting result
2025-12-21 19:43:33 : info: [Deepgram] Final timeline built with
2025-12-21 19:43:33 : info: [Recording Controller] Transcribed text from Deepgram:
2025-12-21 19:43:33 : info: [Recording Controller] Text: "So, yeah, this is Google Gemini and, like, Google AI Studio. Here, uh, you can take API key, see usage, copy, or you can create one. Uh, here are few projects, like, projects which are using API key. You can name for which project you are using API key."
2025-12-21 19:43:33 : info: [Recording Controller] Timeline segments: 7
2025-12-21 19:43:33 : info: [Recording Controller] Metadata: {"transaction_key":"deprecated","request_id":"e76339f8-c613-4ce0-b632-b1bb230cd10e","sha256":"6f9a16ed09bb03aee5501f55dcd6094dbe88938d22575e820b995e0937da28b4","created":"2025-12-21T14:13:34.192Z","duration":26.46,"channels":1,"models":["1abfe86b-e047-4eed-858a-35e5625b41ee"],"model_info":{"1abfe86b-e047-4eed-858a-35e5625b41ee":{"name":"2-general-nova","version":"2024-01-06.5664","arch":"nova-2"}}}
2025-12-21 19:43:33 : warn: [Frontend Service] No client connected for session: session_1766326380105_hqgb5ru32. Buffering audio.
2025-12-21 19:43:33 : info: [Frontend Service] Buffered audio message for session: session_1766326380105_hqgb5ru32. Queue size: 2
2025-12-21 19:43:33 : info: [Frontend Service] Stored 10 DOM events for session: session_1766326380105_hqgb5ru32
2025-12-21 19:43:33 : info: [Recording Controller] Stored 10 DOM events for potential fallback
2025-12-21 19:43:33 : info: [Python Controller] Processing with AI:
2025-12-21 19:43:33 : info: [Python Controller] - Text: "So, yeah, this is Google Gemini and, like, Google AI Studio. Here, uh, you can take API key, see usa..."
2025-12-21 19:43:33 : info: [Python Controller] - DOM Events: 10
2025-12-21 19:43:33 : info: [Python Controller] - Has Deepgram Response: true
2025-12-21 19:43:33 : info: [Python Controller] - Audio Path: W:\GCU\Project\Clueso_clone_example\Clueso_Node_layer\src\recordings\recording_session_1766326380105_hqgb5ru32_audio.webm
2025-12-21 19:43:33 : info: [Python Controller] - Session ID: session_1766326380105_hqgb5ru32
2025-12-21 19:43:33 : info: [Python Service] Sending text with 10 DOM events to Python layer
2025-12-21 19:43:33 : error: [Python Service] Error response from Python layer: 500 - {"detail":"Processing failed: Script generation failed: 429 RESOURCE_EXHAUSTED. {'error': {'code': 429, 'message': 'You exceeded your current quota, please check your plan and billing details. For more information on this error, head to: https://ai.google.dev/gemini-api/docs/rate-limits. To monitor your current usage, head to: https://ai.dev/usage?tab=rate-limit. \\n* Quota exceeded for metric: generativelanguage.googleapis.com/generate_content_free_tier_input_token_count, limit: 0, model: gemini-2.0-flash-exp\\n* Quota exceeded for metric: generativelanguage.googleapis.com/generate_content_free_tier_requests, limit: 0, model: gemini-2.0-flash-exp\\n* Quota exceeded for metric: generativelanguage.googleapis.com/generate_content_free_tier_requests, limit: 0, model: gemini-2.0-flash-exp\\nPlease retry in 25.496074799s.', 'status': 'RESOURCE_EXHAUSTED', 'details': [{'@type': 'type.googleapis.com/google.rpc.Help', 'links': [{'description': 'Learn more about Gemini API quotas', 'url': 'https://ai.google.dev/gemini-api/docs/rate-limits'}]}, {'@type': 'type.googleapis.com/google.rpc.QuotaFailure', 'violations': [{'quotaMetric': 'generativelanguage.googleapis.com/generate_content_free_tier_input_token_count', 'quotaId': 'GenerateContentInputTokensPerModelPerMinute-FreeTier', 'quotaDimensions': {'location': 'global', 'model': 'gemini-2.0-flash-exp'}}, {'quotaMetric': 'generativelanguage.googleapis.com/generate_content_free_tier_requests', 'quotaId': 'GenerateRequestsPerMinutePerProjectPerModel-FreeTier', 'quotaDimensions': {'location': 'global', 'model': 'gemini-2.0-flash-exp'}}, {'quotaMetric': 'generativelanguage.googleapis.com/generate_content_free_tier_requests', 'quotaId': 'GenerateRequestsPerDayPerProjectPerModel-FreeTier', 'quotaDimensions': {'location': 'global', 'model': 'gemini-2.0-flash-exp'}}]}, {'@type': 'type.googleapis.com/google.rpc.RetryInfo', 'retryDelay': '25s'}]}}"}
2025-12-21 19:43:33 : error: [Python Service] Error sending data to Python layer: Python layer returned error: 500 - {"detail":"Processing failed: Script generation failed: 429 RESOURCE_EXHAUSTED. {'error': {'code': 429, 'message': 'You exceeded your current quota, please check your plan and billing details. For more information on this error, head to: https://ai.google.dev/gemini-api/docs/rate-limits. To monitor your current usage, head to: https://ai.dev/usage?tab=rate-limit. \\n* Quota exceeded for metric: generativelanguage.googleapis.com/generate_content_free_tier_input_token_count, limit: 0, model: gemini-2.0-flash-exp\\n* Quota exceeded for metric: generativelanguage.googleapis.com/generate_content_free_tier_requests, limit: 0, model: gemini-2.0-flash-exp\\n* Quota exceeded for metric: generativelanguage.googleapis.com/generate_content_free_tier_requests, limit: 0, model: gemini-2.0-flash-exp\\nPlease retry in 25.496074799s.', 'status': 'RESOURCE_EXHAUSTED', 'details': [{'@type': 'type.googleapis.com/google.rpc.Help', 'links': [{'description': 'Learn more about Gemini API quotas', 'url': 'https://ai.google.dev/gemini-api/docs/rate-limits'}]}, {'@type': 'type.googleapis.com/google.rpc.QuotaFailure', 'violations': [{'quotaMetric': 'generativelanguage.googleapis.com/generate_content_free_tier_input_token_count', 'quotaId': 'GenerateContentInputTokensPerModelPerMinute-FreeTier', 'quotaDimensions': {'location': 'global', 'model': 'gemini-2.0-flash-exp'}}, {'quotaMetric': 'generativelanguage.googleapis.com/generate_content_free_tier_requests', 'quotaId': 'GenerateRequestsPerMinutePerProjectPerModel-FreeTier', 'quotaDimensions': {'location': 'global', 'model': 'gemini-2.0-flash-exp'}}, {'quotaMetric': 'generativelanguage.googleapis.com/generate_content_free_tier_requests', 'quotaId': 'GenerateRequestsPerDayPerProjectPerModel-FreeTier', 'quotaDimensions': {'location': 'global', 'model': 'gemini-2.0-flash-exp'}}]}, {'@type': 'type.googleapis.com/google.rpc.RetryInfo', 'retryDelay': '25s'}]}}"}
2025-12-21 19:43:33 : error: [Python Controller] Error processing with AI: Error: Python layer returned error: 500 - {"detail":"Processing failed: Script generation failed: 429 RESOURCE_EXHAUSTED. {'error': {'code': 429, 'message': 'You exceeded your current quota, please check your plan and billing details. For more information on this error, head to: https://ai.google.dev/gemini-api/docs/rate-limits. To monitor your current usage, head to: https://ai.dev/usage?tab=rate-limit. \\n* Quota exceeded for metric: generativelanguage.googleapis.com/generate_content_free_tier_input_token_count, limit: 0, model: gemini-2.0-flash-exp\\n* Quota exceeded for metric: generativelanguage.googleapis.com/generate_content_free_tier_requests, limit: 0, model: gemini-2.0-flash-exp\\n* Quota exceeded for metric: generativelanguage.googleapis.com/generate_content_free_tier_requests, limit: 0, model: gemini-2.0-flash-exp\\nPlease retry in 25.496074799s.', 'status': 'RESOURCE_EXHAUSTED', 'details': [{'@type': 'type.googleapis.com/google.rpc.Help', 'links': [{'description': 'Learn more about Gemini API quotas', 'url': 'https://ai.google.dev/gemini-api/docs/rate-limits'}]}, {'@type': 'type.googleapis.com/google.rpc.QuotaFailure', 'violations': [{'quotaMetric': 'generativelanguage.googleapis.com/generate_content_free_tier_input_token_count', 'quotaId': 'GenerateContentInputTokensPerModelPerMinute-FreeTier', 'quotaDimensions': {'location': 'global', 'model': 'gemini-2.0-flash-exp'}}, {'quotaMetric': 'generativelanguage.googleapis.com/generate_content_free_tier_requests', 'quotaId': 'GenerateRequestsPerMinutePerProjectPerModel-FreeTier', 'quotaDimensions': {'location': 'global', 'model': 'gemini-2.0-flash-exp'}}, {'quotaMetric': 'generativelanguage.googleapis.com/generate_content_free_tier_requests', 'quotaId': 'GenerateRequestsPerDayPerProjectPerModel-FreeTier', 'quotaDimensions': {'location': 'global', 'model': 'gemini-2.0-flash-exp'}}]}, {'@type': 'type.googleapis.com/google.rpc.RetryInfo', 'retryDelay': '25s'}]}}"}
2025-12-21 19:43:33 : warn: [Frontend Service] No client connected for session: session_1766326380105_hqgb5ru32. Buffering instructions.
2025-12-21 19:43:33 : info: [Frontend Service] Buffered instructions message for session: session_1766326380105_hqgb5ru32. Queue size: 3
2025-12-21 19:43:33 : warn: [Recording Controller] Python processing failed, triggering DOM events fallback
2025-12-21 19:43:33 : info: [Frontend Service] Using DOM events as fallback for session: session_1766326380105_hqgb5ru32 (10 events)
2025-12-21 19:43:33 : warn: [Frontend Service] No client connected for session: session_1766326380105_hqgb5ru32. Buffering instructions.
2025-12-21 19:43:33 : info: [Frontend Service] Buffered instructions message for session: session_1766326380105_hqgb5ru32. Queue size: 4
2025-12-21 19:43:33 : warn: [Frontend Service] No client connected for session: session_1766326380105_hqgb5ru32. Buffering instructions.
2025-12-21 19:43:33 : info: [Frontend Service] Buffered instructions message for session: session_1766326380105_hqgb5ru32. Queue size: 5
2025-12-21 19:43:33 : warn: [Frontend Service] No client connected for session: session_1766326380105_hqgb5ru32. Buffering instructions.
2025-12-21 19:43:33 : info: [Frontend Service] Buffered instructions message for session: session_1766326380105_hqgb5ru32. Queue size: 6
2025-12-21 19:43:33 : warn: [Frontend Service] No client connected for session: session_1766326380105_hqgb5ru32. Buffering instructions.
2025-12-21 19:43:33 : info: [Frontend Service] Buffered instructions message for session: session_1766326380105_hqgb5ru32. Queue size: 7
2025-12-21 19:43:33 : warn: [Frontend Service] No client connected for session: session_1766326380105_hqgb5ru32. Buffering instructions.
2025-12-21 19:43:33 : info: [Frontend Service] Buffered instructions message for session: session_1766326380105_hqgb5ru32. Queue size: 8
2025-12-21 19:43:33 : warn: [Frontend Service] No client connected for session: session_1766326380105_hqgb5ru32. Buffering instructions.
2025-12-21 19:43:33 : info: [Frontend Service] Buffered instructions message for session: session_1766326380105_hqgb5ru32. Queue size: 9
2025-12-21 19:43:33 : warn: [Frontend Service] No client connected for session: session_1766326380105_hqgb5ru32. Buffering instructions.
2025-12-21 19:43:33 : info: [Frontend Service] Buffered instructions message for session: session_1766326380105_hqgb5ru32. Queue size: 10
2025-12-21 19:43:33 : warn: [Frontend Service] No client connected for session: session_1766326380105_hqgb5ru32. Buffering instructions.
2025-12-21 19:43:33 : info: [Frontend Service] Buffered instructions message for session: session_1766326380105_hqgb5ru32. Queue size: 11
2025-12-21 19:43:33 : warn: [Frontend Service] No client connected for session: session_1766326380105_hqgb5ru32. Buffering instructions.
2025-12-21 19:43:33 : info: [Frontend Service] Buffered instructions message for session: session_1766326380105_hqgb5ru32. Queue size: 12
2025-12-21 19:43:33 : warn: [Frontend Service] No client connected for session: session_1766326380105_hqgb5ru32. Buffering instructions.
2025-12-21 19:43:33 : info: [Frontend Service] Buffered instructions message for session: session_1766326380105_hqgb5ru32. Queue size: 13
2025-12-21 19:43:34 : info: [Frontend Service] Client connected: aNUDWkL1f42Ob0yVAAAG
2025-12-21 19:43:34 : info: [Frontend Service] Client aNUDWkL1f42Ob0yVAAAG registered for session: session_1766326380105_hqgb5ru32
2025-12-21 19:43:34 : info: [Frontend Service] Flushing 13 buffered messages for session: session_1766326380105_hqgb5ru32
2025-12-21 19:43:34 : info: [Frontend Service] Sending buffered video to session: session_1766326380105_hqgb5ru32
2025-12-21 19:43:34 : info: [Frontend Service] Sending buffered audio to session: session_1766326380105_hqgb5ru32
2025-12-21 19:43:34 : info: [Frontend Service] Sending buffered instructions to session: session_1766326380105_hqgb5ru32
2025-12-21 19:43:34 : info: [Frontend Service] Sending buffered instructions to session: session_1766326380105_hqgb5ru32
2025-12-21 19:43:34 : info: [Frontend Service] Sending buffered instructions to session: session_1766326380105_hqgb5ru32
2025-12-21 19:43:34 : info: [Frontend Service] Sending buffered instructions to session: session_1766326380105_hqgb5ru32
2025-12-21 19:43:34 : info: [Frontend Service] Sending buffered instructions to session: session_1766326380105_hqgb5ru32
2025-12-21 19:43:34 : info: [Frontend Service] Sending buffered instructions to session: session_1766326380105_hqgb5ru32
2025-12-21 19:43:34 : info: [Frontend Service] Sending buffered instructions to session: session_1766326380105_hqgb5ru32
2025-12-21 19:43:34 : info: [Frontend Service] Sending buffered instructions to session: session_1766326380105_hqgb5ru32
2025-12-21 19:43:34 : info: [Frontend Service] Sending buffered instructions to session: session_1766326380105_hqgb5ru32
2025-12-21 19:43:34 : info: [Frontend Service] Sending buffered instructions to session: session_1766326380105_hqgb5ru32
2025-12-21 19:43:34 : info: [Frontend Service] Sending buffered instructions to session: session_1766326380105_hqgb5ru32
2025-12-21 19:55:09 : info: [Deepgram] Client initialized
2025-12-21 19:55:09 : info: [Frontend Service] Socket.IO server initialized
2025-12-21 19:55:09 : info: Server started
2025-12-21 19:55:09 : info: Socket.IO server ready for frontend connections
2025-12-21 19:55:55 : info: [CONTROLLER] Video chunk - Session: session_1766327152107_a6aa15t2z, Sequence: 0
2025-12-21 19:55:55 : info: [SERVICE] Created video stream for session: session_1766327152107_a6aa15t2z
2025-12-21 19:55:55 : info: [SERVICE] Saving video chunk for session session_1766327152107_a6aa15t2z
2025-12-21 19:55:55 : info: [SERVICE] Sequence: 0, Size: 195353 bytes
2025-12-21 19:55:55 : info: [SERVICE] Video bytes written: 195353
2025-12-21 19:55:56 : info: [CONTROLLER] Audio chunk - Session: session_1766327152107_a6aa15t2z, Sequence: 0
2025-12-21 19:55:56 : info: [SERVICE] Created audio stream for session: session_1766327152107_a6aa15t2z
2025-12-21 19:55:56 : info: [SERVICE] Saving audio chunk for session session_1766327152107_a6aa15t2z
2025-12-21 19:55:56 : info: [SERVICE] Sequence: 0, Size: 32038 bytes
2025-12-21 19:55:56 : info: [CONTROLLER] Video chunk - Session: session_1766327152107_a6aa15t2z, Sequence: 1
2025-12-21 19:55:56 : info: [SERVICE] Saving video chunk for session session_1766327152107_a6aa15t2z
2025-12-21 19:55:56 : info: [SERVICE] Sequence: 1, Size: 126386 bytes
2025-12-21 19:55:56 : info: [SERVICE] Audio bytes written: 32038
2025-12-21 19:55:56 : info: [SERVICE] Video bytes written: 321739
2025-12-21 19:55:58 : info: [CONTROLLER] Video chunk - Session: session_1766327152107_a6aa15t2z, Sequence: 2
2025-12-21 19:55:58 : info: [SERVICE] Saving video chunk for session session_1766327152107_a6aa15t2z
2025-12-21 19:55:58 : info: [SERVICE] Sequence: 2, Size: 70073 bytes
2025-12-21 19:55:58 : info: [SERVICE] Video bytes written: 391812
2025-12-21 19:55:58 : info: [CONTROLLER] Audio chunk - Session: session_1766327152107_a6aa15t2z, Sequence: 1
2025-12-21 19:55:58 : info: [SERVICE] Saving audio chunk for session session_1766327152107_a6aa15t2z
2025-12-21 19:55:58 : info: [SERVICE] Sequence: 1, Size: 32844 bytes
2025-12-21 19:55:58 : info: [SERVICE] Audio bytes written: 64882
2025-12-21 19:55:59 : info: [CONTROLLER] Video chunk - Session: session_1766327152107_a6aa15t2z, Sequence: 3
2025-12-21 19:55:59 : info: [SERVICE] Saving video chunk for session session_1766327152107_a6aa15t2z
2025-12-21 19:55:59 : info: [SERVICE] Sequence: 3, Size: 71697 bytes
2025-12-21 19:55:59 : info: [SERVICE] Video bytes written: 463509
2025-12-21 19:56:00 : info: [CONTROLLER] Video chunk - Session: session_1766327152107_a6aa15t2z, Sequence: 4
2025-12-21 19:56:00 : info: [SERVICE] Saving video chunk for session session_1766327152107_a6aa15t2z
2025-12-21 19:56:00 : info: [SERVICE] Sequence: 4, Size: 253700 bytes
2025-12-21 19:56:00 : info: [SERVICE] Video bytes written: 717209
2025-12-21 19:56:00 : info: [CONTROLLER] Audio chunk - Session: session_1766327152107_a6aa15t2z, Sequence: 2
2025-12-21 19:56:00 : info: [SERVICE] Saving audio chunk for session session_1766327152107_a6aa15t2z
2025-12-21 19:56:00 : info: [SERVICE] Sequence: 2, Size: 32844 bytes
2025-12-21 19:56:00 : info: [SERVICE] Audio bytes written: 97726
2025-12-21 19:56:01 : info: [CONTROLLER] Video chunk - Session: session_1766327152107_a6aa15t2z, Sequence: 5
2025-12-21 19:56:01 : info: [SERVICE] Saving video chunk for session session_1766327152107_a6aa15t2z
2025-12-21 19:56:01 : info: [SERVICE] Sequence: 5, Size: 69167 bytes
2025-12-21 19:56:01 : info: [SERVICE] Video bytes written: 786376
2025-12-21 19:56:02 : info: [CONTROLLER] Video chunk - Session: session_1766327152107_a6aa15t2z, Sequence: 6
2025-12-21 19:56:02 : info: [SERVICE] Saving video chunk for session session_1766327152107_a6aa15t2z
2025-12-21 19:56:02 : info: [SERVICE] Sequence: 6, Size: 36233 bytes
2025-12-21 19:56:02 : info: [SERVICE] Video bytes written: 822609
2025-12-21 19:56:03 : info: [CONTROLLER] Audio chunk - Session: session_1766327152107_a6aa15t2z, Sequence: 3
2025-12-21 19:56:03 : info: [SERVICE] Saving audio chunk for session session_1766327152107_a6aa15t2z
2025-12-21 19:56:03 : info: [SERVICE] Sequence: 3, Size: 32844 bytes
2025-12-21 19:56:03 : info: [SERVICE] Audio bytes written: 130570
2025-12-21 19:56:03 : info: [CONTROLLER] Video chunk - Session: session_1766327152107_a6aa15t2z, Sequence: 7
2025-12-21 19:56:03 : info: [SERVICE] Saving video chunk for session session_1766327152107_a6aa15t2z
2025-12-21 19:56:03 : info: [SERVICE] Sequence: 7, Size: 46871 bytes
2025-12-21 19:56:03 : info: [SERVICE] Video bytes written: 869480
2025-12-21 19:56:04 : info: [CONTROLLER] Video chunk - Session: session_1766327152107_a6aa15t2z, Sequence: 8
2025-12-21 19:56:04 : info: [SERVICE] Saving video chunk for session session_1766327152107_a6aa15t2z
2025-12-21 19:56:04 : info: [SERVICE] Sequence: 8, Size: 44144 bytes
2025-12-21 19:56:04 : info: [SERVICE] Video bytes written: 913624
2025-12-21 19:56:05 : info: [CONTROLLER] Audio chunk - Session: session_1766327152107_a6aa15t2z, Sequence: 4
2025-12-21 19:56:05 : info: [SERVICE] Saving audio chunk for session session_1766327152107_a6aa15t2z
2025-12-21 19:56:05 : info: [SERVICE] Sequence: 4, Size: 32844 bytes
2025-12-21 19:56:05 : info: [SERVICE] Audio bytes written: 163414
2025-12-21 19:56:05 : info: [CONTROLLER] Video chunk - Session: session_1766327152107_a6aa15t2z, Sequence: 9
2025-12-21 19:56:05 : info: [SERVICE] Saving video chunk for session session_1766327152107_a6aa15t2z
2025-12-21 19:56:05 : info: [SERVICE] Sequence: 9, Size: 309272 bytes
2025-12-21 19:56:05 : info: [SERVICE] Video bytes written: 1222896
2025-12-21 19:56:06 : info: [CONTROLLER] Video chunk - Session: session_1766327152107_a6aa15t2z, Sequence: 10
2025-12-21 19:56:06 : info: [SERVICE] Saving video chunk for session session_1766327152107_a6aa15t2z
2025-12-21 19:56:06 : info: [SERVICE] Sequence: 10, Size: 7606 bytes
2025-12-21 19:56:06 : info: [SERVICE] Video bytes written: 1230502
2025-12-21 19:56:07 : info: [CONTROLLER] Audio chunk - Session: session_1766327152107_a6aa15t2z, Sequence: 5
2025-12-21 19:56:07 : info: [SERVICE] Saving audio chunk for session session_1766327152107_a6aa15t2z
2025-12-21 19:56:07 : info: [SERVICE] Sequence: 5, Size: 32844 bytes
2025-12-21 19:56:07 : info: [SERVICE] Audio bytes written: 196258
2025-12-21 19:56:07 : info: [CONTROLLER] Video chunk - Session: session_1766327152107_a6aa15t2z, Sequence: 11
2025-12-21 19:56:07 : info: [SERVICE] Saving video chunk for session session_1766327152107_a6aa15t2z
2025-12-21 19:56:07 : info: [SERVICE] Sequence: 11, Size: 35812 bytes
2025-12-21 19:56:07 : info: [SERVICE] Video bytes written: 1266314
2025-12-21 19:56:08 : info: [CONTROLLER] Video chunk - Session: session_1766327152107_a6aa15t2z, Sequence: 12
2025-12-21 19:56:08 : info: [SERVICE] Saving video chunk for session session_1766327152107_a6aa15t2z
2025-12-21 19:56:08 : info: [SERVICE] Sequence: 12, Size: 96994 bytes
2025-12-21 19:56:08 : info: [SERVICE] Video bytes written: 1363308
2025-12-21 19:56:09 : info: [CONTROLLER] Audio chunk - Session: session_1766327152107_a6aa15t2z, Sequence: 6
2025-12-21 19:56:09 : info: [SERVICE] Saving audio chunk for session session_1766327152107_a6aa15t2z
2025-12-21 19:56:09 : info: [SERVICE] Sequence: 6, Size: 32844 bytes
2025-12-21 19:56:09 : info: [SERVICE] Audio bytes written: 229102
2025-12-21 19:56:09 : info: [CONTROLLER] Video chunk - Session: session_1766327152107_a6aa15t2z, Sequence: 13
2025-12-21 19:56:09 : info: [SERVICE] Saving video chunk for session session_1766327152107_a6aa15t2z
2025-12-21 19:56:09 : info: [SERVICE] Sequence: 13, Size: 98974 bytes
2025-12-21 19:56:09 : info: [SERVICE] Video bytes written: 1462282
2025-12-21 19:56:10 : info: [CONTROLLER] Video chunk - Session: session_1766327152107_a6aa15t2z, Sequence: 14
2025-12-21 19:56:10 : info: [SERVICE] Saving video chunk for session session_1766327152107_a6aa15t2z
2025-12-21 19:56:10 : info: [SERVICE] Sequence: 14, Size: 41401 bytes
2025-12-21 19:56:10 : info: [SERVICE] Video bytes written: 1503683
2025-12-21 19:56:11 : info: [CONTROLLER] Audio chunk - Session: session_1766327152107_a6aa15t2z, Sequence: 7
2025-12-21 19:56:11 : info: [SERVICE] Saving audio chunk for session session_1766327152107_a6aa15t2z
2025-12-21 19:56:11 : info: [SERVICE] Sequence: 7, Size: 32844 bytes
2025-12-21 19:56:11 : info: [SERVICE] Audio bytes written: 261946
2025-12-21 19:56:11 : info: [CONTROLLER] Video chunk - Session: session_1766327152107_a6aa15t2z, Sequence: 15
2025-12-21 19:56:11 : info: [SERVICE] Saving video chunk for session session_1766327152107_a6aa15t2z
2025-12-21 19:56:11 : info: [SERVICE] Sequence: 15, Size: 340942 bytes
2025-12-21 19:56:11 : info: [SERVICE] Video bytes written: 1844625
2025-12-21 19:56:12 : info: [CONTROLLER] Video chunk - Session: session_1766327152107_a6aa15t2z, Sequence: 16
2025-12-21 19:56:12 : info: [SERVICE] Saving video chunk for session session_1766327152107_a6aa15t2z
2025-12-21 19:56:12 : info: [SERVICE] Sequence: 16, Size: 180284 bytes
2025-12-21 19:56:12 : info: [SERVICE] Video bytes written: 2024909
2025-12-21 19:56:13 : info: [CONTROLLER] Audio chunk - Session: session_1766327152107_a6aa15t2z, Sequence: 8
2025-12-21 19:56:13 : info: [SERVICE] Saving audio chunk for session session_1766327152107_a6aa15t2z
2025-12-21 19:56:13 : info: [SERVICE] Sequence: 8, Size: 32844 bytes
2025-12-21 19:56:13 : info: [SERVICE] Audio bytes written: 294790
2025-12-21 19:56:13 : info: [CONTROLLER] Video chunk - Session: session_1766327152107_a6aa15t2z, Sequence: 17
2025-12-21 19:56:13 : info: [SERVICE] Saving video chunk for session session_1766327152107_a6aa15t2z
2025-12-21 19:56:13 : info: [SERVICE] Sequence: 17, Size: 115556 bytes
2025-12-21 19:56:13 : info: [SERVICE] Video bytes written: 2140465
2025-12-21 19:56:14 : info: [CONTROLLER] Video chunk - Session: session_1766327152107_a6aa15t2z, Sequence: 18
2025-12-21 19:56:14 : info: [SERVICE] Saving video chunk for session session_1766327152107_a6aa15t2z
2025-12-21 19:56:14 : info: [SERVICE] Sequence: 18, Size: 17177 bytes
2025-12-21 19:56:14 : info: [SERVICE] Video bytes written: 2157642
2025-12-21 19:56:15 : info: [CONTROLLER] Audio chunk - Session: session_1766327152107_a6aa15t2z, Sequence: 9
2025-12-21 19:56:15 : info: [SERVICE] Saving audio chunk for session session_1766327152107_a6aa15t2z
2025-12-21 19:56:15 : info: [SERVICE] Sequence: 9, Size: 32844 bytes
2025-12-21 19:56:15 : info: [SERVICE] Audio bytes written: 327634
2025-12-21 19:56:16 : info: [CONTROLLER] Video chunk - Session: session_1766327152107_a6aa15t2z, Sequence: 19
2025-12-21 19:56:16 : info: [SERVICE] Saving video chunk for session session_1766327152107_a6aa15t2z
2025-12-21 19:56:16 : info: [SERVICE] Sequence: 19, Size: 217066 bytes
2025-12-21 19:56:16 : info: [SERVICE] Video bytes written: 2374708
2025-12-21 19:56:17 : info: [CONTROLLER] Audio chunk - Session: session_1766327152107_a6aa15t2z, Sequence: 10
2025-12-21 19:56:17 : info: [SERVICE] Saving audio chunk for session session_1766327152107_a6aa15t2z
2025-12-21 19:56:17 : info: [SERVICE] Sequence: 10, Size: 32844 bytes
2025-12-21 19:56:17 : info: [SERVICE] Audio bytes written: 360478
2025-12-21 19:56:18 : info: [CONTROLLER] Video chunk - Session: session_1766327152107_a6aa15t2z, Sequence: 20
2025-12-21 19:56:18 : info: [SERVICE] Saving video chunk for session session_1766327152107_a6aa15t2z
2025-12-21 19:56:18 : info: [SERVICE] Sequence: 20, Size: 8656 bytes
2025-12-21 19:56:18 : info: [SERVICE] Video bytes written: 2383364
2025-12-21 19:56:19 : info: [CONTROLLER] Video chunk - Session: session_1766327152107_a6aa15t2z, Sequence: 21
2025-12-21 19:56:19 : info: [SERVICE] Saving video chunk for session session_1766327152107_a6aa15t2z
2025-12-21 19:56:19 : info: [SERVICE] Sequence: 21, Size: 7572 bytes
2025-12-21 19:56:19 : info: [SERVICE] Video bytes written: 2390936
2025-12-21 19:56:19 : info: [CONTROLLER] Audio chunk - Session: session_1766327152107_a6aa15t2z, Sequence: 11
2025-12-21 19:56:19 : info: [SERVICE] Saving audio chunk for session session_1766327152107_a6aa15t2z
2025-12-21 19:56:19 : info: [SERVICE] Sequence: 11, Size: 32844 bytes
2025-12-21 19:56:19 : info: [SERVICE] Audio bytes written: 393322
2025-12-21 19:56:20 : info: [CONTROLLER] Video chunk - Session: session_1766327152107_a6aa15t2z, Sequence: 22
2025-12-21 19:56:20 : info: [SERVICE] Saving video chunk for session session_1766327152107_a6aa15t2z
2025-12-21 19:56:20 : info: [SERVICE] Sequence: 22, Size: 6869 bytes
2025-12-21 19:56:20 : info: [SERVICE] Video bytes written: 2397805
2025-12-21 19:56:21 : info: [CONTROLLER] Audio chunk - Session: session_1766327152107_a6aa15t2z, Sequence: 12
2025-12-21 19:56:21 : info: [SERVICE] Saving audio chunk for session session_1766327152107_a6aa15t2z
2025-12-21 19:56:21 : info: [SERVICE] Sequence: 12, Size: 32844 bytes
2025-12-21 19:56:21 : info: [SERVICE] Audio bytes written: 426166
2025-12-21 19:56:21 : info: [CONTROLLER] Video chunk - Session: session_1766327152107_a6aa15t2z, Sequence: 23
2025-12-21 19:56:21 : info: [SERVICE] Saving video chunk for session session_1766327152107_a6aa15t2z
2025-12-21 19:56:21 : info: [SERVICE] Sequence: 23, Size: 200112 bytes
2025-12-21 19:56:21 : info: [SERVICE] Video bytes written: 2597917
2025-12-21 19:56:22 : info: [CONTROLLER] Video chunk - Session: session_1766327152107_a6aa15t2z, Sequence: 24
2025-12-21 19:56:22 : info: [SERVICE] Saving video chunk for session session_1766327152107_a6aa15t2z
2025-12-21 19:56:22 : info: [SERVICE] Sequence: 24, Size: 15912 bytes
2025-12-21 19:56:22 : info: [SERVICE] Video bytes written: 2613829
2025-12-21 19:56:23 : info: [CONTROLLER] Audio chunk - Session: session_1766327152107_a6aa15t2z, Sequence: 13
2025-12-21 19:56:23 : info: [SERVICE] Saving audio chunk for session session_1766327152107_a6aa15t2z
2025-12-21 19:56:23 : info: [SERVICE] Sequence: 13, Size: 32844 bytes
2025-12-21 19:56:23 : info: [SERVICE] Audio bytes written: 459010
2025-12-21 19:56:23 : info: [CONTROLLER] Video chunk - Session: session_1766327152107_a6aa15t2z, Sequence: 25
2025-12-21 19:56:23 : info: [SERVICE] Saving video chunk for session session_1766327152107_a6aa15t2z
2025-12-21 19:56:23 : info: [SERVICE] Sequence: 25, Size: 11284 bytes
2025-12-21 19:56:23 : info: [SERVICE] Video bytes written: 2625113
2025-12-21 19:56:24 : info: [CONTROLLER] Video chunk - Session: session_1766327152107_a6aa15t2z, Sequence: 26
2025-12-21 19:56:24 : info: [SERVICE] Saving video chunk for session session_1766327152107_a6aa15t2z
2025-12-21 19:56:24 : info: [SERVICE] Sequence: 26, Size: 82284 bytes
2025-12-21 19:56:24 : info: [SERVICE] Video bytes written: 2707397
2025-12-21 19:56:25 : info: [CONTROLLER] Audio chunk - Session: session_1766327152107_a6aa15t2z, Sequence: 14
2025-12-21 19:56:25 : info: [SERVICE] Saving audio chunk for session session_1766327152107_a6aa15t2z
2025-12-21 19:56:25 : info: [SERVICE] Sequence: 14, Size: 32860 bytes
2025-12-21 19:56:25 : info: [SERVICE] Audio bytes written: 491870
2025-12-21 19:56:25 : info: [CONTROLLER] Video chunk - Session: session_1766327152107_a6aa15t2z, Sequence: 27
2025-12-21 19:56:25 : info: [SERVICE] Saving video chunk for session session_1766327152107_a6aa15t2z
2025-12-21 19:56:25 : info: [SERVICE] Sequence: 27, Size: 67388 bytes
2025-12-21 19:56:25 : info: [SERVICE] Video bytes written: 2774785
2025-12-21 19:56:26 : info: [CONTROLLER] Video chunk - Session: session_1766327152107_a6aa15t2z, Sequence: 28
2025-12-21 19:56:26 : info: [SERVICE] Saving video chunk for session session_1766327152107_a6aa15t2z
2025-12-21 19:56:26 : info: [SERVICE] Sequence: 28, Size: 258262 bytes
2025-12-21 19:56:26 : info: [SERVICE] Video bytes written: 3033047
2025-12-21 19:56:27 : info: [CONTROLLER] Audio chunk - Session: session_1766327152107_a6aa15t2z, Sequence: 15
2025-12-21 19:56:27 : info: [SERVICE] Saving audio chunk for session session_1766327152107_a6aa15t2z
2025-12-21 19:56:27 : info: [SERVICE] Sequence: 15, Size: 32844 bytes
2025-12-21 19:56:27 : info: [SERVICE] Audio bytes written: 524714
2025-12-21 19:56:27 : info: [CONTROLLER] Video chunk - Session: session_1766327152107_a6aa15t2z, Sequence: 29
2025-12-21 19:56:27 : info: [SERVICE] Saving video chunk for session session_1766327152107_a6aa15t2z
2025-12-21 19:56:27 : info: [SERVICE] Sequence: 29, Size: 36518 bytes
2025-12-21 19:56:27 : info: [SERVICE] Video bytes written: 3069565
2025-12-21 19:56:28 : info: [CONTROLLER] Video chunk - Session: session_1766327152107_a6aa15t2z, Sequence: 30
2025-12-21 19:56:28 : info: [SERVICE] Saving video chunk for session session_1766327152107_a6aa15t2z
2025-12-21 19:56:28 : info: [SERVICE] Sequence: 30, Size: 13257 bytes
2025-12-21 19:56:28 : info: [SERVICE] Video bytes written: 3082822
2025-12-21 19:56:29 : info: [CONTROLLER] Audio chunk - Session: session_1766327152107_a6aa15t2z, Sequence: 16
2025-12-21 19:56:29 : info: [SERVICE] Saving audio chunk for session session_1766327152107_a6aa15t2z
2025-12-21 19:56:29 : info: [SERVICE] Sequence: 16, Size: 32844 bytes
2025-12-21 19:56:29 : info: [SERVICE] Audio bytes written: 557558
2025-12-21 19:56:29 : info: [CONTROLLER] Video chunk - Session: session_1766327152107_a6aa15t2z, Sequence: 31
2025-12-21 19:56:29 : info: [SERVICE] Saving video chunk for session session_1766327152107_a6aa15t2z
2025-12-21 19:56:29 : info: [SERVICE] Sequence: 31, Size: 13100 bytes
2025-12-21 19:56:29 : info: [SERVICE] Video bytes written: 3095922
2025-12-21 19:56:30 : info: [CONTROLLER] Video chunk - Session: session_1766327152107_a6aa15t2z, Sequence: 32
2025-12-21 19:56:30 : info: [SERVICE] Saving video chunk for session session_1766327152107_a6aa15t2z
2025-12-21 19:56:30 : info: [SERVICE] Sequence: 32, Size: 186341 bytes
2025-12-21 19:56:30 : info: [SERVICE] Video bytes written: 3282263
2025-12-21 19:56:31 : info: [CONTROLLER] Audio chunk - Session: session_1766327152107_a6aa15t2z, Sequence: 17
2025-12-21 19:56:31 : info: [SERVICE] Saving audio chunk for session session_1766327152107_a6aa15t2z
2025-12-21 19:56:31 : info: [SERVICE] Sequence: 17, Size: 32844 bytes
2025-12-21 19:56:31 : info: [SERVICE] Audio bytes written: 590402
2025-12-21 19:56:31 : info: [CONTROLLER] Video chunk - Session: session_1766327152107_a6aa15t2z, Sequence: 33
2025-12-21 19:56:31 : info: [SERVICE] Saving video chunk for session session_1766327152107_a6aa15t2z
2025-12-21 19:56:31 : info: [SERVICE] Sequence: 33, Size: 18411 bytes
2025-12-21 19:56:31 : info: [SERVICE] Video bytes written: 3300674
2025-12-21 19:56:32 : info: [CONTROLLER] Video chunk - Session: session_1766327152107_a6aa15t2z, Sequence: 34
2025-12-21 19:56:32 : info: [SERVICE] Saving video chunk for session session_1766327152107_a6aa15t2z
2025-12-21 19:56:32 : info: [SERVICE] Sequence: 34, Size: 16933 bytes
2025-12-21 19:56:32 : info: [SERVICE] Video bytes written: 3317607
2025-12-21 19:56:33 : info: [CONTROLLER] Audio chunk - Session: session_1766327152107_a6aa15t2z, Sequence: 18
2025-12-21 19:56:33 : info: [SERVICE] Saving audio chunk for session session_1766327152107_a6aa15t2z
2025-12-21 19:56:33 : info: [SERVICE] Sequence: 18, Size: 32844 bytes
2025-12-21 19:56:33 : info: [SERVICE] Audio bytes written: 623246
2025-12-21 19:56:33 : info: [CONTROLLER] Video chunk - Session: session_1766327152107_a6aa15t2z, Sequence: 35
2025-12-21 19:56:33 : info: [SERVICE] Saving video chunk for session session_1766327152107_a6aa15t2z
2025-12-21 19:56:33 : info: [SERVICE] Sequence: 35, Size: 14921 bytes
2025-12-21 19:56:33 : info: [SERVICE] Video bytes written: 3332528
2025-12-21 19:56:34 : info: [CONTROLLER] Video chunk - Session: session_1766327152107_a6aa15t2z, Sequence: 36
2025-12-21 19:56:34 : info: [SERVICE] Saving video chunk for session session_1766327152107_a6aa15t2z
2025-12-21 19:56:34 : info: [SERVICE] Sequence: 36, Size: 52858 bytes
2025-12-21 19:56:34 : info: [SERVICE] Video bytes written: 3385386
2025-12-21 19:56:35 : info: [CONTROLLER] Audio chunk - Session: session_1766327152107_a6aa15t2z, Sequence: 19
2025-12-21 19:56:35 : info: [SERVICE] Saving audio chunk for session session_1766327152107_a6aa15t2z
2025-12-21 19:56:35 : info: [SERVICE] Sequence: 19, Size: 32844 bytes
2025-12-21 19:56:35 : info: [SERVICE] Audio bytes written: 656090
2025-12-21 19:56:35 : info: [CONTROLLER] Video chunk - Session: session_1766327152107_a6aa15t2z, Sequence: 37
2025-12-21 19:56:35 : info: [SERVICE] Saving video chunk for session session_1766327152107_a6aa15t2z
2025-12-21 19:56:35 : info: [SERVICE] Sequence: 37, Size: 265595 bytes
2025-12-21 19:56:35 : info: [SERVICE] Video bytes written: 3650981
2025-12-21 19:56:36 : info: [CONTROLLER] Video chunk - Session: session_1766327152107_a6aa15t2z, Sequence: 38
2025-12-21 19:56:36 : info: [SERVICE] Saving video chunk for session session_1766327152107_a6aa15t2z
2025-12-21 19:56:36 : info: [SERVICE] Sequence: 38, Size: 93648 bytes
2025-12-21 19:56:36 : info: [SERVICE] Video bytes written: 3744629
2025-12-21 19:56:37 : info: [CONTROLLER] Audio chunk - Session: session_1766327152107_a6aa15t2z, Sequence: 20
2025-12-21 19:56:37 : info: [SERVICE] Saving audio chunk for session session_1766327152107_a6aa15t2z
2025-12-21 19:56:37 : info: [SERVICE] Sequence: 20, Size: 32844 bytes
2025-12-21 19:56:37 : info: [SERVICE] Audio bytes written: 688934
2025-12-21 19:56:37 : info: [CONTROLLER] Video chunk - Session: session_1766327152107_a6aa15t2z, Sequence: 39
2025-12-21 19:56:37 : info: [SERVICE] Saving video chunk for session session_1766327152107_a6aa15t2z
2025-12-21 19:56:37 : info: [SERVICE] Sequence: 39, Size: 64482 bytes
2025-12-21 19:56:37 : info: [SERVICE] Video bytes written: 3809111
2025-12-21 19:56:38 : info: [CONTROLLER] Video chunk - Session: session_1766327152107_a6aa15t2z, Sequence: 40
2025-12-21 19:56:38 : info: [SERVICE] Saving video chunk for session session_1766327152107_a6aa15t2z
2025-12-21 19:56:38 : info: [SERVICE] Sequence: 40, Size: 76778 bytes
2025-12-21 19:56:38 : info: [SERVICE] Video bytes written: 3885889
2025-12-21 19:56:39 : info: [CONTROLLER] Audio chunk - Session: session_1766327152107_a6aa15t2z, Sequence: 21
2025-12-21 19:56:39 : info: [SERVICE] Saving audio chunk for session session_1766327152107_a6aa15t2z
2025-12-21 19:56:39 : info: [SERVICE] Sequence: 21, Size: 32844 bytes
2025-12-21 19:56:39 : info: [SERVICE] Audio bytes written: 721778
2025-12-21 19:56:39 : info: [CONTROLLER] Video chunk - Session: session_1766327152107_a6aa15t2z, Sequence: 41
2025-12-21 19:56:39 : info: [SERVICE] Saving video chunk for session session_1766327152107_a6aa15t2z
2025-12-21 19:56:39 : info: [SERVICE] Sequence: 41, Size: 61055 bytes
2025-12-21 19:56:39 : info: [SERVICE] Video bytes written: 3946944
2025-12-21 19:56:41 : info: [CONTROLLER] Video chunk - Session: session_1766327152107_a6aa15t2z, Sequence: 42
2025-12-21 19:56:41 : info: [SERVICE] Saving video chunk for session session_1766327152107_a6aa15t2z
2025-12-21 19:56:41 : info: [SERVICE] Sequence: 42, Size: 288491 bytes
2025-12-21 19:56:41 : info: [SERVICE] Video bytes written: 4235435
2025-12-21 19:56:41 : info: [CONTROLLER] Audio chunk - Session: session_1766327152107_a6aa15t2z, Sequence: 22
2025-12-21 19:56:41 : info: [SERVICE] Saving audio chunk for session session_1766327152107_a6aa15t2z
2025-12-21 19:56:41 : info: [SERVICE] Sequence: 22, Size: 32844 bytes
2025-12-21 19:56:41 : info: [SERVICE] Audio bytes written: 754622
2025-12-21 19:56:42 : info: [CONTROLLER] Video chunk - Session: session_1766327152107_a6aa15t2z, Sequence: 43
2025-12-21 19:56:42 : info: [SERVICE] Saving video chunk for session session_1766327152107_a6aa15t2z
2025-12-21 19:56:42 : info: [SERVICE] Sequence: 43, Size: 27842 bytes
2025-12-21 19:56:42 : info: [SERVICE] Video bytes written: 4263277
2025-12-21 19:56:42 : info: [SERVICE] Processing recording for session: session_1766327152107_a6aa15t2z
2025-12-21 19:56:42 : info: [SERVICE] Active sessions: session_1766327152107_a6aa15t2z
2025-12-21 19:56:42 : info: [SERVICE] Session exists in activeStreams: true
2025-12-21 19:56:42 : info: [SERVICE] Finalizing audio for session session_1766327152107_a6aa15t2z
2025-12-21 19:56:42 : info: [SERVICE] Total chunks: 23
2025-12-21 19:56:42 : info: [SERVICE] Total bytes: 754622
2025-12-21 19:56:42 : info: [SERVICE] Audio stream closed: W:\GCU\Project\Clueso_clone_example\Clueso_Node_layer\src\uploads\audio_session_1766327152107_a6aa15t2z.webm
2025-12-21 19:56:42 : info: [SERVICE] Finalizing video for session session_1766327152107_a6aa15t2z
2025-12-21 19:56:42 : info: [SERVICE] Total chunks: 44
2025-12-21 19:56:42 : info: [SERVICE] Total bytes: 4263277
2025-12-21 19:56:42 : info: [SERVICE] Video stream closed: W:\GCU\Project\Clueso_clone_example\Clueso_Node_layer\src\uploads\video_session_1766327152107_a6aa15t2z.webm
2025-12-21 19:56:42 : info: [SERVICE] finalAudioPath: W:\GCU\Project\Clueso_clone_example\Clueso_Node_layer\src\uploads\audio_session_1766327152107_a6aa15t2z.webm
2025-12-21 19:56:42 : info: [SERVICE] finalVideoPath: W:\GCU\Project\Clueso_clone_example\Clueso_Node_layer\src\uploads\video_session_1766327152107_a6aa15t2z.webm
2025-12-21 19:56:42 : info: [SERVICE] Session session_1766327152107_a6aa15t2z statistics:
2025-12-21 19:56:42 : info: [SERVICE] Video chunks received: 44
2025-12-21 19:56:42 : info: [SERVICE] Audio chunks received: 23
2025-12-21 19:56:42 : info: [SERVICE] Video moved to: W:\GCU\Project\Clueso_clone_example\Clueso_Node_layer\src\recordings\recording_session_1766327152107_a6aa15t2z_video.webm
2025-12-21 19:56:42 : info: [SERVICE] Audio moved to: W:\GCU\Project\Clueso_clone_example\Clueso_Node_layer\src\recordings\recording_session_1766327152107_a6aa15t2z_audio.webm
2025-12-21 19:56:42 : info: [SERVICE] Recording saved: recording_session_1766327152107_a6aa15t2z_1766327202742.json
2025-12-21 19:56:42 : info: [Recording Controller] Broadcasting video to frontend session: session_1766327152107_a6aa15t2z
2025-12-21 19:56:42 : warn: [Frontend Service] No client connected for session: session_1766327152107_a6aa15t2z. Buffering video.
2025-12-21 19:56:42 : info: [Frontend Service] Buffered video message for session: session_1766327152107_a6aa15t2z. Queue size: 1
2025-12-21 19:56:42 : info: [Recording Controller] Processing audio file: W:\GCU\Project\Clueso_clone_example\Clueso_Node_layer\src\recordings\recording_session_1766327152107_a6aa15t2z_audio.webm
2025-12-21 19:56:42 : info: [Deepgram] Transcribing file: W:\GCU\Project\Clueso_clone_example\Clueso_Node_layer\src\recordings\recording_session_1766327152107_a6aa15t2z_audio.webm
2025-12-21 19:56:42 : info: [Deepgram] Building transcription options
2025-12-21 19:56:43 : info: [CONTROLLER] Video chunk - Session: session_1766327152107_a6aa15t2z, Sequence: 44
2025-12-21 19:56:43 : info: [SERVICE] Created video stream for session: session_1766327152107_a6aa15t2z
2025-12-21 19:56:43 : info: [SERVICE] Saving video chunk for session session_1766327152107_a6aa15t2z
2025-12-21 19:56:43 : info: [SERVICE] Sequence: 44, Size: 38886 bytes
2025-12-21 19:56:43 : info: [SERVICE] Video bytes written: 38886
2025-12-21 19:56:43 : info: [CONTROLLER] Audio chunk - Session: session_1766327152107_a6aa15t2z, Sequence: 23
2025-12-21 19:56:43 : info: [SERVICE] Created audio stream for session: session_1766327152107_a6aa15t2z
2025-12-21 19:56:43 : info: [SERVICE] Saving audio chunk for session session_1766327152107_a6aa15t2z
2025-12-21 19:56:43 : info: [SERVICE] Sequence: 23, Size: 32844 bytes
2025-12-21 19:56:43 : info: [SERVICE] Audio bytes written: 32844
2025-12-21 19:56:44 : info: [CONTROLLER] Video chunk - Session: session_1766327152107_a6aa15t2z, Sequence: 45
2025-12-21 19:56:44 : info: [SERVICE] Saving video chunk for session session_1766327152107_a6aa15t2z
2025-12-21 19:56:44 : info: [SERVICE] Sequence: 45, Size: 25370 bytes
2025-12-21 19:56:44 : info: [SERVICE] Video bytes written: 64256
2025-12-21 19:56:45 : info: [Deepgram] File transcription complete
2025-12-21 19:56:45 : info: [Deepgram] Formatting result
2025-12-21 19:56:45 : info: [Deepgram] Final timeline built with
2025-12-21 19:56:45 : info: [Recording Controller] Transcribed text from Deepgram:
2025-12-21 19:56:45 : info: [Recording Controller] Text: "So yeah. Hello, everyone. Uh, we are in Google AI Studio. Uh, here, you can get, uh, API keys for Google Gemini for its various model. And you can set its limit. You can see user chart. You can copy in case you forget your, uh, API key. And here, it will show billing displays. As you are seeing, uh, there is no billing currently set up for this project. And so it's unrestricted for now, this thing."
2025-12-21 19:56:45 : info: [Recording Controller] Timeline segments: 17
2025-12-21 19:56:45 : info: [Recording Controller] Metadata: {"transaction_key":"deprecated","request_id":"d1895c6c-f979-485d-a0ed-159f02bdec59","sha256":"d4ca9717ae20432678dd6f033cc167e99a7039ff8c842f11424e7e2cf0d6e14d","created":"2025-12-21T14:26:46.208Z","duration":46.86,"channels":1,"models":["1abfe86b-e047-4eed-858a-35e5625b41ee"],"model_info":{"1abfe86b-e047-4eed-858a-35e5625b41ee":{"name":"2-general-nova","version":"2024-01-06.5664","arch":"nova-2"}}}
2025-12-21 19:56:45 : warn: [Frontend Service] No client connected for session: session_1766327152107_a6aa15t2z. Buffering audio.
2025-12-21 19:56:45 : info: [Frontend Service] Buffered audio message for session: session_1766327152107_a6aa15t2z. Queue size: 2
2025-12-21 19:56:45 : info: [Frontend Service] Stored 15 DOM events for session: session_1766327152107_a6aa15t2z
2025-12-21 19:56:45 : info: [Recording Controller] Stored 15 DOM events for potential fallback
2025-12-21 19:56:45 : info: [Python Controller] Processing with AI:
2025-12-21 19:56:45 : info: [Python Controller] - Text: "So yeah. Hello, everyone. Uh, we are in Google AI Studio. Uh, here, you can get, uh, API keys for Go..."
2025-12-21 19:56:45 : info: [Python Controller] - DOM Events: 15
2025-12-21 19:56:45 : info: [Python Controller] - Has Deepgram Response: true
2025-12-21 19:56:45 : info: [Python Controller] - Audio Path: W:\GCU\Project\Clueso_clone_example\Clueso_Node_layer\src\recordings\recording_session_1766327152107_a6aa15t2z_audio.webm
2025-12-21 19:56:45 : info: [Python Controller] - Session ID: session_1766327152107_a6aa15t2z
2025-12-21 19:56:45 : info: [Python Service] Sending text with 15 DOM events to Python layer
2025-12-21 19:56:45 : info: [CONTROLLER] Audio chunk - Session: session_1766327152107_a6aa15t2z, Sequence: 24
2025-12-21 19:56:45 : info: [SERVICE] Saving audio chunk for session session_1766327152107_a6aa15t2z
2025-12-21 19:56:45 : info: [SERVICE] Sequence: 24, Size: 32844 bytes
2025-12-21 19:56:45 : info: [SERVICE] Audio bytes written: 65688
2025-12-21 19:56:46 : error: [Python Service] Error response from Python layer: 500 - {"detail":"Processing failed: Script generation failed: 404 NOT_FOUND. {'error': {'code': 404, 'message': 'models/gemini-1.5-flash is not found for API version v1beta, or is not supported for generateContent. Call ListModels to see the list of available models and their supported methods.', 'status': 'NOT_FOUND'}}"}
2025-12-21 19:56:46 : error: [Python Service] Error sending data to Python layer: Python layer returned error: 500 - {"detail":"Processing failed: Script generation failed: 404 NOT_FOUND. {'error': {'code': 404, 'message': 'models/gemini-1.5-flash is not found for API version v1beta, or is not supported for generateContent. Call ListModels to see the list of available models and their supported methods.', 'status': 'NOT_FOUND'}}"}
2025-12-21 19:56:46 : error: [Python Controller] Error processing with AI: Error: Python layer returned error: 500 - {"detail":"Processing failed: Script generation failed: 404 NOT_FOUND. {'error': {'code': 404, 'message': 'models/gemini-1.5-flash is not found for API version v1beta, or is not supported for generateContent. Call ListModels to see the list of available models and their supported methods.', 'status': 'NOT_FOUND'}}"}
2025-12-21 19:56:46 : warn: [Frontend Service] No client connected for session: session_1766327152107_a6aa15t2z. Buffering instructions.
2025-12-21 19:56:46 : info: [Frontend Service] Buffered instructions message for session: session_1766327152107_a6aa15t2z. Queue size: 3
2025-12-21 19:56:46 : warn: [Recording Controller] Python processing failed, triggering DOM events fallback
2025-12-21 19:56:46 : info: [Frontend Service] Using DOM events as fallback for session: session_1766327152107_a6aa15t2z (15 events)
2025-12-21 19:56:46 : warn: [Frontend Service] No client connected for session: session_1766327152107_a6aa15t2z. Buffering instructions.
2025-12-21 19:56:46 : info: [Frontend Service] Buffered instructions message for session: session_1766327152107_a6aa15t2z. Queue size: 4
2025-12-21 19:56:46 : warn: [Frontend Service] No client connected for session: session_1766327152107_a6aa15t2z. Buffering instructions.
2025-12-21 19:56:46 : info: [Frontend Service] Buffered instructions message for session: session_1766327152107_a6aa15t2z. Queue size: 5
2025-12-21 19:56:46 : warn: [Frontend Service] No client connected for session: session_1766327152107_a6aa15t2z. Buffering instructions.
2025-12-21 19:56:46 : info: [Frontend Service] Buffered instructions message for session: session_1766327152107_a6aa15t2z. Queue size: 6
2025-12-21 19:56:46 : warn: [Frontend Service] No client connected for session: session_1766327152107_a6aa15t2z. Buffering instructions.
2025-12-21 19:56:46 : info: [Frontend Service] Buffered instructions message for session: session_1766327152107_a6aa15t2z. Queue size: 7
2025-12-21 19:56:46 : warn: [Frontend Service] No client connected for session: session_1766327152107_a6aa15t2z. Buffering instructions.
2025-12-21 19:56:46 : info: [Frontend Service] Buffered instructions message for session: session_1766327152107_a6aa15t2z. Queue size: 8
2025-12-21 19:56:46 : warn: [Frontend Service] No client connected for session: session_1766327152107_a6aa15t2z. Buffering instructions.
2025-12-21 19:56:46 : info: [Frontend Service] Buffered instructions message for session: session_1766327152107_a6aa15t2z. Queue size: 9
2025-12-21 19:56:46 : warn: [Frontend Service] No client connected for session: session_1766327152107_a6aa15t2z. Buffering instructions.
2025-12-21 19:56:46 : info: [Frontend Service] Buffered instructions message for session: session_1766327152107_a6aa15t2z. Queue size: 10
2025-12-21 19:56:46 : warn: [Frontend Service] No client connected for session: session_1766327152107_a6aa15t2z. Buffering instructions.
2025-12-21 19:56:46 : info: [Frontend Service] Buffered instructions message for session: session_1766327152107_a6aa15t2z. Queue size: 11
2025-12-21 19:56:46 : warn: [Frontend Service] No client connected for session: session_1766327152107_a6aa15t2z. Buffering instructions.
2025-12-21 19:56:46 : info: [Frontend Service] Buffered instructions message for session: session_1766327152107_a6aa15t2z. Queue size: 12
2025-12-21 19:56:46 : warn: [Frontend Service] No client connected for session: session_1766327152107_a6aa15t2z. Buffering instructions.
2025-12-21 19:56:46 : info: [Frontend Service] Buffered instructions message for session: session_1766327152107_a6aa15t2z. Queue size: 13
2025-12-21 19:56:46 : warn: [Frontend Service] No client connected for session: session_1766327152107_a6aa15t2z. Buffering instructions.
2025-12-21 19:56:46 : info: [Frontend Service] Buffered instructions message for session: session_1766327152107_a6aa15t2z. Queue size: 14
2025-12-21 19:56:46 : warn: [Frontend Service] No client connected for session: session_1766327152107_a6aa15t2z. Buffering instructions.
2025-12-21 19:56:46 : info: [Frontend Service] Buffered instructions message for session: session_1766327152107_a6aa15t2z. Queue size: 15
2025-12-21 19:56:46 : warn: [Frontend Service] No client connected for session: session_1766327152107_a6aa15t2z. Buffering instructions.
2025-12-21 19:56:46 : info: [Frontend Service] Buffered instructions message for session: session_1766327152107_a6aa15t2z. Queue size: 16
2025-12-21 19:56:46 : warn: [Frontend Service] No client connected for session: session_1766327152107_a6aa15t2z. Buffering instructions.
2025-12-21 19:56:46 : info: [Frontend Service] Buffered instructions message for session: session_1766327152107_a6aa15t2z. Queue size: 17
2025-12-21 19:56:46 : warn: [Frontend Service] No client connected for session: session_1766327152107_a6aa15t2z. Buffering instructions.
2025-12-21 19:56:46 : info: [Frontend Service] Buffered instructions message for session: session_1766327152107_a6aa15t2z. Queue size: 18
2025-12-21 19:56:51 : info: [Frontend Service] Client connected: leeWmXVmqc2ePMfXAAAB
2025-12-21 19:56:51 : info: [Frontend Service] Client leeWmXVmqc2ePMfXAAAB registered for session: session_1766327152107_a6aa15t2z
2025-12-21 19:56:51 : info: [Frontend Service] Flushing 18 buffered messages for session: session_1766327152107_a6aa15t2z
2025-12-21 19:56:51 : info: [Frontend Service] Sending buffered video to session: session_1766327152107_a6aa15t2z
2025-12-21 19:56:51 : info: [Frontend Service] Sending buffered audio to session: session_1766327152107_a6aa15t2z
2025-12-21 19:56:51 : info: [Frontend Service] Sending buffered instructions to session: session_1766327152107_a6aa15t2z
2025-12-21 19:56:51 : info: [Frontend Service] Sending buffered instructions to session: session_1766327152107_a6aa15t2z
2025-12-21 19:56:51 : info: [Frontend Service] Sending buffered instructions to session: session_1766327152107_a6aa15t2z
2025-12-21 19:56:51 : info: [Frontend Service] Sending buffered instructions to session: session_1766327152107_a6aa15t2z
2025-12-21 19:56:51 : info: [Frontend Service] Sending buffered instructions to session: session_1766327152107_a6aa15t2z
2025-12-21 19:56:51 : info: [Frontend Service] Sending buffered instructions to session: session_1766327152107_a6aa15t2z
2025-12-21 19:56:51 : info: [Frontend Service] Sending buffered instructions to session: session_1766327152107_a6aa15t2z
2025-12-21 19:56:51 : info: [Frontend Service] Sending buffered instructions to session: session_1766327152107_a6aa15t2z
2025-12-21 19:56:51 : info: [Frontend Service] Sending buffered instructions to session: session_1766327152107_a6aa15t2z
2025-12-21 19:56:51 : info: [Frontend Service] Sending buffered instructions to session: session_1766327152107_a6aa15t2z
2025-12-21 19:56:51 : info: [Frontend Service] Sending buffered instructions to session: session_1766327152107_a6aa15t2z
2025-12-21 19:56:51 : info: [Frontend Service] Sending buffered instructions to session: session_1766327152107_a6aa15t2z
2025-12-21 19:56:51 : info: [Frontend Service] Sending buffered instructions to session: session_1766327152107_a6aa15t2z
2025-12-21 19:56:51 : info: [Frontend Service] Sending buffered instructions to session: session_1766327152107_a6aa15t2z
2025-12-21 19:56:51 : info: [Frontend Service] Sending buffered instructions to session: session_1766327152107_a6aa15t2z
2025-12-21 19:56:51 : info: [Frontend Service] Sending buffered instructions to session: session_1766327152107_a6aa15t2z
2025-12-21 20:00:28 : info: [Deepgram] Client initialized
2025-12-21 20:00:28 : info: [Frontend Service] Socket.IO server initialized
2025-12-21 20:00:28 : info: Server started
2025-12-21 20:00:28 : info: Socket.IO server ready for frontend connections
2025-12-21 20:00:29 : info: [Frontend Service] Client connected: 5QECmDGkbVq0Oe5IAAAB
2025-12-21 20:00:43 : info: [Frontend Service] Unregistered client disconnected: 5QECmDGkbVq0Oe5IAAAB
2025-12-21 20:00:44 : info: [Frontend Service] Client connected: vrq6wmxaHvKygtI2AAAD
2025-12-21 20:00:44 : info: [Frontend Service] Client vrq6wmxaHvKygtI2AAAD registered for session: session_1766327152107_a6aa15t2z
2025-12-21 20:01:42 : info: [Deepgram] Client initialized
2025-12-21 20:01:42 : info: [Frontend Service] Socket.IO server initialized
2025-12-21 20:01:42 : info: Server started
2025-12-21 20:01:42 : info: Socket.IO server ready for frontend connections
2025-12-21 20:01:47 : info: [Frontend Service] Client connected: bET5jOlyzf-iU1lWAAAB
2025-12-21 20:01:59 : info: [Frontend Service] Unregistered client disconnected: bET5jOlyzf-iU1lWAAAB
2025-12-21 20:02:00 : info: [Frontend Service] Client connected: 1vb8AcWirFXzDh4eAAAD
2025-12-21 20:02:00 : info: [Frontend Service] Client 1vb8AcWirFXzDh4eAAAD registered for session: session_1766327152107_a6aa15t2z
2025-12-21 20:04:01 : info: [Deepgram] Client initialized
2025-12-21 20:04:01 : info: [Frontend Service] Socket.IO server initialized
2025-12-21 20:04:01 : info: Server started
2025-12-21 20:04:01 : info: Socket.IO server ready for frontend connections
2025-12-21 20:04:02 : info: [Frontend Service] Client connected: Mwjh6UyNhZXsU6W3AAAB
2025-12-21 20:04:06 : info: [Frontend Service] Unregistered client disconnected: Mwjh6UyNhZXsU6W3AAAB
2025-12-21 20:10:25 : info: [Deepgram] Client initialized
2025-12-21 20:10:25 : info: [Frontend Service] Socket.IO server initialized
2025-12-21 20:10:25 : info: Server started
2025-12-21 20:10:25 : info: Socket.IO server ready for frontend connections
2025-12-21 20:13:59 : info: [Deepgram] Client initialized
2025-12-21 20:13:59 : info: [Frontend Service] Socket.IO server initialized
2025-12-21 20:13:59 : info: Server started
2025-12-21 20:13:59 : info: Socket.IO server ready for frontend connections
2025-12-21 20:16:07 : info: [CONTROLLER] Video chunk - Session: session_1766328363413_fje0jl892, Sequence: 0
2025-12-21 20:16:07 : info: [SERVICE] Created video stream for session: session_1766328363413_fje0jl892
2025-12-21 20:16:07 : info: [SERVICE] Saving video chunk for session session_1766328363413_fje0jl892
2025-12-21 20:16:07 : info: [SERVICE] Sequence: 0, Size: 185759 bytes
2025-12-21 20:16:07 : info: [SERVICE] Video bytes written: 185759
2025-12-21 20:16:08 : info: [CONTROLLER] Audio chunk - Session: session_1766328363413_fje0jl892, Sequence: 0
2025-12-21 20:16:08 : info: [SERVICE] Created audio stream for session: session_1766328363413_fje0jl892
2025-12-21 20:16:08 : info: [SERVICE] Saving audio chunk for session session_1766328363413_fje0jl892
2025-12-21 20:16:08 : info: [SERVICE] Sequence: 0, Size: 32038 bytes
2025-12-21 20:16:08 : info: [SERVICE] Audio bytes written: 32038
2025-12-21 20:16:08 : info: [CONTROLLER] Video chunk - Session: session_1766328363413_fje0jl892, Sequence: 1
2025-12-21 20:16:08 : info: [SERVICE] Saving video chunk for session session_1766328363413_fje0jl892
2025-12-21 20:16:08 : info: [SERVICE] Sequence: 1, Size: 59583 bytes
2025-12-21 20:16:08 : info: [SERVICE] Video bytes written: 245342
2025-12-21 20:16:09 : info: [CONTROLLER] Video chunk - Session: session_1766328363413_fje0jl892, Sequence: 2
2025-12-21 20:16:09 : info: [SERVICE] Saving video chunk for session session_1766328363413_fje0jl892
2025-12-21 20:16:09 : info: [SERVICE] Sequence: 2, Size: 85914 bytes
2025-12-21 20:16:09 : info: [SERVICE] Video bytes written: 331256
2025-12-21 20:16:10 : info: [CONTROLLER] Audio chunk - Session: session_1766328363413_fje0jl892, Sequence: 1
2025-12-21 20:16:10 : info: [SERVICE] Saving audio chunk for session session_1766328363413_fje0jl892
2025-12-21 20:16:10 : info: [SERVICE] Sequence: 1, Size: 32844 bytes
2025-12-21 20:16:10 : info: [SERVICE] Audio bytes written: 64882
2025-12-21 20:16:11 : info: [CONTROLLER] Video chunk - Session: session_1766328363413_fje0jl892, Sequence: 3
2025-12-21 20:16:11 : info: [SERVICE] Saving video chunk for session session_1766328363413_fje0jl892
2025-12-21 20:16:11 : info: [SERVICE] Sequence: 3, Size: 40482 bytes
2025-12-21 20:16:11 : info: [SERVICE] Video bytes written: 371738
2025-12-21 20:16:12 : info: [CONTROLLER] Audio chunk - Session: session_1766328363413_fje0jl892, Sequence: 2
2025-12-21 20:16:12 : info: [SERVICE] Saving audio chunk for session session_1766328363413_fje0jl892
2025-12-21 20:16:12 : info: [SERVICE] Sequence: 2, Size: 32844 bytes
2025-12-21 20:16:12 : info: [SERVICE] Audio bytes written: 97726
2025-12-21 20:16:12 : info: [CONTROLLER] Video chunk - Session: session_1766328363413_fje0jl892, Sequence: 4
2025-12-21 20:16:12 : info: [SERVICE] Saving video chunk for session session_1766328363413_fje0jl892
2025-12-21 20:16:12 : info: [SERVICE] Sequence: 4, Size: 743 bytes
2025-12-21 20:16:12 : info: [SERVICE] Video bytes written: 372481
2025-12-21 20:16:13 : info: [CONTROLLER] Video chunk - Session: session_1766328363413_fje0jl892, Sequence: 5
2025-12-21 20:16:13 : info: [SERVICE] Saving video chunk for session session_1766328363413_fje0jl892
2025-12-21 20:16:13 : info: [SERVICE] Sequence: 5, Size: 13656 bytes
2025-12-21 20:16:13 : info: [SERVICE] Video bytes written: 386137
2025-12-21 20:16:14 : info: [CONTROLLER] Audio chunk - Session: session_1766328363413_fje0jl892, Sequence: 3
2025-12-21 20:16:14 : info: [SERVICE] Saving audio chunk for session session_1766328363413_fje0jl892
2025-12-21 20:16:14 : info: [SERVICE] Sequence: 3, Size: 32844 bytes
2025-12-21 20:16:14 : info: [SERVICE] Audio bytes written: 130570
2025-12-21 20:16:15 : info: [CONTROLLER] Video chunk - Session: session_1766328363413_fje0jl892, Sequence: 6
2025-12-21 20:16:15 : info: [SERVICE] Saving video chunk for session session_1766328363413_fje0jl892
2025-12-21 20:16:15 : info: [SERVICE] Sequence: 6, Size: 241159 bytes
2025-12-21 20:16:15 : info: [SERVICE] Video bytes written: 627296
2025-12-21 20:16:16 : info: [CONTROLLER] Audio chunk - Session: session_1766328363413_fje0jl892, Sequence: 4
2025-12-21 20:16:16 : info: [SERVICE] Saving audio chunk for session session_1766328363413_fje0jl892
2025-12-21 20:16:16 : info: [SERVICE] Sequence: 4, Size: 32844 bytes
2025-12-21 20:16:16 : info: [SERVICE] Audio bytes written: 163414
2025-12-21 20:16:16 : info: [CONTROLLER] Video chunk - Session: session_1766328363413_fje0jl892, Sequence: 7
2025-12-21 20:16:16 : info: [SERVICE] Saving video chunk for session session_1766328363413_fje0jl892
2025-12-21 20:16:16 : info: [SERVICE] Sequence: 7, Size: 65 bytes
2025-12-21 20:16:16 : info: [SERVICE] Video bytes written: 627361
2025-12-21 20:16:17 : info: [CONTROLLER] Video chunk - Session: session_1766328363413_fje0jl892, Sequence: 8
2025-12-21 20:16:17 : info: [SERVICE] Saving video chunk for session session_1766328363413_fje0jl892
2025-12-21 20:16:17 : info: [SERVICE] Sequence: 8, Size: 67 bytes
2025-12-21 20:16:17 : info: [SERVICE] Video bytes written: 627428
2025-12-21 20:16:18 : info: [CONTROLLER] Video chunk - Session: session_1766328363413_fje0jl892, Sequence: 9
2025-12-21 20:16:18 : info: [SERVICE] Saving video chunk for session session_1766328363413_fje0jl892
2025-12-21 20:16:18 : info: [SERVICE] Sequence: 9, Size: 65 bytes
2025-12-21 20:16:18 : info: [SERVICE] Video bytes written: 627493
2025-12-21 20:16:18 : info: [CONTROLLER] Audio chunk - Session: session_1766328363413_fje0jl892, Sequence: 5
2025-12-21 20:16:18 : info: [SERVICE] Saving audio chunk for session session_1766328363413_fje0jl892
2025-12-21 20:16:18 : info: [SERVICE] Sequence: 5, Size: 32844 bytes
2025-12-21 20:16:18 : info: [SERVICE] Audio bytes written: 196258
2025-12-21 20:16:19 : info: [CONTROLLER] Video chunk - Session: session_1766328363413_fje0jl892, Sequence: 10
2025-12-21 20:16:19 : info: [SERVICE] Saving video chunk for session session_1766328363413_fje0jl892
2025-12-21 20:16:19 : info: [SERVICE] Sequence: 10, Size: 9187 bytes
2025-12-21 20:16:19 : info: [SERVICE] Video bytes written: 636680
2025-12-21 20:16:20 : info: [CONTROLLER] Audio chunk - Session: session_1766328363413_fje0jl892, Sequence: 6
2025-12-21 20:16:20 : info: [SERVICE] Saving audio chunk for session session_1766328363413_fje0jl892
2025-12-21 20:16:20 : info: [SERVICE] Sequence: 6, Size: 32844 bytes
2025-12-21 20:16:20 : info: [SERVICE] Audio bytes written: 229102
2025-12-21 20:16:20 : info: [CONTROLLER] Video chunk - Session: session_1766328363413_fje0jl892, Sequence: 11
2025-12-21 20:16:20 : info: [SERVICE] Saving video chunk for session session_1766328363413_fje0jl892
2025-12-21 20:16:20 : info: [SERVICE] Sequence: 11, Size: 9886 bytes
2025-12-21 20:16:20 : info: [SERVICE] Video bytes written: 646566
2025-12-21 20:16:21 : info: [CONTROLLER] Video chunk - Session: session_1766328363413_fje0jl892, Sequence: 12
2025-12-21 20:16:21 : info: [SERVICE] Saving video chunk for session session_1766328363413_fje0jl892
2025-12-21 20:16:21 : info: [SERVICE] Sequence: 12, Size: 22674 bytes
2025-12-21 20:16:21 : info: [SERVICE] Video bytes written: 669240
2025-12-21 20:16:22 : info: [CONTROLLER] Audio chunk - Session: session_1766328363413_fje0jl892, Sequence: 7
2025-12-21 20:16:22 : info: [SERVICE] Saving audio chunk for session session_1766328363413_fje0jl892
2025-12-21 20:16:22 : info: [SERVICE] Sequence: 7, Size: 32844 bytes
2025-12-21 20:16:22 : info: [SERVICE] Audio bytes written: 261946
2025-12-21 20:16:22 : info: [CONTROLLER] Video chunk - Session: session_1766328363413_fje0jl892, Sequence: 13
2025-12-21 20:16:22 : info: [SERVICE] Saving video chunk for session session_1766328363413_fje0jl892
2025-12-21 20:16:22 : info: [SERVICE] Sequence: 13, Size: 14669 bytes
2025-12-21 20:16:22 : info: [SERVICE] Video bytes written: 683909
2025-12-21 20:16:23 : info: [CONTROLLER] Video chunk - Session: session_1766328363413_fje0jl892, Sequence: 14
2025-12-21 20:16:23 : info: [SERVICE] Saving video chunk for session session_1766328363413_fje0jl892
2025-12-21 20:16:23 : info: [SERVICE] Sequence: 14, Size: 328149 bytes
2025-12-21 20:16:23 : info: [SERVICE] Video bytes written: 1012058
2025-12-21 20:16:24 : info: [CONTROLLER] Audio chunk - Session: session_1766328363413_fje0jl892, Sequence: 8
2025-12-21 20:16:24 : info: [SERVICE] Saving audio chunk for session session_1766328363413_fje0jl892
2025-12-21 20:16:24 : info: [SERVICE] Sequence: 8, Size: 32844 bytes
2025-12-21 20:16:24 : info: [SERVICE] Audio bytes written: 294790
2025-12-21 20:16:24 : info: [CONTROLLER] Video chunk - Session: session_1766328363413_fje0jl892, Sequence: 15
2025-12-21 20:16:24 : info: [SERVICE] Saving video chunk for session session_1766328363413_fje0jl892
2025-12-21 20:16:24 : info: [SERVICE] Sequence: 15, Size: 15156 bytes
2025-12-21 20:16:24 : info: [SERVICE] Video bytes written: 1027214
2025-12-21 20:16:25 : info: [CONTROLLER] Video chunk - Session: session_1766328363413_fje0jl892, Sequence: 16
2025-12-21 20:16:25 : info: [SERVICE] Saving video chunk for session session_1766328363413_fje0jl892
2025-12-21 20:16:25 : info: [SERVICE] Sequence: 16, Size: 29647 bytes
2025-12-21 20:16:25 : info: [SERVICE] Video bytes written: 1056861
2025-12-21 20:16:26 : info: [CONTROLLER] Audio chunk - Session: session_1766328363413_fje0jl892, Sequence: 9
2025-12-21 20:16:26 : info: [SERVICE] Saving audio chunk for session session_1766328363413_fje0jl892
2025-12-21 20:16:26 : info: [SERVICE] Sequence: 9, Size: 32844 bytes
2025-12-21 20:16:26 : info: [SERVICE] Audio bytes written: 327634
2025-12-21 20:16:26 : info: [CONTROLLER] Video chunk - Session: session_1766328363413_fje0jl892, Sequence: 17
2025-12-21 20:16:26 : info: [SERVICE] Saving video chunk for session session_1766328363413_fje0jl892
2025-12-21 20:16:26 : info: [SERVICE] Sequence: 17, Size: 218143 bytes
2025-12-21 20:16:26 : info: [SERVICE] Video bytes written: 1275004
2025-12-21 20:16:27 : info: [CONTROLLER] Video chunk - Session: session_1766328363413_fje0jl892, Sequence: 18
2025-12-21 20:16:27 : info: [SERVICE] Saving video chunk for session session_1766328363413_fje0jl892
2025-12-21 20:16:27 : info: [SERVICE] Sequence: 18, Size: 19342 bytes
2025-12-21 20:16:27 : info: [SERVICE] Video bytes written: 1294346
2025-12-21 20:16:28 : info: [CONTROLLER] Audio chunk - Session: session_1766328363413_fje0jl892, Sequence: 10
2025-12-21 20:16:28 : info: [SERVICE] Saving audio chunk for session session_1766328363413_fje0jl892
2025-12-21 20:16:28 : info: [SERVICE] Sequence: 10, Size: 32844 bytes
2025-12-21 20:16:28 : info: [SERVICE] Audio bytes written: 360478
2025-12-21 20:16:28 : info: [CONTROLLER] Video chunk - Session: session_1766328363413_fje0jl892, Sequence: 19
2025-12-21 20:16:28 : info: [SERVICE] Saving video chunk for session session_1766328363413_fje0jl892
2025-12-21 20:16:28 : info: [SERVICE] Sequence: 19, Size: 15624 bytes
2025-12-21 20:16:28 : info: [SERVICE] Video bytes written: 1309970
2025-12-21 20:16:29 : info: [CONTROLLER] Video chunk - Session: session_1766328363413_fje0jl892, Sequence: 20
2025-12-21 20:16:29 : info: [SERVICE] Saving video chunk for session session_1766328363413_fje0jl892
2025-12-21 20:16:29 : info: [SERVICE] Sequence: 20, Size: 12841 bytes
2025-12-21 20:16:29 : info: [SERVICE] Video bytes written: 1322811
2025-12-21 20:16:30 : info: [CONTROLLER] Audio chunk - Session: session_1766328363413_fje0jl892, Sequence: 11
2025-12-21 20:16:30 : info: [SERVICE] Saving audio chunk for session session_1766328363413_fje0jl892
2025-12-21 20:16:30 : info: [SERVICE] Sequence: 11, Size: 32844 bytes
2025-12-21 20:16:30 : info: [SERVICE] Audio bytes written: 393322
2025-12-21 20:16:30 : info: [CONTROLLER] Video chunk - Session: session_1766328363413_fje0jl892, Sequence: 21
2025-12-21 20:16:30 : info: [SERVICE] Saving video chunk for session session_1766328363413_fje0jl892
2025-12-21 20:16:30 : info: [SERVICE] Sequence: 21, Size: 205535 bytes
2025-12-21 20:16:30 : info: [SERVICE] Video bytes written: 1528346
2025-12-21 20:16:31 : info: [CONTROLLER] Video chunk - Session: session_1766328363413_fje0jl892, Sequence: 22
2025-12-21 20:16:31 : info: [SERVICE] Saving video chunk for session session_1766328363413_fje0jl892
2025-12-21 20:16:31 : info: [SERVICE] Sequence: 22, Size: 19114 bytes
2025-12-21 20:16:31 : info: [SERVICE] Video bytes written: 1547460
2025-12-21 20:16:32 : info: [CONTROLLER] Audio chunk - Session: session_1766328363413_fje0jl892, Sequence: 12
2025-12-21 20:16:32 : info: [SERVICE] Saving audio chunk for session session_1766328363413_fje0jl892
2025-12-21 20:16:32 : info: [SERVICE] Sequence: 12, Size: 32844 bytes
2025-12-21 20:16:32 : info: [SERVICE] Audio bytes written: 426166
2025-12-21 20:16:32 : info: [CONTROLLER] Video chunk - Session: session_1766328363413_fje0jl892, Sequence: 23
2025-12-21 20:16:32 : info: [SERVICE] Saving video chunk for session session_1766328363413_fje0jl892
2025-12-21 20:16:32 : info: [SERVICE] Sequence: 23, Size: 88534 bytes
2025-12-21 20:16:32 : info: [SERVICE] Video bytes written: 1635994
2025-12-21 20:16:33 : info: [SERVICE] Processing recording for session: session_1766328363413_fje0jl892
2025-12-21 20:16:33 : info: [SERVICE] Active sessions: session_1766328363413_fje0jl892
2025-12-21 20:16:33 : info: [SERVICE] Session exists in activeStreams: true
2025-12-21 20:16:33 : info: [SERVICE] Finalizing audio for session session_1766328363413_fje0jl892
2025-12-21 20:16:33 : info: [SERVICE] Total chunks: 13
2025-12-21 20:16:33 : info: [SERVICE] Total bytes: 426166
2025-12-21 20:16:33 : info: [SERVICE] Audio stream closed: W:\GCU\Project\Clueso_clone_example\Clueso_Node_layer\src\uploads\audio_session_1766328363413_fje0jl892.webm
2025-12-21 20:16:33 : info: [SERVICE] Finalizing video for session session_1766328363413_fje0jl892
2025-12-21 20:16:33 : info: [SERVICE] Total chunks: 24
2025-12-21 20:16:33 : info: [SERVICE] Total bytes: 1635994
2025-12-21 20:16:33 : info: [SERVICE] Video stream closed: W:\GCU\Project\Clueso_clone_example\Clueso_Node_layer\src\uploads\video_session_1766328363413_fje0jl892.webm
2025-12-21 20:16:33 : info: [SERVICE] finalAudioPath: W:\GCU\Project\Clueso_clone_example\Clueso_Node_layer\src\uploads\audio_session_1766328363413_fje0jl892.webm
2025-12-21 20:16:33 : info: [SERVICE] finalVideoPath: W:\GCU\Project\Clueso_clone_example\Clueso_Node_layer\src\uploads\video_session_1766328363413_fje0jl892.webm
2025-12-21 20:16:33 : info: [SERVICE] Session session_1766328363413_fje0jl892 statistics:
2025-12-21 20:16:33 : info: [SERVICE] Video chunks received: 24
2025-12-21 20:16:33 : info: [SERVICE] Audio chunks received: 13
2025-12-21 20:16:33 : info: [SERVICE] Video moved to: W:\GCU\Project\Clueso_clone_example\Clueso_Node_layer\src\recordings\recording_session_1766328363413_fje0jl892_video.webm
2025-12-21 20:16:33 : info: [SERVICE] Audio moved to: W:\GCU\Project\Clueso_clone_example\Clueso_Node_layer\src\recordings\recording_session_1766328363413_fje0jl892_audio.webm
2025-12-21 20:16:33 : info: [SERVICE] Recording saved: recording_session_1766328363413_fje0jl892_1766328393244.json
2025-12-21 20:16:33 : info: [Recording Controller] Broadcasting video to frontend session: session_1766328363413_fje0jl892
2025-12-21 20:16:33 : warn: [Frontend Service] No client connected for session: session_1766328363413_fje0jl892. Buffering video.
2025-12-21 20:16:33 : info: [Frontend Service] Buffered video message for session: session_1766328363413_fje0jl892. Queue size: 1
2025-12-21 20:16:33 : info: [Recording Controller] Processing audio file: W:\GCU\Project\Clueso_clone_example\Clueso_Node_layer\src\recordings\recording_session_1766328363413_fje0jl892_audio.webm
2025-12-21 20:16:33 : info: [Deepgram] Transcribing file: W:\GCU\Project\Clueso_clone_example\Clueso_Node_layer\src\recordings\recording_session_1766328363413_fje0jl892_audio.webm
2025-12-21 20:16:33 : info: [Deepgram] Building transcription options
2025-12-21 20:16:33 : info: [CONTROLLER] Video chunk - Session: session_1766328363413_fje0jl892, Sequence: 24
2025-12-21 20:16:33 : info: [SERVICE] Created video stream for session: session_1766328363413_fje0jl892
2025-12-21 20:16:33 : info: [SERVICE] Saving video chunk for session session_1766328363413_fje0jl892
2025-12-21 20:16:33 : info: [SERVICE] Sequence: 24, Size: 232829 bytes
2025-12-21 20:16:33 : info: [SERVICE] Video bytes written: 232829
2025-12-21 20:16:34 : info: [CONTROLLER] Video chunk - Session: session_1766328363413_fje0jl892, Sequence: 25
2025-12-21 20:16:34 : info: [SERVICE] Saving video chunk for session session_1766328363413_fje0jl892
2025-12-21 20:16:34 : info: [SERVICE] Sequence: 25, Size: 5475 bytes
2025-12-21 20:16:34 : info: [SERVICE] Video bytes written: 238304
2025-12-21 20:16:34 : info: [CONTROLLER] Audio chunk - Session: session_1766328363413_fje0jl892, Sequence: 13
2025-12-21 20:16:34 : info: [SERVICE] Created audio stream for session: session_1766328363413_fje0jl892
2025-12-21 20:16:34 : info: [SERVICE] Saving audio chunk for session session_1766328363413_fje0jl892
2025-12-21 20:16:34 : info: [SERVICE] Sequence: 13, Size: 32844 bytes
2025-12-21 20:16:34 : info: [SERVICE] Audio bytes written: 32844
2025-12-21 20:16:35 : info: [Deepgram] File transcription complete
2025-12-21 20:16:35 : info: [Deepgram] Formatting result
2025-12-21 20:16:35 : info: [Deepgram] Final timeline built with
2025-12-21 20:16:35 : info: [Recording Controller] Transcribed text from Deepgram:
2025-12-21 20:16:35 : info: [Recording Controller] Text: "Hello, everyone. Uh, today, we are in Google AI Studio. Uh, here, actually, I am for the API key for different Jiminy models. Uh, so if you go here, get the API key, and, uh, you can create here API key. See usage or copy API key if you forget the API key."
2025-12-21 20:16:35 : info: [Recording Controller] Timeline segments: 8
2025-12-21 20:16:35 : info: [Recording Controller] Metadata: {"transaction_key":"deprecated","request_id":"e9d79eb2-dcae-4cc2-b2d5-cad157c1c9a4","sha256":"b4a4a698d44e6a42b6daf21c16269d63178bd0a10f757882e5c6854a64a2e201","created":"2025-12-21T14:46:36.462Z","duration":26.46,"channels":1,"models":["1abfe86b-e047-4eed-858a-35e5625b41ee"],"model_info":{"1abfe86b-e047-4eed-858a-35e5625b41ee":{"name":"2-general-nova","version":"2024-01-06.5664","arch":"nova-2"}}}
2025-12-21 20:16:35 : warn: [Frontend Service] No client connected for session: session_1766328363413_fje0jl892. Buffering audio.
2025-12-21 20:16:35 : info: [Frontend Service] Buffered audio message for session: session_1766328363413_fje0jl892. Queue size: 2
2025-12-21 20:16:35 : info: [Frontend Service] Stored 2 DOM events for session: session_1766328363413_fje0jl892
2025-12-21 20:16:35 : info: [Recording Controller] Stored 2 DOM events for potential fallback
2025-12-21 20:16:35 : info: [Python Controller] Processing with AI:
2025-12-21 20:16:35 : info: [Python Controller] - Text: "Hello, everyone. Uh, today, we are in Google AI Studio. Uh, here, actually, I am for the API key for..."
2025-12-21 20:16:35 : info: [Python Controller] - DOM Events: 2
2025-12-21 20:16:35 : info: [Python Controller] - Has Deepgram Response: true
2025-12-21 20:16:35 : info: [Python Controller] - Audio Path: W:\GCU\Project\Clueso_clone_example\Clueso_Node_layer\src\recordings\recording_session_1766328363413_fje0jl892_audio.webm
2025-12-21 20:16:35 : info: [Python Controller] - Session ID: session_1766328363413_fje0jl892
2025-12-21 20:16:35 : info: [Python Service] Sending text with 2 DOM events to Python layer
2025-12-21 20:16:36 : info: [CONTROLLER] Audio chunk - Session: session_1766328363413_fje0jl892, Sequence: 14
2025-12-21 20:16:36 : info: [SERVICE] Saving audio chunk for session session_1766328363413_fje0jl892
2025-12-21 20:16:36 : info: [SERVICE] Sequence: 14, Size: 32860 bytes
2025-12-21 20:16:36 : info: [SERVICE] Audio bytes written: 65704
2025-12-21 20:16:38 : info: [CONTROLLER] Audio chunk - Session: session_1766328363413_fje0jl892, Sequence: 15
2025-12-21 20:16:38 : info: [SERVICE] Saving audio chunk for session session_1766328363413_fje0jl892
2025-12-21 20:16:38 : info: [SERVICE] Sequence: 15, Size: 32844 bytes
2025-12-21 20:16:38 : info: [SERVICE] Audio bytes written: 98548
2025-12-21 20:16:40 : info: [CONTROLLER] Audio chunk - Session: session_1766328363413_fje0jl892, Sequence: 16
2025-12-21 20:16:40 : info: [SERVICE] Saving audio chunk for session session_1766328363413_fje0jl892
2025-12-21 20:16:40 : info: [SERVICE] Sequence: 16, Size: 32844 bytes
2025-12-21 20:16:40 : info: [SERVICE] Audio bytes written: 131392
2025-12-21 20:16:42 : info: [CONTROLLER] Audio chunk - Session: session_1766328363413_fje0jl892, Sequence: 17
2025-12-21 20:16:42 : info: [SERVICE] Saving audio chunk for session session_1766328363413_fje0jl892
2025-12-21 20:16:42 : info: [SERVICE] Sequence: 17, Size: 32844 bytes
2025-12-21 20:16:42 : info: [SERVICE] Audio bytes written: 164236
2025-12-21 20:16:44 : info: [CONTROLLER] Audio chunk - Session: session_1766328363413_fje0jl892, Sequence: 18
2025-12-21 20:16:44 : info: [SERVICE] Saving audio chunk for session session_1766328363413_fje0jl892
2025-12-21 20:16:44 : info: [SERVICE] Sequence: 18, Size: 32844 bytes
2025-12-21 20:16:44 : info: [SERVICE] Audio bytes written: 197080
2025-12-21 20:16:46 : info: [CONTROLLER] Audio chunk - Session: session_1766328363413_fje0jl892, Sequence: 19
2025-12-21 20:16:46 : info: [SERVICE] Saving audio chunk for session session_1766328363413_fje0jl892
2025-12-21 20:16:46 : info: [SERVICE] Sequence: 19, Size: 32844 bytes
2025-12-21 20:16:46 : info: [SERVICE] Audio bytes written: 229924
2025-12-21 20:16:48 : info: [CONTROLLER] Audio chunk - Session: session_1766328363413_fje0jl892, Sequence: 20
2025-12-21 20:16:48 : info: [SERVICE] Saving audio chunk for session session_1766328363413_fje0jl892
2025-12-21 20:16:48 : info: [SERVICE] Sequence: 20, Size: 32844 bytes
2025-12-21 20:16:48 : info: [SERVICE] Audio bytes written: 262768
2025-12-21 20:16:50 : info: [CONTROLLER] Audio chunk - Session: session_1766328363413_fje0jl892, Sequence: 21
2025-12-21 20:16:50 : info: [SERVICE] Saving audio chunk for session session_1766328363413_fje0jl892
2025-12-21 20:16:50 : info: [SERVICE] Sequence: 21, Size: 32844 bytes
2025-12-21 20:16:50 : info: [SERVICE] Audio bytes written: 295612
2025-12-21 20:16:52 : info: [CONTROLLER] Audio chunk - Session: session_1766328363413_fje0jl892, Sequence: 22
2025-12-21 20:16:52 : info: [SERVICE] Saving audio chunk for session session_1766328363413_fje0jl892
2025-12-21 20:16:52 : info: [SERVICE] Sequence: 22, Size: 32844 bytes
2025-12-21 20:16:52 : info: [SERVICE] Audio bytes written: 328456
2025-12-21 20:16:54 : info: [CONTROLLER] Audio chunk - Session: session_1766328363413_fje0jl892, Sequence: 23
2025-12-21 20:16:54 : info: [SERVICE] Saving audio chunk for session session_1766328363413_fje0jl892
2025-12-21 20:16:54 : info: [SERVICE] Sequence: 23, Size: 32844 bytes
2025-12-21 20:16:54 : info: [SERVICE] Audio bytes written: 361300
2025-12-21 20:16:56 : info: [CONTROLLER] Audio chunk - Session: session_1766328363413_fje0jl892, Sequence: 24
2025-12-21 20:16:56 : info: [SERVICE] Saving audio chunk for session session_1766328363413_fje0jl892
2025-12-21 20:16:56 : info: [SERVICE] Sequence: 24, Size: 32844 bytes
2025-12-21 20:16:56 : info: [SERVICE] Audio bytes written: 394144
2025-12-21 20:16:57 : info: [Python Service] Successfully received response from Python layer
2025-12-21 20:16:57 : info: [Python Controller] Successfully received response from Python layer
2025-12-21 20:16:57 : info: [Python Controller] Python response:
2025-12-21 20:16:57 : info: [Python Controller] No instructions from Python, using DOM events as fallback
2025-12-21 20:16:57 : info: [Python Controller] Broadcasting 2 DOM events as instructions to frontend
2025-12-21 20:16:57 : warn: [Frontend Service] No client connected for session: session_1766328363413_fje0jl892. Buffering instructions.
2025-12-21 20:16:57 : info: [Frontend Service] Buffered instructions message for session: session_1766328363413_fje0jl892. Queue size: 3
2025-12-21 20:16:57 : info: [Python Controller] Sent DOM event 1/2 as instruction
2025-12-21 20:16:57 : warn: [Frontend Service] No client connected for session: session_1766328363413_fje0jl892. Buffering instructions.
2025-12-21 20:16:57 : info: [Frontend Service] Buffered instructions message for session: session_1766328363413_fje0jl892. Queue size: 4
2025-12-21 20:16:57 : info: [Python Controller] Sent DOM event 2/2 as instruction
2025-12-21 20:16:57 : info: [Python Controller] Checking for processed audio at: W:\GCU\Project\Clueso_clone_example\Clueso_Node_layer\recordings\processed_audio_session_1766328363413_fje0jl892_1766328417324.mp3
2025-12-21 20:16:57 : info: [Python Controller] Found processed audio, broadcasting to frontend session: session_1766328363413_fje0jl892
2025-12-21 20:16:57 : warn: [Frontend Service] No client connected for session: session_1766328363413_fje0jl892. Buffering audio.
2025-12-21 20:16:57 : info: [Frontend Service] Buffered audio message for session: session_1766328363413_fje0jl892. Queue size: 5
2025-12-21 20:17:01 : info: [Frontend Service] Client connected: cbBHxDrJCITBNqtZAAAB
2025-12-21 20:17:01 : info: [Frontend Service] Client cbBHxDrJCITBNqtZAAAB registered for session: session_1766328363413_fje0jl892
2025-12-21 20:17:01 : info: [Frontend Service] Flushing 5 buffered messages for session: session_1766328363413_fje0jl892
2025-12-21 20:17:01 : info: [Frontend Service] Sending buffered video to session: session_1766328363413_fje0jl892
2025-12-21 20:17:01 : info: [Frontend Service] Sending buffered audio to session: session_1766328363413_fje0jl892
2025-12-21 20:17:01 : info: [Frontend Service] Sending buffered instructions to session: session_1766328363413_fje0jl892
2025-12-21 20:17:01 : info: [Frontend Service] Sending buffered instructions to session: session_1766328363413_fje0jl892
2025-12-21 20:17:01 : info: [Frontend Service] Sending buffered audio to session: session_1766328363413_fje0jl892
2025-12-21 20:31:10 : info: [Frontend Service] Client disconnected and removed from session: session_1766328363413_fje0jl892
2025-12-21 20:32:07 : info: [Frontend Service] Client connected: JtpCr2WhvTeJcISnAAAE
2025-12-21 20:32:07 : info: [Frontend Service] Client JtpCr2WhvTeJcISnAAAE registered for session: session_1766328363413_fje0jl892
2025-12-21 20:32:07 : warn: [Frontend Service] Session session_1766328363413_fje0jl892 already has a client, disconnecting old client
2025-12-21 20:32:07 : info: [Frontend Service] Client disconnected and removed from session: session_1766328363413_fje0jl892
2025-12-21 20:32:07 : info: [Frontend Service] Client JtpCr2WhvTeJcISnAAAE registered for session: session_1766328363413_fje0jl892
2025-12-21 20:32:41 : info: [CONTROLLER] Video chunk - Session: session_1766329357006_z68tofc87, Sequence: 0
2025-12-21 20:32:41 : info: [SERVICE] Created video stream for session: session_1766329357006_z68tofc87
2025-12-21 20:32:41 : info: [SERVICE] Saving video chunk for session session_1766329357006_z68tofc87
2025-12-21 20:32:41 : info: [SERVICE] Sequence: 0, Size: 124952 bytes
2025-12-21 20:32:41 : info: [SERVICE] Video bytes written: 124952
2025-12-21 20:32:42 : info: [CONTROLLER] Audio chunk - Session: session_1766329357006_z68tofc87, Sequence: 0
2025-12-21 20:32:42 : info: [SERVICE] Created audio stream for session: session_1766329357006_z68tofc87
2025-12-21 20:32:42 : info: [SERVICE] Saving audio chunk for session session_1766329357006_z68tofc87
2025-12-21 20:32:42 : info: [SERVICE] Sequence: 0, Size: 32038 bytes
2025-12-21 20:32:42 : info: [SERVICE] Audio bytes written: 32038
2025-12-21 20:32:42 : info: [CONTROLLER] Video chunk - Session: session_1766329357006_z68tofc87, Sequence: 1
2025-12-21 20:32:42 : info: [SERVICE] Saving video chunk for session session_1766329357006_z68tofc87
2025-12-21 20:32:42 : info: [SERVICE] Sequence: 1, Size: 245330 bytes
2025-12-21 20:32:42 : info: [SERVICE] Video bytes written: 370282
2025-12-21 20:32:43 : info: [CONTROLLER] Video chunk - Session: session_1766329357006_z68tofc87, Sequence: 2
2025-12-21 20:32:43 : info: [SERVICE] Saving video chunk for session session_1766329357006_z68tofc87
2025-12-21 20:32:43 : info: [SERVICE] Sequence: 2, Size: 126633 bytes
2025-12-21 20:32:43 : info: [SERVICE] Video bytes written: 496915
2025-12-21 20:32:44 : info: [CONTROLLER] Audio chunk - Session: session_1766329357006_z68tofc87, Sequence: 1
2025-12-21 20:32:44 : info: [SERVICE] Saving audio chunk for session session_1766329357006_z68tofc87
2025-12-21 20:32:44 : info: [SERVICE] Sequence: 1, Size: 32844 bytes
2025-12-21 20:32:44 : info: [SERVICE] Audio bytes written: 64882
2025-12-21 20:32:44 : info: [CONTROLLER] Video chunk - Session: session_1766329357006_z68tofc87, Sequence: 3
2025-12-21 20:32:44 : info: [SERVICE] Saving video chunk for session session_1766329357006_z68tofc87
2025-12-21 20:32:44 : info: [SERVICE] Sequence: 3, Size: 47799 bytes
2025-12-21 20:32:44 : info: [SERVICE] Video bytes written: 544714
2025-12-21 20:32:45 : info: [CONTROLLER] Video chunk - Session: session_1766329357006_z68tofc87, Sequence: 4
2025-12-21 20:32:45 : info: [SERVICE] Saving video chunk for session session_1766329357006_z68tofc87
2025-12-21 20:32:45 : info: [SERVICE] Sequence: 4, Size: 230106 bytes
2025-12-21 20:32:45 : info: [SERVICE] Video bytes written: 774820
2025-12-21 20:32:46 : info: [CONTROLLER] Audio chunk - Session: session_1766329357006_z68tofc87, Sequence: 2
2025-12-21 20:32:46 : info: [SERVICE] Saving audio chunk for session session_1766329357006_z68tofc87
2025-12-21 20:32:46 : info: [SERVICE] Sequence: 2, Size: 32844 bytes
2025-12-21 20:32:46 : info: [SERVICE] Audio bytes written: 97726
2025-12-21 20:32:46 : info: [CONTROLLER] Video chunk - Session: session_1766329357006_z68tofc87, Sequence: 5
2025-12-21 20:32:46 : info: [SERVICE] Saving video chunk for session session_1766329357006_z68tofc87
2025-12-21 20:32:46 : info: [SERVICE] Sequence: 5, Size: 72682 bytes
2025-12-21 20:32:46 : info: [SERVICE] Video bytes written: 847502
2025-12-21 20:32:47 : info: [CONTROLLER] Video chunk - Session: session_1766329357006_z68tofc87, Sequence: 6
2025-12-21 20:32:47 : info: [SERVICE] Saving video chunk for session session_1766329357006_z68tofc87
2025-12-21 20:32:47 : info: [SERVICE] Sequence: 6, Size: 36213 bytes
2025-12-21 20:32:47 : info: [SERVICE] Video bytes written: 883715
2025-12-21 20:32:48 : info: [CONTROLLER] Audio chunk - Session: session_1766329357006_z68tofc87, Sequence: 3
2025-12-21 20:32:48 : info: [SERVICE] Saving audio chunk for session session_1766329357006_z68tofc87
2025-12-21 20:32:48 : info: [SERVICE] Sequence: 3, Size: 32844 bytes
2025-12-21 20:32:48 : info: [SERVICE] Audio bytes written: 130570
2025-12-21 20:32:49 : info: [CONTROLLER] Video chunk - Session: session_1766329357006_z68tofc87, Sequence: 7
2025-12-21 20:32:49 : info: [SERVICE] Saving video chunk for session session_1766329357006_z68tofc87
2025-12-21 20:32:49 : info: [SERVICE] Sequence: 7, Size: 18905 bytes
2025-12-21 20:32:49 : info: [SERVICE] Video bytes written: 902620
2025-12-21 20:32:50 : info: [CONTROLLER] Video chunk - Session: session_1766329357006_z68tofc87, Sequence: 8
2025-12-21 20:32:50 : info: [SERVICE] Saving video chunk for session session_1766329357006_z68tofc87
2025-12-21 20:32:50 : info: [SERVICE] Sequence: 8, Size: 13299 bytes
2025-12-21 20:32:50 : info: [SERVICE] Video bytes written: 915919
2025-12-21 20:32:50 : info: [CONTROLLER] Audio chunk - Session: session_1766329357006_z68tofc87, Sequence: 4
2025-12-21 20:32:50 : info: [SERVICE] Saving audio chunk for session session_1766329357006_z68tofc87
2025-12-21 20:32:50 : info: [SERVICE] Sequence: 4, Size: 32844 bytes
2025-12-21 20:32:50 : info: [SERVICE] Audio bytes written: 163414
2025-12-21 20:32:51 : info: [CONTROLLER] Video chunk - Session: session_1766329357006_z68tofc87, Sequence: 9
2025-12-21 20:32:51 : info: [SERVICE] Saving video chunk for session session_1766329357006_z68tofc87
2025-12-21 20:32:51 : info: [SERVICE] Sequence: 9, Size: 336393 bytes
2025-12-21 20:32:51 : info: [SERVICE] Video bytes written: 1252312
2025-12-21 20:32:52 : info: [CONTROLLER] Video chunk - Session: session_1766329357006_z68tofc87, Sequence: 10
2025-12-21 20:32:52 : info: [SERVICE] Saving video chunk for session session_1766329357006_z68tofc87
2025-12-21 20:32:52 : info: [SERVICE] Sequence: 10, Size: 99833 bytes
2025-12-21 20:32:52 : info: [SERVICE] Video bytes written: 1352145
2025-12-21 20:32:52 : info: [CONTROLLER] Audio chunk - Session: session_1766329357006_z68tofc87, Sequence: 5
2025-12-21 20:32:52 : info: [SERVICE] Saving audio chunk for session session_1766329357006_z68tofc87
2025-12-21 20:32:52 : info: [SERVICE] Sequence: 5, Size: 32844 bytes
2025-12-21 20:32:52 : info: [SERVICE] Audio bytes written: 196258
2025-12-21 20:32:53 : info: [CONTROLLER] Video chunk - Session: session_1766329357006_z68tofc87, Sequence: 11
2025-12-21 20:32:53 : info: [SERVICE] Saving video chunk for session session_1766329357006_z68tofc87
2025-12-21 20:32:53 : info: [SERVICE] Sequence: 11, Size: 53061 bytes
2025-12-21 20:32:53 : info: [SERVICE] Video bytes written: 1405206
2025-12-21 20:32:54 : info: [CONTROLLER] Audio chunk - Session: session_1766329357006_z68tofc87, Sequence: 6
2025-12-21 20:32:54 : info: [SERVICE] Saving audio chunk for session session_1766329357006_z68tofc87
2025-12-21 20:32:54 : info: [SERVICE] Sequence: 6, Size: 32844 bytes
2025-12-21 20:32:54 : info: [SERVICE] Audio bytes written: 229102
2025-12-21 20:32:54 : info: [CONTROLLER] Video chunk - Session: session_1766329357006_z68tofc87, Sequence: 12
2025-12-21 20:32:54 : info: [SERVICE] Saving video chunk for session session_1766329357006_z68tofc87
2025-12-21 20:32:54 : info: [SERVICE] Sequence: 12, Size: 225 bytes
2025-12-21 20:32:54 : info: [SERVICE] Video bytes written: 1405431
2025-12-21 20:32:55 : info: [CONTROLLER] Video chunk - Session: session_1766329357006_z68tofc87, Sequence: 13
2025-12-21 20:32:55 : info: [SERVICE] Saving video chunk for session session_1766329357006_z68tofc87
2025-12-21 20:32:55 : info: [SERVICE] Sequence: 13, Size: 350 bytes
2025-12-21 20:32:55 : info: [SERVICE] Video bytes written: 1405781
2025-12-21 20:32:56 : info: [CONTROLLER] Audio chunk - Session: session_1766329357006_z68tofc87, Sequence: 7
2025-12-21 20:32:56 : info: [SERVICE] Saving audio chunk for session session_1766329357006_z68tofc87
2025-12-21 20:32:56 : info: [SERVICE] Sequence: 7, Size: 32844 bytes
2025-12-21 20:32:56 : info: [SERVICE] Audio bytes written: 261946
2025-12-21 20:32:56 : info: [CONTROLLER] Video chunk - Session: session_1766329357006_z68tofc87, Sequence: 14
2025-12-21 20:32:56 : info: [SERVICE] Saving video chunk for session session_1766329357006_z68tofc87
2025-12-21 20:32:56 : info: [SERVICE] Sequence: 14, Size: 687 bytes
2025-12-21 20:32:56 : info: [SERVICE] Video bytes written: 1406468
2025-12-21 20:32:57 : info: [CONTROLLER] Video chunk - Session: session_1766329357006_z68tofc87, Sequence: 15
2025-12-21 20:32:57 : info: [SERVICE] Saving video chunk for session session_1766329357006_z68tofc87
2025-12-21 20:32:57 : info: [SERVICE] Sequence: 15, Size: 1222 bytes
2025-12-21 20:32:57 : info: [SERVICE] Video bytes written: 1407690
2025-12-21 20:32:58 : info: [CONTROLLER] Audio chunk - Session: session_1766329357006_z68tofc87, Sequence: 8
2025-12-21 20:32:58 : info: [SERVICE] Saving audio chunk for session session_1766329357006_z68tofc87
2025-12-21 20:32:58 : info: [SERVICE] Sequence: 8, Size: 32844 bytes
2025-12-21 20:32:58 : info: [SERVICE] Audio bytes written: 294790
2025-12-21 20:32:58 : info: [CONTROLLER] Video chunk - Session: session_1766329357006_z68tofc87, Sequence: 16
2025-12-21 20:32:58 : info: [SERVICE] Saving video chunk for session session_1766329357006_z68tofc87
2025-12-21 20:32:58 : info: [SERVICE] Sequence: 16, Size: 1080 bytes
2025-12-21 20:32:58 : info: [SERVICE] Video bytes written: 1408770
2025-12-21 20:32:59 : info: [CONTROLLER] Video chunk - Session: session_1766329357006_z68tofc87, Sequence: 17
2025-12-21 20:32:59 : info: [SERVICE] Saving video chunk for session session_1766329357006_z68tofc87
2025-12-21 20:32:59 : info: [SERVICE] Sequence: 17, Size: 788 bytes
2025-12-21 20:32:59 : info: [SERVICE] Video bytes written: 1409558
2025-12-21 20:33:00 : info: [CONTROLLER] Audio chunk - Session: session_1766329357006_z68tofc87, Sequence: 9
2025-12-21 20:33:00 : info: [SERVICE] Saving audio chunk for session session_1766329357006_z68tofc87
2025-12-21 20:33:00 : info: [SERVICE] Sequence: 9, Size: 32844 bytes
2025-12-21 20:33:00 : info: [SERVICE] Audio bytes written: 327634
2025-12-21 20:33:01 : info: [CONTROLLER] Video chunk - Session: session_1766329357006_z68tofc87, Sequence: 18
2025-12-21 20:33:01 : info: [SERVICE] Saving video chunk for session session_1766329357006_z68tofc87
2025-12-21 20:33:01 : info: [SERVICE] Sequence: 18, Size: 1877 bytes
2025-12-21 20:33:01 : info: [SERVICE] Video bytes written: 1411435
2025-12-21 20:33:02 : info: [CONTROLLER] Video chunk - Session: session_1766329357006_z68tofc87, Sequence: 19
2025-12-21 20:33:02 : info: [SERVICE] Saving video chunk for session session_1766329357006_z68tofc87
2025-12-21 20:33:02 : info: [SERVICE] Sequence: 19, Size: 104517 bytes
2025-12-21 20:33:02 : info: [SERVICE] Video bytes written: 1515952
2025-12-21 20:33:02 : info: [CONTROLLER] Audio chunk - Session: session_1766329357006_z68tofc87, Sequence: 10
2025-12-21 20:33:02 : info: [SERVICE] Saving audio chunk for session session_1766329357006_z68tofc87
2025-12-21 20:33:02 : info: [SERVICE] Sequence: 10, Size: 32844 bytes
2025-12-21 20:33:02 : info: [SERVICE] Audio bytes written: 360478
2025-12-21 20:33:03 : info: [CONTROLLER] Video chunk - Session: session_1766329357006_z68tofc87, Sequence: 20
2025-12-21 20:33:03 : info: [SERVICE] Saving video chunk for session session_1766329357006_z68tofc87
2025-12-21 20:33:03 : info: [SERVICE] Sequence: 20, Size: 430401 bytes
2025-12-21 20:33:03 : info: [SERVICE] Video bytes written: 1946353
2025-12-21 20:33:04 : info: [CONTROLLER] Audio chunk - Session: session_1766329357006_z68tofc87, Sequence: 11
2025-12-21 20:33:04 : info: [SERVICE] Saving audio chunk for session session_1766329357006_z68tofc87
2025-12-21 20:33:04 : info: [SERVICE] Sequence: 11, Size: 32844 bytes
2025-12-21 20:33:04 : info: [SERVICE] Audio bytes written: 393322
2025-12-21 20:33:05 : info: [CONTROLLER] Video chunk - Session: session_1766329357006_z68tofc87, Sequence: 21
2025-12-21 20:33:05 : info: [SERVICE] Saving video chunk for session session_1766329357006_z68tofc87
2025-12-21 20:33:05 : info: [SERVICE] Sequence: 21, Size: 86320 bytes
2025-12-21 20:33:05 : info: [SERVICE] Video bytes written: 2032673
2025-12-21 20:33:06 : info: [CONTROLLER] Video chunk - Session: session_1766329357006_z68tofc87, Sequence: 22
2025-12-21 20:33:06 : info: [SERVICE] Saving video chunk for session session_1766329357006_z68tofc87
2025-12-21 20:33:06 : info: [SERVICE] Sequence: 22, Size: 29005 bytes
2025-12-21 20:33:06 : info: [SERVICE] Video bytes written: 2061678
2025-12-21 20:33:06 : info: [CONTROLLER] Audio chunk - Session: session_1766329357006_z68tofc87, Sequence: 12
2025-12-21 20:33:06 : info: [SERVICE] Saving audio chunk for session session_1766329357006_z68tofc87
2025-12-21 20:33:06 : info: [SERVICE] Sequence: 12, Size: 32844 bytes
2025-12-21 20:33:06 : info: [SERVICE] Audio bytes written: 426166
2025-12-21 20:33:07 : info: [CONTROLLER] Video chunk - Session: session_1766329357006_z68tofc87, Sequence: 23
2025-12-21 20:33:07 : info: [SERVICE] Saving video chunk for session session_1766329357006_z68tofc87
2025-12-21 20:33:07 : info: [SERVICE] Sequence: 23, Size: 50950 bytes
2025-12-21 20:33:07 : info: [SERVICE] Video bytes written: 2112628
2025-12-21 20:33:08 : info: [CONTROLLER] Video chunk - Session: session_1766329357006_z68tofc87, Sequence: 24
2025-12-21 20:33:08 : info: [SERVICE] Saving video chunk for session session_1766329357006_z68tofc87
2025-12-21 20:33:08 : info: [SERVICE] Sequence: 24, Size: 61428 bytes
2025-12-21 20:33:08 : info: [SERVICE] Video bytes written: 2174056
2025-12-21 20:33:08 : info: [CONTROLLER] Audio chunk - Session: session_1766329357006_z68tofc87, Sequence: 13
2025-12-21 20:33:08 : info: [SERVICE] Saving audio chunk for session session_1766329357006_z68tofc87
2025-12-21 20:33:08 : info: [SERVICE] Sequence: 13, Size: 32844 bytes
2025-12-21 20:33:08 : info: [SERVICE] Audio bytes written: 459010
2025-12-21 20:33:09 : info: [CONTROLLER] Video chunk - Session: session_1766329357006_z68tofc87, Sequence: 25
2025-12-21 20:33:09 : info: [SERVICE] Saving video chunk for session session_1766329357006_z68tofc87
2025-12-21 20:33:09 : info: [SERVICE] Sequence: 25, Size: 301293 bytes
2025-12-21 20:33:09 : info: [SERVICE] Video bytes written: 2475349
2025-12-21 20:33:10 : info: [CONTROLLER] Video chunk - Session: session_1766329357006_z68tofc87, Sequence: 26
2025-12-21 20:33:10 : info: [SERVICE] Saving video chunk for session session_1766329357006_z68tofc87
2025-12-21 20:33:10 : info: [SERVICE] Sequence: 26, Size: 16394 bytes
2025-12-21 20:33:10 : info: [SERVICE] Video bytes written: 2491743
2025-12-21 20:33:10 : info: [CONTROLLER] Audio chunk - Session: session_1766329357006_z68tofc87, Sequence: 14
2025-12-21 20:33:10 : info: [SERVICE] Saving audio chunk for session session_1766329357006_z68tofc87
2025-12-21 20:33:10 : info: [SERVICE] Sequence: 14, Size: 32860 bytes
2025-12-21 20:33:10 : info: [SERVICE] Audio bytes written: 491870
2025-12-21 20:33:11 : info: [CONTROLLER] Video chunk - Session: session_1766329357006_z68tofc87, Sequence: 27
2025-12-21 20:33:11 : info: [SERVICE] Saving video chunk for session session_1766329357006_z68tofc87
2025-12-21 20:33:11 : info: [SERVICE] Sequence: 27, Size: 45363 bytes
2025-12-21 20:33:11 : info: [SERVICE] Video bytes written: 2537106
2025-12-21 20:33:12 : info: [CONTROLLER] Video chunk - Session: session_1766329357006_z68tofc87, Sequence: 28
2025-12-21 20:33:12 : info: [SERVICE] Saving video chunk for session session_1766329357006_z68tofc87
2025-12-21 20:33:12 : info: [SERVICE] Sequence: 28, Size: 188002 bytes
2025-12-21 20:33:12 : info: [SERVICE] Video bytes written: 2725108
2025-12-21 20:33:12 : info: [CONTROLLER] Audio chunk - Session: session_1766329357006_z68tofc87, Sequence: 15
2025-12-21 20:33:12 : info: [SERVICE] Saving audio chunk for session session_1766329357006_z68tofc87
2025-12-21 20:33:12 : info: [SERVICE] Sequence: 15, Size: 32844 bytes
2025-12-21 20:33:12 : info: [SERVICE] Audio bytes written: 524714
2025-12-21 20:33:14 : info: [CONTROLLER] Video chunk - Session: session_1766329357006_z68tofc87, Sequence: 29
2025-12-21 20:33:14 : info: [SERVICE] Saving video chunk for session session_1766329357006_z68tofc87
2025-12-21 20:33:14 : info: [SERVICE] Sequence: 29, Size: 434221 bytes
2025-12-21 20:33:14 : info: [SERVICE] Video bytes written: 3159329
2025-12-21 20:33:14 : info: [CONTROLLER] Audio chunk - Session: session_1766329357006_z68tofc87, Sequence: 16
2025-12-21 20:33:14 : info: [SERVICE] Saving audio chunk for session session_1766329357006_z68tofc87
2025-12-21 20:33:14 : info: [SERVICE] Sequence: 16, Size: 32844 bytes
2025-12-21 20:33:14 : info: [SERVICE] Audio bytes written: 557558
2025-12-21 20:33:15 : info: [CONTROLLER] Video chunk - Session: session_1766329357006_z68tofc87, Sequence: 30
2025-12-21 20:33:15 : info: [SERVICE] Saving video chunk for session session_1766329357006_z68tofc87
2025-12-21 20:33:15 : info: [SERVICE] Sequence: 30, Size: 575 bytes
2025-12-21 20:33:15 : info: [SERVICE] Video bytes written: 3159904
2025-12-21 20:33:16 : info: [CONTROLLER] Video chunk - Session: session_1766329357006_z68tofc87, Sequence: 31
2025-12-21 20:33:16 : info: [SERVICE] Saving video chunk for session session_1766329357006_z68tofc87
2025-12-21 20:33:16 : info: [SERVICE] Sequence: 31, Size: 1202 bytes
2025-12-21 20:33:16 : info: [SERVICE] Video bytes written: 3161106
2025-12-21 20:33:16 : info: [CONTROLLER] Audio chunk - Session: session_1766329357006_z68tofc87, Sequence: 17
2025-12-21 20:33:16 : info: [SERVICE] Saving audio chunk for session session_1766329357006_z68tofc87
2025-12-21 20:33:16 : info: [SERVICE] Sequence: 17, Size: 32844 bytes
2025-12-21 20:33:16 : info: [SERVICE] Audio bytes written: 590402
2025-12-21 20:33:17 : info: [CONTROLLER] Video chunk - Session: session_1766329357006_z68tofc87, Sequence: 32
2025-12-21 20:33:17 : info: [SERVICE] Saving video chunk for session session_1766329357006_z68tofc87
2025-12-21 20:33:17 : info: [SERVICE] Sequence: 32, Size: 188 bytes
2025-12-21 20:33:17 : info: [SERVICE] Video bytes written: 3161294
2025-12-21 20:33:18 : info: [CONTROLLER] Video chunk - Session: session_1766329357006_z68tofc87, Sequence: 33
2025-12-21 20:33:18 : info: [SERVICE] Saving video chunk for session session_1766329357006_z68tofc87
2025-12-21 20:33:18 : info: [SERVICE] Sequence: 33, Size: 133 bytes
2025-12-21 20:33:18 : info: [SERVICE] Video bytes written: 3161427
2025-12-21 20:33:18 : info: [CONTROLLER] Audio chunk - Session: session_1766329357006_z68tofc87, Sequence: 18
2025-12-21 20:33:18 : info: [SERVICE] Saving audio chunk for session session_1766329357006_z68tofc87
2025-12-21 20:33:18 : info: [SERVICE] Sequence: 18, Size: 32844 bytes
2025-12-21 20:33:18 : info: [SERVICE] Audio bytes written: 623246
2025-12-21 20:33:19 : info: [CONTROLLER] Video chunk - Session: session_1766329357006_z68tofc87, Sequence: 34
2025-12-21 20:33:19 : info: [SERVICE] Saving video chunk for session session_1766329357006_z68tofc87
2025-12-21 20:33:19 : info: [SERVICE] Sequence: 34, Size: 87 bytes
2025-12-21 20:33:19 : info: [SERVICE] Video bytes written: 3161514
2025-12-21 20:33:20 : info: [CONTROLLER] Video chunk - Session: session_1766329357006_z68tofc87, Sequence: 35
2025-12-21 20:33:20 : info: [SERVICE] Saving video chunk for session session_1766329357006_z68tofc87
2025-12-21 20:33:20 : info: [SERVICE] Sequence: 35, Size: 122 bytes
2025-12-21 20:33:20 : info: [SERVICE] Video bytes written: 3161636
2025-12-21 20:33:20 : info: [CONTROLLER] Audio chunk - Session: session_1766329357006_z68tofc87, Sequence: 19
2025-12-21 20:33:20 : info: [SERVICE] Saving audio chunk for session session_1766329357006_z68tofc87
2025-12-21 20:33:20 : info: [SERVICE] Sequence: 19, Size: 32844 bytes
2025-12-21 20:33:20 : info: [SERVICE] Audio bytes written: 656090
2025-12-21 20:33:21 : info: [CONTROLLER] Video chunk - Session: session_1766329357006_z68tofc87, Sequence: 36
2025-12-21 20:33:21 : info: [SERVICE] Saving video chunk for session session_1766329357006_z68tofc87
2025-12-21 20:33:21 : info: [SERVICE] Sequence: 36, Size: 78 bytes
2025-12-21 20:33:21 : info: [SERVICE] Video bytes written: 3161714
2025-12-21 20:33:22 : info: [CONTROLLER] Video chunk - Session: session_1766329357006_z68tofc87, Sequence: 37
2025-12-21 20:33:22 : info: [SERVICE] Saving video chunk for session session_1766329357006_z68tofc87
2025-12-21 20:33:22 : info: [SERVICE] Sequence: 37, Size: 12332 bytes
2025-12-21 20:33:22 : info: [SERVICE] Video bytes written: 3174046
2025-12-21 20:33:23 : info: [CONTROLLER] Audio chunk - Session: session_1766329357006_z68tofc87, Sequence: 20
2025-12-21 20:33:23 : info: [SERVICE] Saving audio chunk for session session_1766329357006_z68tofc87
2025-12-21 20:33:23 : info: [SERVICE] Sequence: 20, Size: 32844 bytes
2025-12-21 20:33:23 : info: [SERVICE] Audio bytes written: 688934
2025-12-21 20:33:23 : info: [CONTROLLER] Video chunk - Session: session_1766329357006_z68tofc87, Sequence: 38
2025-12-21 20:33:23 : info: [SERVICE] Saving video chunk for session session_1766329357006_z68tofc87
2025-12-21 20:33:23 : info: [SERVICE] Sequence: 38, Size: 68464 bytes
2025-12-21 20:33:23 : info: [SERVICE] Video bytes written: 3242510
2025-12-21 20:33:24 : info: [CONTROLLER] Video chunk - Session: session_1766329357006_z68tofc87, Sequence: 39
2025-12-21 20:33:24 : info: [SERVICE] Saving video chunk for session session_1766329357006_z68tofc87
2025-12-21 20:33:24 : info: [SERVICE] Sequence: 39, Size: 92426 bytes
2025-12-21 20:33:24 : info: [SERVICE] Video bytes written: 3334936
2025-12-21 20:33:25 : info: [CONTROLLER] Audio chunk - Session: session_1766329357006_z68tofc87, Sequence: 21
2025-12-21 20:33:25 : info: [SERVICE] Saving audio chunk for session session_1766329357006_z68tofc87
2025-12-21 20:33:25 : info: [SERVICE] Sequence: 21, Size: 32844 bytes
2025-12-21 20:33:25 : info: [SERVICE] Audio bytes written: 721778
2025-12-21 20:33:25 : info: [CONTROLLER] Video chunk - Session: session_1766329357006_z68tofc87, Sequence: 40
2025-12-21 20:33:25 : info: [SERVICE] Saving video chunk for session session_1766329357006_z68tofc87
2025-12-21 20:33:25 : info: [SERVICE] Sequence: 40, Size: 68615 bytes
2025-12-21 20:33:25 : info: [SERVICE] Video bytes written: 3403551
2025-12-21 20:33:26 : info: [CONTROLLER] Video chunk - Session: session_1766329357006_z68tofc87, Sequence: 41
2025-12-21 20:33:26 : info: [SERVICE] Saving video chunk for session session_1766329357006_z68tofc87
2025-12-21 20:33:26 : info: [SERVICE] Sequence: 41, Size: 372732 bytes
2025-12-21 20:33:26 : info: [SERVICE] Video bytes written: 3776283
2025-12-21 20:33:27 : info: [CONTROLLER] Audio chunk - Session: session_1766329357006_z68tofc87, Sequence: 22
2025-12-21 20:33:27 : info: [SERVICE] Saving audio chunk for session session_1766329357006_z68tofc87
2025-12-21 20:33:27 : info: [SERVICE] Sequence: 22, Size: 32844 bytes
2025-12-21 20:33:27 : info: [SERVICE] Audio bytes written: 754622
2025-12-21 20:33:27 : info: [CONTROLLER] Video chunk - Session: session_1766329357006_z68tofc87, Sequence: 42
2025-12-21 20:33:27 : info: [SERVICE] Saving video chunk for session session_1766329357006_z68tofc87
2025-12-21 20:33:27 : info: [SERVICE] Sequence: 42, Size: 53189 bytes
2025-12-21 20:33:27 : info: [SERVICE] Video bytes written: 3829472
2025-12-21 20:33:28 : info: [CONTROLLER] Video chunk - Session: session_1766329357006_z68tofc87, Sequence: 43
2025-12-21 20:33:28 : info: [SERVICE] Saving video chunk for session session_1766329357006_z68tofc87
2025-12-21 20:33:28 : info: [SERVICE] Sequence: 43, Size: 123479 bytes
2025-12-21 20:33:28 : info: [SERVICE] Video bytes written: 3952951
2025-12-21 20:33:29 : info: [CONTROLLER] Audio chunk - Session: session_1766329357006_z68tofc87, Sequence: 23
2025-12-21 20:33:29 : info: [SERVICE] Saving audio chunk for session session_1766329357006_z68tofc87
2025-12-21 20:33:29 : info: [SERVICE] Sequence: 23, Size: 32844 bytes
2025-12-21 20:33:29 : info: [SERVICE] Audio bytes written: 787466
2025-12-21 20:33:29 : info: [CONTROLLER] Video chunk - Session: session_1766329357006_z68tofc87, Sequence: 44
2025-12-21 20:33:29 : info: [SERVICE] Saving video chunk for session session_1766329357006_z68tofc87
2025-12-21 20:33:29 : info: [SERVICE] Sequence: 44, Size: 74354 bytes
2025-12-21 20:33:29 : info: [SERVICE] Video bytes written: 4027305
2025-12-21 20:33:29 : info: [SERVICE] Processing recording for session: session_1766329357006_z68tofc87
2025-12-21 20:33:29 : info: [SERVICE] Active sessions: session_1766328363413_fje0jl892, session_1766329357006_z68tofc87
2025-12-21 20:33:29 : info: [SERVICE] Session exists in activeStreams: true
2025-12-21 20:33:29 : info: [SERVICE] Finalizing audio for session session_1766329357006_z68tofc87
2025-12-21 20:33:29 : info: [SERVICE] Total chunks: 24
2025-12-21 20:33:29 : info: [SERVICE] Total bytes: 787466
2025-12-21 20:33:29 : info: [SERVICE] Audio stream closed: W:\GCU\Project\Clueso_clone_example\Clueso_Node_layer\src\uploads\audio_session_1766329357006_z68tofc87.webm
2025-12-21 20:33:29 : info: [SERVICE] Finalizing video for session session_1766329357006_z68tofc87
2025-12-21 20:33:29 : info: [SERVICE] Total chunks: 45
2025-12-21 20:33:29 : info: [SERVICE] Total bytes: 4027305
2025-12-21 20:33:29 : info: [SERVICE] Video stream closed: W:\GCU\Project\Clueso_clone_example\Clueso_Node_layer\src\uploads\video_session_1766329357006_z68tofc87.webm
2025-12-21 20:33:29 : info: [SERVICE] finalAudioPath: W:\GCU\Project\Clueso_clone_example\Clueso_Node_layer\src\uploads\audio_session_1766329357006_z68tofc87.webm
2025-12-21 20:33:29 : info: [SERVICE] finalVideoPath: W:\GCU\Project\Clueso_clone_example\Clueso_Node_layer\src\uploads\video_session_1766329357006_z68tofc87.webm
2025-12-21 20:33:29 : info: [SERVICE] Session session_1766329357006_z68tofc87 statistics:
2025-12-21 20:33:29 : info: [SERVICE] Video chunks received: 45
2025-12-21 20:33:29 : info: [SERVICE] Audio chunks received: 24
2025-12-21 20:33:29 : info: [SERVICE] Video moved to: W:\GCU\Project\Clueso_clone_example\Clueso_Node_layer\src\recordings\recording_session_1766329357006_z68tofc87_video.webm
2025-12-21 20:33:29 : info: [SERVICE] Audio moved to: W:\GCU\Project\Clueso_clone_example\Clueso_Node_layer\src\recordings\recording_session_1766329357006_z68tofc87_audio.webm
2025-12-21 20:33:29 : info: [SERVICE] Recording saved: recording_session_1766329357006_z68tofc87_1766329409737.json
2025-12-21 20:33:29 : info: [Recording Controller] Broadcasting video to frontend session: session_1766329357006_z68tofc87
2025-12-21 20:33:29 : warn: [Frontend Service] No client connected for session: session_1766329357006_z68tofc87. Buffering video.
2025-12-21 20:33:29 : info: [Frontend Service] Buffered video message for session: session_1766329357006_z68tofc87. Queue size: 1
2025-12-21 20:33:29 : info: [Recording Controller] Processing audio file: W:\GCU\Project\Clueso_clone_example\Clueso_Node_layer\src\recordings\recording_session_1766329357006_z68tofc87_audio.webm
2025-12-21 20:33:29 : info: [Deepgram] Transcribing file: W:\GCU\Project\Clueso_clone_example\Clueso_Node_layer\src\recordings\recording_session_1766329357006_z68tofc87_audio.webm
2025-12-21 20:33:29 : info: [Deepgram] Building transcription options
2025-12-21 20:33:30 : info: [CONTROLLER] Video chunk - Session: session_1766329357006_z68tofc87, Sequence: 45
2025-12-21 20:33:30 : info: [SERVICE] Created video stream for session: session_1766329357006_z68tofc87
2025-12-21 20:33:30 : info: [SERVICE] Saving video chunk for session session_1766329357006_z68tofc87
2025-12-21 20:33:30 : info: [SERVICE] Sequence: 45, Size: 355997 bytes
2025-12-21 20:33:30 : info: [SERVICE] Video bytes written: 355997
2025-12-21 20:33:31 : info: [CONTROLLER] Video chunk - Session: session_1766329357006_z68tofc87, Sequence: 46
2025-12-21 20:33:31 : info: [SERVICE] Saving video chunk for session session_1766329357006_z68tofc87
2025-12-21 20:33:31 : info: [SERVICE] Sequence: 46, Size: 78279 bytes
2025-12-21 20:33:31 : info: [CONTROLLER] Audio chunk - Session: session_1766329357006_z68tofc87, Sequence: 24
2025-12-21 20:33:31 : info: [SERVICE] Created audio stream for session: session_1766329357006_z68tofc87
2025-12-21 20:33:31 : info: [SERVICE] Saving audio chunk for session session_1766329357006_z68tofc87
2025-12-21 20:33:31 : info: [SERVICE] Sequence: 24, Size: 32844 bytes
2025-12-21 20:33:31 : info: [SERVICE] Video bytes written: 434276
2025-12-21 20:33:31 : info: [SERVICE] Audio bytes written: 32844
2025-12-21 20:33:32 : info: [Deepgram] File transcription complete
2025-12-21 20:33:32 : info: [Deepgram] Formatting result
2025-12-21 20:33:32 : info: [Deepgram] Final timeline built with
2025-12-21 20:33:32 : info: [Recording Controller] Transcribed text from Deepgram:
2025-12-21 20:33:32 : info: [Recording Controller] Text: "So today, I will be talking about Deepgram. Uh, so by default, when you create a new account here, you will get two hundred credits for free plan. Okay? So here, what we can do is, like, you can create a video and transcribe using this thing. And for API key, you can simply click here and create API key here. And, uh, it will show API key only once. So be careful. And then using that APIT, you can, uh, transcribe video or you can convert it from text to voice, uh, in a professional voice. So yeah. Uh, that's it. Deepgram."
2025-12-21 20:33:32 : info: [Recording Controller] Timeline segments: 15
2025-12-21 20:33:32 : info: [Recording Controller] Metadata: {"transaction_key":"deprecated","request_id":"d6e7cc86-aa8a-4698-bd0f-e31afd930d21","sha256":"ac27a7729ef5eb0b3fd58f68ccc496a9b357683d6b6723615e35f1b1d8300699","created":"2025-12-21T15:03:33.166Z","duration":48.9,"channels":1,"models":["1abfe86b-e047-4eed-858a-35e5625b41ee"],"model_info":{"1abfe86b-e047-4eed-858a-35e5625b41ee":{"name":"2-general-nova","version":"2024-01-06.5664","arch":"nova-2"}}}
2025-12-21 20:33:32 : warn: [Frontend Service] No client connected for session: session_1766329357006_z68tofc87. Buffering audio.
2025-12-21 20:33:32 : info: [Frontend Service] Buffered audio message for session: session_1766329357006_z68tofc87. Queue size: 2
2025-12-21 20:33:32 : info: [Frontend Service] Stored 3 DOM events for session: session_1766329357006_z68tofc87
2025-12-21 20:33:32 : info: [Recording Controller] Stored 3 DOM events for potential fallback
2025-12-21 20:33:32 : info: [Python Controller] Processing with AI:
2025-12-21 20:33:32 : info: [Python Controller] - Text: "So today, I will be talking about Deepgram. Uh, so by default, when you create a new account here, y..."
2025-12-21 20:33:32 : info: [Python Controller] - DOM Events: 3
2025-12-21 20:33:32 : info: [Python Controller] - Has Deepgram Response: true
2025-12-21 20:33:32 : info: [Python Controller] - Audio Path: W:\GCU\Project\Clueso_clone_example\Clueso_Node_layer\src\recordings\recording_session_1766329357006_z68tofc87_audio.webm
2025-12-21 20:33:32 : info: [Python Controller] - Session ID: session_1766329357006_z68tofc87
2025-12-21 20:33:32 : info: [Python Service] Sending text with 3 DOM events to Python layer
2025-12-21 20:33:33 : info: [CONTROLLER] Audio chunk - Session: session_1766329357006_z68tofc87, Sequence: 25
2025-12-21 20:33:33 : info: [SERVICE] Saving audio chunk for session session_1766329357006_z68tofc87
2025-12-21 20:33:33 : info: [SERVICE] Sequence: 25, Size: 32844 bytes
2025-12-21 20:33:33 : info: [SERVICE] Audio bytes written: 65688
2025-12-21 20:33:35 : info: [CONTROLLER] Audio chunk - Session: session_1766329357006_z68tofc87, Sequence: 26
2025-12-21 20:33:35 : info: [SERVICE] Saving audio chunk for session session_1766329357006_z68tofc87
2025-12-21 20:33:35 : info: [SERVICE] Sequence: 26, Size: 32844 bytes
2025-12-21 20:33:35 : info: [SERVICE] Audio bytes written: 98532
2025-12-21 20:33:37 : info: [CONTROLLER] Audio chunk - Session: session_1766329357006_z68tofc87, Sequence: 27
2025-12-21 20:33:37 : info: [SERVICE] Saving audio chunk for session session_1766329357006_z68tofc87
2025-12-21 20:33:37 : info: [SERVICE] Sequence: 27, Size: 32844 bytes
2025-12-21 20:33:37 : info: [SERVICE] Audio bytes written: 131376
2025-12-21 20:33:39 : info: [CONTROLLER] Audio chunk - Session: session_1766329357006_z68tofc87, Sequence: 28
2025-12-21 20:33:39 : info: [SERVICE] Saving audio chunk for session session_1766329357006_z68tofc87
2025-12-21 20:33:39 : info: [SERVICE] Sequence: 28, Size: 32844 bytes
2025-12-21 20:33:39 : info: [SERVICE] Audio bytes written: 164220
2025-12-21 20:33:41 : info: [CONTROLLER] Audio chunk - Session: session_1766329357006_z68tofc87, Sequence: 29
2025-12-21 20:33:41 : info: [SERVICE] Saving audio chunk for session session_1766329357006_z68tofc87
2025-12-21 20:33:41 : info: [SERVICE] Sequence: 29, Size: 32860 bytes
2025-12-21 20:33:41 : info: [SERVICE] Audio bytes written: 197080
2025-12-21 20:33:43 : info: [CONTROLLER] Audio chunk - Session: session_1766329357006_z68tofc87, Sequence: 30
2025-12-21 20:33:43 : info: [SERVICE] Saving audio chunk for session session_1766329357006_z68tofc87
2025-12-21 20:33:43 : info: [SERVICE] Sequence: 30, Size: 32844 bytes
2025-12-21 20:33:43 : info: [SERVICE] Audio bytes written: 229924
2025-12-21 20:33:45 : info: [CONTROLLER] Audio chunk - Session: session_1766329357006_z68tofc87, Sequence: 31
2025-12-21 20:33:45 : info: [SERVICE] Saving audio chunk for session session_1766329357006_z68tofc87
2025-12-21 20:33:45 : info: [SERVICE] Sequence: 31, Size: 32844 bytes
2025-12-21 20:33:45 : info: [SERVICE] Audio bytes written: 262768
2025-12-21 20:33:47 : info: [CONTROLLER] Audio chunk - Session: session_1766329357006_z68tofc87, Sequence: 32
2025-12-21 20:33:47 : info: [SERVICE] Saving audio chunk for session session_1766329357006_z68tofc87
2025-12-21 20:33:47 : info: [SERVICE] Sequence: 32, Size: 32844 bytes
2025-12-21 20:33:47 : info: [SERVICE] Audio bytes written: 295612
2025-12-21 20:33:49 : info: [CONTROLLER] Audio chunk - Session: session_1766329357006_z68tofc87, Sequence: 33
2025-12-21 20:33:49 : info: [SERVICE] Saving audio chunk for session session_1766329357006_z68tofc87
2025-12-21 20:33:49 : info: [SERVICE] Sequence: 33, Size: 32844 bytes
2025-12-21 20:33:49 : info: [SERVICE] Audio bytes written: 328456
2025-12-21 20:33:51 : info: [CONTROLLER] Audio chunk - Session: session_1766329357006_z68tofc87, Sequence: 34
2025-12-21 20:33:51 : info: [SERVICE] Saving audio chunk for session session_1766329357006_z68tofc87
2025-12-21 20:33:51 : info: [SERVICE] Sequence: 34, Size: 32844 bytes
2025-12-21 20:33:51 : info: [SERVICE] Audio bytes written: 361300
2025-12-21 20:33:53 : info: [CONTROLLER] Audio chunk - Session: session_1766329357006_z68tofc87, Sequence: 35
2025-12-21 20:33:53 : info: [SERVICE] Saving audio chunk for session session_1766329357006_z68tofc87
2025-12-21 20:33:53 : info: [SERVICE] Sequence: 35, Size: 32844 bytes
2025-12-21 20:33:53 : info: [SERVICE] Audio bytes written: 394144
2025-12-21 20:33:55 : info: [CONTROLLER] Audio chunk - Session: session_1766329357006_z68tofc87, Sequence: 36
2025-12-21 20:33:55 : info: [SERVICE] Saving audio chunk for session session_1766329357006_z68tofc87
2025-12-21 20:33:55 : info: [SERVICE] Sequence: 36, Size: 32844 bytes
2025-12-21 20:33:55 : info: [SERVICE] Audio bytes written: 426988
2025-12-21 20:33:57 : info: [CONTROLLER] Audio chunk - Session: session_1766329357006_z68tofc87, Sequence: 37
2025-12-21 20:33:57 : info: [SERVICE] Saving audio chunk for session session_1766329357006_z68tofc87
2025-12-21 20:33:57 : info: [SERVICE] Sequence: 37, Size: 32844 bytes
2025-12-21 20:33:57 : info: [SERVICE] Audio bytes written: 459832
2025-12-21 20:33:59 : info: [CONTROLLER] Audio chunk - Session: session_1766329357006_z68tofc87, Sequence: 38
2025-12-21 20:33:59 : info: [SERVICE] Saving audio chunk for session session_1766329357006_z68tofc87
2025-12-21 20:33:59 : info: [SERVICE] Sequence: 38, Size: 32844 bytes
2025-12-21 20:33:59 : info: [SERVICE] Audio bytes written: 492676
2025-12-21 20:34:00 : info: [Python Service] Successfully received response from Python layer
2025-12-21 20:34:00 : info: [Python Controller] Successfully received response from Python layer
2025-12-21 20:34:00 : info: [Python Controller] Python response:
2025-12-21 20:34:00 : info: [Python Controller] No instructions from Python, using DOM events as fallback
2025-12-21 20:34:00 : info: [Python Controller] Broadcasting 3 DOM events as instructions to frontend
2025-12-21 20:34:00 : warn: [Frontend Service] No client connected for session: session_1766329357006_z68tofc87. Buffering instructions.
2025-12-21 20:34:00 : info: [Frontend Service] Buffered instructions message for session: session_1766329357006_z68tofc87. Queue size: 3
2025-12-21 20:34:00 : info: [Python Controller] Sent DOM event 1/3 as instruction
2025-12-21 20:34:00 : warn: [Frontend Service] No client connected for session: session_1766329357006_z68tofc87. Buffering instructions.
2025-12-21 20:34:00 : info: [Frontend Service] Buffered instructions message for session: session_1766329357006_z68tofc87. Queue size: 4
2025-12-21 20:34:00 : info: [Python Controller] Sent DOM event 2/3 as instruction
2025-12-21 20:34:00 : warn: [Frontend Service] No client connected for session: session_1766329357006_z68tofc87. Buffering instructions.
2025-12-21 20:34:00 : info: [Frontend Service] Buffered instructions message for session: session_1766329357006_z68tofc87. Queue size: 5
2025-12-21 20:34:00 : info: [Python Controller] Sent DOM event 3/3 as instruction
2025-12-21 20:34:00 : info: [Python Controller] Checking for processed audio at: W:\GCU\Project\Clueso_clone_example\Clueso_Node_layer\recordings\processed_audio_session_1766329357006_z68tofc87_1766329440447.mp3
2025-12-21 20:34:00 : info: [Python Controller] Found processed audio, broadcasting to frontend session: session_1766329357006_z68tofc87
2025-12-21 20:34:00 : warn: [Frontend Service] No client connected for session: session_1766329357006_z68tofc87. Buffering audio.
2025-12-21 20:34:00 : info: [Frontend Service] Buffered audio message for session: session_1766329357006_z68tofc87. Queue size: 6
2025-12-21 20:34:01 : info: [Frontend Service] Client connected: _pDbczGZC7IqCO1GAAAG
2025-12-21 20:34:01 : info: [Frontend Service] Client _pDbczGZC7IqCO1GAAAG registered for session: session_1766329357006_z68tofc87
2025-12-21 20:34:01 : info: [Frontend Service] Flushing 6 buffered messages for session: session_1766329357006_z68tofc87
2025-12-21 20:34:01 : info: [Frontend Service] Sending buffered video to session: session_1766329357006_z68tofc87
2025-12-21 20:34:01 : info: [Frontend Service] Sending buffered audio to session: session_1766329357006_z68tofc87
2025-12-21 20:34:01 : info: [Frontend Service] Sending buffered instructions to session: session_1766329357006_z68tofc87
2025-12-21 20:34:01 : info: [Frontend Service] Sending buffered instructions to session: session_1766329357006_z68tofc87
2025-12-21 20:34:01 : info: [Frontend Service] Sending buffered instructions to session: session_1766329357006_z68tofc87
2025-12-21 20:34:01 : info: [Frontend Service] Sending buffered audio to session: session_1766329357006_z68tofc87
2025-12-21 20:35:11 : info: [Frontend Service] Client disconnected and removed from session: session_1766329357006_z68tofc87
2025-12-21 20:35:20 : info: [Frontend Service] Client connected: tCWCvmyOpvUoqlC_AAAI
2025-12-21 20:35:20 : info: [Frontend Service] Client tCWCvmyOpvUoqlC_AAAI registered for session: session_1766329357006_z68tofc87
2025-12-21 20:36:53 : info: [Deepgram] Client initialized
2025-12-21 20:36:53 : info: [Frontend Service] Socket.IO server initialized
2025-12-21 20:36:53 : info: Server started
2025-12-21 20:36:53 : info: Socket.IO server ready for frontend connections
2025-12-21 20:36:53 : info: [Frontend Service] Client connected: IBUIuWI-20QUm_4RAAAB
2025-12-21 20:37:17 : info: [Deepgram] Client initialized
2025-12-21 20:37:18 : info: [Frontend Service] Socket.IO server initialized
2025-12-21 20:37:18 : info: Server started
2025-12-21 20:37:18 : info: Socket.IO server ready for frontend connections
2025-12-21 20:37:19 : info: [Frontend Service] Client connected: MOjmB4b0K4OVbt63AAAB
2025-12-21 20:38:47 : info: [Deepgram] Client initialized
2025-12-21 20:38:47 : info: [Frontend Service] Socket.IO server initialized
2025-12-21 20:38:47 : info: Server started
2025-12-21 20:38:47 : info: Socket.IO server ready for frontend connections
2025-12-21 20:38:47 : info: [Frontend Service] Client connected: jr5fsVgLbtxTPb9FAAAB
2025-12-21 20:38:57 : info: [Frontend Service] Unregistered client disconnected: jr5fsVgLbtxTPb9FAAAB
2025-12-21 20:39:22 : info: [Frontend Service] Client connected: hZ9oNamvji-bXSGjAAAE
2025-12-21 20:39:22 : info: [Frontend Service] Client hZ9oNamvji-bXSGjAAAE registered for session: session_1766328363413_fje0jl892
2025-12-21 20:39:22 : warn: [Frontend Service] Session session_1766328363413_fje0jl892 already has a client, disconnecting old client
2025-12-21 20:39:22 : info: [Frontend Service] Client disconnected and removed from session: session_1766328363413_fje0jl892
2025-12-21 20:39:22 : info: [Frontend Service] Client hZ9oNamvji-bXSGjAAAE registered for session: session_1766328363413_fje0jl892
2025-12-21 20:39:56 : info: [CONTROLLER] Video chunk - Session: session_1766329793592_4ir9t3dmg, Sequence: 0
2025-12-21 20:39:56 : info: [SERVICE] Created video stream for session: session_1766329793592_4ir9t3dmg
2025-12-21 20:39:56 : info: [SERVICE] Saving video chunk for session session_1766329793592_4ir9t3dmg
2025-12-21 20:39:56 : info: [SERVICE] Sequence: 0, Size: 247414 bytes
2025-12-21 20:39:56 : info: [SERVICE] Video bytes written: 247414
2025-12-21 20:39:57 : info: [CONTROLLER] Video chunk - Session: session_1766329793592_4ir9t3dmg, Sequence: 1
2025-12-21 20:39:57 : info: [SERVICE] Saving video chunk for session session_1766329793592_4ir9t3dmg
2025-12-21 20:39:57 : info: [SERVICE] Sequence: 1, Size: 198508 bytes
2025-12-21 20:39:57 : info: [SERVICE] Video bytes written: 445922
2025-12-21 20:39:57 : info: [CONTROLLER] Audio chunk - Session: session_1766329793592_4ir9t3dmg, Sequence: 0
2025-12-21 20:39:57 : info: [SERVICE] Created audio stream for session: session_1766329793592_4ir9t3dmg
2025-12-21 20:39:57 : info: [SERVICE] Saving audio chunk for session session_1766329793592_4ir9t3dmg
2025-12-21 20:39:57 : info: [SERVICE] Sequence: 0, Size: 32038 bytes
2025-12-21 20:39:57 : info: [SERVICE] Audio bytes written: 32038
2025-12-21 20:39:58 : info: [CONTROLLER] Video chunk - Session: session_1766329793592_4ir9t3dmg, Sequence: 2
2025-12-21 20:39:58 : info: [SERVICE] Saving video chunk for session session_1766329793592_4ir9t3dmg
2025-12-21 20:39:58 : info: [SERVICE] Sequence: 2, Size: 80765 bytes
2025-12-21 20:39:58 : info: [SERVICE] Video bytes written: 526687
2025-12-21 20:39:59 : info: [CONTROLLER] Video chunk - Session: session_1766329793592_4ir9t3dmg, Sequence: 3
2025-12-21 20:39:59 : info: [SERVICE] Saving video chunk for session session_1766329793592_4ir9t3dmg
2025-12-21 20:39:59 : info: [SERVICE] Sequence: 3, Size: 263701 bytes
2025-12-21 20:39:59 : info: [SERVICE] Video bytes written: 790388
2025-12-21 20:39:59 : info: [CONTROLLER] Audio chunk - Session: session_1766329793592_4ir9t3dmg, Sequence: 1
2025-12-21 20:39:59 : info: [SERVICE] Saving audio chunk for session session_1766329793592_4ir9t3dmg
2025-12-21 20:39:59 : info: [SERVICE] Sequence: 1, Size: 32844 bytes
2025-12-21 20:39:59 : info: [SERVICE] Audio bytes written: 64882
2025-12-21 20:40:01 : info: [CONTROLLER] Video chunk - Session: session_1766329793592_4ir9t3dmg, Sequence: 4
2025-12-21 20:40:01 : info: [SERVICE] Saving video chunk for session session_1766329793592_4ir9t3dmg
2025-12-21 20:40:01 : info: [SERVICE] Sequence: 4, Size: 18756 bytes
2025-12-21 20:40:01 : info: [SERVICE] Video bytes written: 809144
2025-12-21 20:40:02 : info: [CONTROLLER] Audio chunk - Session: session_1766329793592_4ir9t3dmg, Sequence: 2
2025-12-21 20:40:02 : info: [SERVICE] Saving audio chunk for session session_1766329793592_4ir9t3dmg
2025-12-21 20:40:02 : info: [SERVICE] Sequence: 2, Size: 32844 bytes
2025-12-21 20:40:02 : info: [SERVICE] Audio bytes written: 97726
2025-12-21 20:40:02 : info: [CONTROLLER] Video chunk - Session: session_1766329793592_4ir9t3dmg, Sequence: 5
2025-12-21 20:40:02 : info: [SERVICE] Saving video chunk for session session_1766329793592_4ir9t3dmg
2025-12-21 20:40:02 : info: [SERVICE] Sequence: 5, Size: 35572 bytes
2025-12-21 20:40:02 : info: [SERVICE] Video bytes written: 844716
2025-12-21 20:40:03 : info: [CONTROLLER] Video chunk - Session: session_1766329793592_4ir9t3dmg, Sequence: 6
2025-12-21 20:40:03 : info: [SERVICE] Saving video chunk for session session_1766329793592_4ir9t3dmg
2025-12-21 20:40:03 : info: [SERVICE] Sequence: 6, Size: 5244 bytes
2025-12-21 20:40:03 : info: [SERVICE] Video bytes written: 849960
2025-12-21 20:40:04 : info: [CONTROLLER] Audio chunk - Session: session_1766329793592_4ir9t3dmg, Sequence: 3
2025-12-21 20:40:04 : info: [SERVICE] Saving audio chunk for session session_1766329793592_4ir9t3dmg
2025-12-21 20:40:04 : info: [SERVICE] Sequence: 3, Size: 32844 bytes
2025-12-21 20:40:04 : info: [SERVICE] Audio bytes written: 130570
2025-12-21 20:40:04 : info: [CONTROLLER] Video chunk - Session: session_1766329793592_4ir9t3dmg, Sequence: 7
2025-12-21 20:40:04 : info: [SERVICE] Saving video chunk for session session_1766329793592_4ir9t3dmg
2025-12-21 20:40:04 : info: [SERVICE] Sequence: 7, Size: 80024 bytes
2025-12-21 20:40:04 : info: [SERVICE] Video bytes written: 929984
2025-12-21 20:40:05 : info: [CONTROLLER] Video chunk - Session: session_1766329793592_4ir9t3dmg, Sequence: 8
2025-12-21 20:40:05 : info: [SERVICE] Saving video chunk for session session_1766329793592_4ir9t3dmg
2025-12-21 20:40:05 : info: [SERVICE] Sequence: 8, Size: 246399 bytes
2025-12-21 20:40:05 : info: [SERVICE] Video bytes written: 1176383
2025-12-21 20:40:06 : info: [CONTROLLER] Audio chunk - Session: session_1766329793592_4ir9t3dmg, Sequence: 4
2025-12-21 20:40:06 : info: [SERVICE] Saving audio chunk for session session_1766329793592_4ir9t3dmg
2025-12-21 20:40:06 : info: [SERVICE] Sequence: 4, Size: 32844 bytes
2025-12-21 20:40:06 : info: [SERVICE] Audio bytes written: 163414
2025-12-21 20:40:06 : info: [CONTROLLER] Video chunk - Session: session_1766329793592_4ir9t3dmg, Sequence: 9
2025-12-21 20:40:06 : info: [SERVICE] Saving video chunk for session session_1766329793592_4ir9t3dmg
2025-12-21 20:40:06 : info: [SERVICE] Sequence: 9, Size: 57585 bytes
2025-12-21 20:40:06 : info: [SERVICE] Video bytes written: 1233968
2025-12-21 20:40:07 : info: [CONTROLLER] Video chunk - Session: session_1766329793592_4ir9t3dmg, Sequence: 10
2025-12-21 20:40:07 : info: [SERVICE] Saving video chunk for session session_1766329793592_4ir9t3dmg
2025-12-21 20:40:07 : info: [SERVICE] Sequence: 10, Size: 44957 bytes
2025-12-21 20:40:07 : info: [SERVICE] Video bytes written: 1278925
2025-12-21 20:40:08 : info: [CONTROLLER] Audio chunk - Session: session_1766329793592_4ir9t3dmg, Sequence: 5
2025-12-21 20:40:08 : info: [SERVICE] Saving audio chunk for session session_1766329793592_4ir9t3dmg
2025-12-21 20:40:08 : info: [SERVICE] Sequence: 5, Size: 32844 bytes
2025-12-21 20:40:08 : info: [SERVICE] Audio bytes written: 196258
2025-12-21 20:40:08 : info: [CONTROLLER] Video chunk - Session: session_1766329793592_4ir9t3dmg, Sequence: 11
2025-12-21 20:40:08 : info: [SERVICE] Saving video chunk for session session_1766329793592_4ir9t3dmg
2025-12-21 20:40:08 : info: [SERVICE] Sequence: 11, Size: 183974 bytes
2025-12-21 20:40:08 : info: [SERVICE] Video bytes written: 1462899
2025-12-21 20:40:09 : info: [CONTROLLER] Video chunk - Session: session_1766329793592_4ir9t3dmg, Sequence: 12
2025-12-21 20:40:09 : info: [SERVICE] Saving video chunk for session session_1766329793592_4ir9t3dmg
2025-12-21 20:40:09 : info: [SERVICE] Sequence: 12, Size: 287562 bytes
2025-12-21 20:40:09 : info: [SERVICE] Video bytes written: 1750461
2025-12-21 20:40:10 : info: [CONTROLLER] Audio chunk - Session: session_1766329793592_4ir9t3dmg, Sequence: 6
2025-12-21 20:40:10 : info: [SERVICE] Saving audio chunk for session session_1766329793592_4ir9t3dmg
2025-12-21 20:40:10 : info: [SERVICE] Sequence: 6, Size: 32844 bytes
2025-12-21 20:40:10 : info: [SERVICE] Audio bytes written: 229102
2025-12-21 20:40:10 : info: [CONTROLLER] Video chunk - Session: session_1766329793592_4ir9t3dmg, Sequence: 13
2025-12-21 20:40:10 : info: [SERVICE] Saving video chunk for session session_1766329793592_4ir9t3dmg
2025-12-21 20:40:10 : info: [SERVICE] Sequence: 13, Size: 98887 bytes
2025-12-21 20:40:10 : info: [SERVICE] Video bytes written: 1849348
2025-12-21 20:40:11 : info: [CONTROLLER] Video chunk - Session: session_1766329793592_4ir9t3dmg, Sequence: 14
2025-12-21 20:40:11 : info: [SERVICE] Saving video chunk for session session_1766329793592_4ir9t3dmg
2025-12-21 20:40:11 : info: [SERVICE] Sequence: 14, Size: 135005 bytes
2025-12-21 20:40:11 : info: [SERVICE] Video bytes written: 1984353
2025-12-21 20:40:12 : info: [CONTROLLER] Audio chunk - Session: session_1766329793592_4ir9t3dmg, Sequence: 7
2025-12-21 20:40:12 : info: [SERVICE] Saving audio chunk for session session_1766329793592_4ir9t3dmg
2025-12-21 20:40:12 : info: [SERVICE] Sequence: 7, Size: 32844 bytes
2025-12-21 20:40:12 : info: [SERVICE] Audio bytes written: 261946
2025-12-21 20:40:12 : info: [CONTROLLER] Video chunk - Session: session_1766329793592_4ir9t3dmg, Sequence: 15
2025-12-21 20:40:12 : info: [SERVICE] Saving video chunk for session session_1766329793592_4ir9t3dmg
2025-12-21 20:40:12 : info: [SERVICE] Sequence: 15, Size: 102014 bytes
2025-12-21 20:40:12 : info: [SERVICE] Video bytes written: 2086367
2025-12-21 20:40:13 : info: [CONTROLLER] Video chunk - Session: session_1766329793592_4ir9t3dmg, Sequence: 16
2025-12-21 20:40:13 : info: [SERVICE] Saving video chunk for session session_1766329793592_4ir9t3dmg
2025-12-21 20:40:13 : info: [SERVICE] Sequence: 16, Size: 296123 bytes
2025-12-21 20:40:13 : info: [SERVICE] Video bytes written: 2382490
2025-12-21 20:40:14 : info: [CONTROLLER] Audio chunk - Session: session_1766329793592_4ir9t3dmg, Sequence: 8
2025-12-21 20:40:14 : info: [SERVICE] Saving audio chunk for session session_1766329793592_4ir9t3dmg
2025-12-21 20:40:14 : info: [SERVICE] Sequence: 8, Size: 32844 bytes
2025-12-21 20:40:14 : info: [SERVICE] Audio bytes written: 294790
2025-12-21 20:40:14 : info: [CONTROLLER] Video chunk - Session: session_1766329793592_4ir9t3dmg, Sequence: 17
2025-12-21 20:40:14 : info: [SERVICE] Saving video chunk for session session_1766329793592_4ir9t3dmg
2025-12-21 20:40:14 : info: [SERVICE] Sequence: 17, Size: 64388 bytes
2025-12-21 20:40:14 : info: [SERVICE] Video bytes written: 2446878
2025-12-21 20:40:15 : info: [CONTROLLER] Video chunk - Session: session_1766329793592_4ir9t3dmg, Sequence: 18
2025-12-21 20:40:15 : info: [SERVICE] Saving video chunk for session session_1766329793592_4ir9t3dmg
2025-12-21 20:40:15 : info: [SERVICE] Sequence: 18, Size: 33632 bytes
2025-12-21 20:40:15 : info: [SERVICE] Video bytes written: 2480510
2025-12-21 20:40:16 : info: [CONTROLLER] Audio chunk - Session: session_1766329793592_4ir9t3dmg, Sequence: 9
2025-12-21 20:40:16 : info: [SERVICE] Saving audio chunk for session session_1766329793592_4ir9t3dmg
2025-12-21 20:40:16 : info: [SERVICE] Sequence: 9, Size: 32844 bytes
2025-12-21 20:40:16 : info: [SERVICE] Audio bytes written: 327634
2025-12-21 20:40:16 : info: [CONTROLLER] Video chunk - Session: session_1766329793592_4ir9t3dmg, Sequence: 19
2025-12-21 20:40:16 : info: [SERVICE] Saving video chunk for session session_1766329793592_4ir9t3dmg
2025-12-21 20:40:16 : info: [SERVICE] Sequence: 19, Size: 100233 bytes
2025-12-21 20:40:16 : info: [SERVICE] Video bytes written: 2580743
2025-12-21 20:40:17 : info: [CONTROLLER] Video chunk - Session: session_1766329793592_4ir9t3dmg, Sequence: 20
2025-12-21 20:40:17 : info: [SERVICE] Saving video chunk for session session_1766329793592_4ir9t3dmg
2025-12-21 20:40:17 : info: [SERVICE] Sequence: 20, Size: 275268 bytes
2025-12-21 20:40:17 : info: [SERVICE] Video bytes written: 2856011
2025-12-21 20:40:18 : info: [CONTROLLER] Audio chunk - Session: session_1766329793592_4ir9t3dmg, Sequence: 10
2025-12-21 20:40:18 : info: [SERVICE] Saving audio chunk for session session_1766329793592_4ir9t3dmg
2025-12-21 20:40:18 : info: [SERVICE] Sequence: 10, Size: 32844 bytes
2025-12-21 20:40:18 : info: [SERVICE] Audio bytes written: 360478
2025-12-21 20:40:18 : info: [CONTROLLER] Video chunk - Session: session_1766329793592_4ir9t3dmg, Sequence: 21
2025-12-21 20:40:18 : info: [SERVICE] Saving video chunk for session session_1766329793592_4ir9t3dmg
2025-12-21 20:40:18 : info: [SERVICE] Sequence: 21, Size: 181853 bytes
2025-12-21 20:40:18 : info: [SERVICE] Video bytes written: 3037864
2025-12-21 20:40:19 : info: [CONTROLLER] Video chunk - Session: session_1766329793592_4ir9t3dmg, Sequence: 22
2025-12-21 20:40:19 : info: [SERVICE] Saving video chunk for session session_1766329793592_4ir9t3dmg
2025-12-21 20:40:19 : info: [SERVICE] Sequence: 22, Size: 133773 bytes
2025-12-21 20:40:19 : info: [SERVICE] Video bytes written: 3171637
2025-12-21 20:40:20 : info: [CONTROLLER] Audio chunk - Session: session_1766329793592_4ir9t3dmg, Sequence: 11
2025-12-21 20:40:20 : info: [SERVICE] Saving audio chunk for session session_1766329793592_4ir9t3dmg
2025-12-21 20:40:20 : info: [SERVICE] Sequence: 11, Size: 32844 bytes
2025-12-21 20:40:20 : info: [SERVICE] Audio bytes written: 393322
2025-12-21 20:40:20 : info: [CONTROLLER] Video chunk - Session: session_1766329793592_4ir9t3dmg, Sequence: 23
2025-12-21 20:40:20 : info: [SERVICE] Saving video chunk for session session_1766329793592_4ir9t3dmg
2025-12-21 20:40:20 : info: [SERVICE] Sequence: 23, Size: 106924 bytes
2025-12-21 20:40:20 : info: [SERVICE] Video bytes written: 3278561
2025-12-21 20:40:21 : info: [CONTROLLER] Video chunk - Session: session_1766329793592_4ir9t3dmg, Sequence: 24
2025-12-21 20:40:21 : info: [SERVICE] Saving video chunk for session session_1766329793592_4ir9t3dmg
2025-12-21 20:40:21 : info: [SERVICE] Sequence: 24, Size: 287670 bytes
2025-12-21 20:40:21 : info: [SERVICE] Video bytes written: 3566231
2025-12-21 20:40:22 : info: [CONTROLLER] Audio chunk - Session: session_1766329793592_4ir9t3dmg, Sequence: 12
2025-12-21 20:40:22 : info: [SERVICE] Saving audio chunk for session session_1766329793592_4ir9t3dmg
2025-12-21 20:40:22 : info: [SERVICE] Sequence: 12, Size: 32844 bytes
2025-12-21 20:40:22 : info: [SERVICE] Audio bytes written: 426166
2025-12-21 20:40:22 : info: [CONTROLLER] Video chunk - Session: session_1766329793592_4ir9t3dmg, Sequence: 25
2025-12-21 20:40:22 : info: [SERVICE] Saving video chunk for session session_1766329793592_4ir9t3dmg
2025-12-21 20:40:22 : info: [SERVICE] Sequence: 25, Size: 105561 bytes
2025-12-21 20:40:22 : info: [SERVICE] Video bytes written: 3671792
2025-12-21 20:40:23 : info: [CONTROLLER] Video chunk - Session: session_1766329793592_4ir9t3dmg, Sequence: 26
2025-12-21 20:40:23 : info: [SERVICE] Saving video chunk for session session_1766329793592_4ir9t3dmg
2025-12-21 20:40:23 : info: [SERVICE] Sequence: 26, Size: 53851 bytes
2025-12-21 20:40:23 : info: [SERVICE] Video bytes written: 3725643
2025-12-21 20:40:24 : info: [CONTROLLER] Audio chunk - Session: session_1766329793592_4ir9t3dmg, Sequence: 13
2025-12-21 20:40:24 : info: [SERVICE] Saving audio chunk for session session_1766329793592_4ir9t3dmg
2025-12-21 20:40:24 : info: [SERVICE] Sequence: 13, Size: 32844 bytes
2025-12-21 20:40:24 : info: [SERVICE] Audio bytes written: 459010
2025-12-21 20:40:25 : info: [CONTROLLER] Video chunk - Session: session_1766329793592_4ir9t3dmg, Sequence: 27
2025-12-21 20:40:25 : info: [SERVICE] Saving video chunk for session session_1766329793592_4ir9t3dmg
2025-12-21 20:40:25 : info: [SERVICE] Sequence: 27, Size: 20879 bytes
2025-12-21 20:40:25 : info: [SERVICE] Video bytes written: 3746522
2025-12-21 20:40:26 : info: [CONTROLLER] Video chunk - Session: session_1766329793592_4ir9t3dmg, Sequence: 28
2025-12-21 20:40:26 : info: [SERVICE] Saving video chunk for session session_1766329793592_4ir9t3dmg
2025-12-21 20:40:26 : info: [SERVICE] Sequence: 28, Size: 235802 bytes
2025-12-21 20:40:26 : info: [SERVICE] Video bytes written: 3982324
2025-12-21 20:40:26 : info: [CONTROLLER] Audio chunk - Session: session_1766329793592_4ir9t3dmg, Sequence: 14
2025-12-21 20:40:26 : info: [SERVICE] Saving audio chunk for session session_1766329793592_4ir9t3dmg
2025-12-21 20:40:26 : info: [SERVICE] Sequence: 14, Size: 32860 bytes
2025-12-21 20:40:26 : info: [SERVICE] Audio bytes written: 491870
2025-12-21 20:40:27 : info: [CONTROLLER] Video chunk - Session: session_1766329793592_4ir9t3dmg, Sequence: 29
2025-12-21 20:40:27 : info: [SERVICE] Saving video chunk for session session_1766329793592_4ir9t3dmg
2025-12-21 20:40:27 : info: [SERVICE] Sequence: 29, Size: 35682 bytes
2025-12-21 20:40:27 : info: [SERVICE] Video bytes written: 4018006
2025-12-21 20:40:28 : info: [CONTROLLER] Video chunk - Session: session_1766329793592_4ir9t3dmg, Sequence: 30
2025-12-21 20:40:28 : info: [SERVICE] Saving video chunk for session session_1766329793592_4ir9t3dmg
2025-12-21 20:40:28 : info: [SERVICE] Sequence: 30, Size: 26468 bytes
2025-12-21 20:40:28 : info: [SERVICE] Video bytes written: 4044474
2025-12-21 20:40:28 : info: [CONTROLLER] Audio chunk - Session: session_1766329793592_4ir9t3dmg, Sequence: 15
2025-12-21 20:40:28 : info: [SERVICE] Saving audio chunk for session session_1766329793592_4ir9t3dmg
2025-12-21 20:40:28 : info: [SERVICE] Sequence: 15, Size: 32844 bytes
2025-12-21 20:40:28 : info: [SERVICE] Audio bytes written: 524714
2025-12-21 20:40:29 : info: [CONTROLLER] Video chunk - Session: session_1766329793592_4ir9t3dmg, Sequence: 31
2025-12-21 20:40:29 : info: [SERVICE] Saving video chunk for session session_1766329793592_4ir9t3dmg
2025-12-21 20:40:29 : info: [SERVICE] Sequence: 31, Size: 28589 bytes
2025-12-21 20:40:29 : info: [SERVICE] Video bytes written: 4073063
2025-12-21 20:40:30 : info: [CONTROLLER] Video chunk - Session: session_1766329793592_4ir9t3dmg, Sequence: 32
2025-12-21 20:40:30 : info: [SERVICE] Saving video chunk for session session_1766329793592_4ir9t3dmg
2025-12-21 20:40:30 : info: [SERVICE] Sequence: 32, Size: 216230 bytes
2025-12-21 20:40:30 : info: [SERVICE] Video bytes written: 4289293
2025-12-21 20:40:30 : info: [CONTROLLER] Audio chunk - Session: session_1766329793592_4ir9t3dmg, Sequence: 16
2025-12-21 20:40:30 : info: [SERVICE] Saving audio chunk for session session_1766329793592_4ir9t3dmg
2025-12-21 20:40:30 : info: [SERVICE] Sequence: 16, Size: 32844 bytes
2025-12-21 20:40:30 : info: [SERVICE] Audio bytes written: 557558
2025-12-21 20:40:31 : info: [CONTROLLER] Video chunk - Session: session_1766329793592_4ir9t3dmg, Sequence: 33
2025-12-21 20:40:31 : info: [SERVICE] Saving video chunk for session session_1766329793592_4ir9t3dmg
2025-12-21 20:40:31 : info: [SERVICE] Sequence: 33, Size: 31339 bytes
2025-12-21 20:40:31 : info: [SERVICE] Video bytes written: 4320632
2025-12-21 20:40:32 : info: [CONTROLLER] Video chunk - Session: session_1766329793592_4ir9t3dmg, Sequence: 34
2025-12-21 20:40:32 : info: [SERVICE] Saving video chunk for session session_1766329793592_4ir9t3dmg
2025-12-21 20:40:32 : info: [SERVICE] Sequence: 34, Size: 38311 bytes
2025-12-21 20:40:32 : info: [SERVICE] Video bytes written: 4358943
2025-12-21 20:40:32 : info: [CONTROLLER] Audio chunk - Session: session_1766329793592_4ir9t3dmg, Sequence: 17
2025-12-21 20:40:32 : info: [SERVICE] Saving audio chunk for session session_1766329793592_4ir9t3dmg
2025-12-21 20:40:32 : info: [SERVICE] Sequence: 17, Size: 32844 bytes
2025-12-21 20:40:32 : info: [SERVICE] Audio bytes written: 590402
2025-12-21 20:40:33 : info: [CONTROLLER] Video chunk - Session: session_1766329793592_4ir9t3dmg, Sequence: 35
2025-12-21 20:40:33 : info: [SERVICE] Saving video chunk for session session_1766329793592_4ir9t3dmg
2025-12-21 20:40:33 : info: [SERVICE] Sequence: 35, Size: 308225 bytes
2025-12-21 20:40:33 : info: [SERVICE] Video bytes written: 4667168
2025-12-21 20:40:34 : info: [CONTROLLER] Video chunk - Session: session_1766329793592_4ir9t3dmg, Sequence: 36
2025-12-21 20:40:34 : info: [SERVICE] Saving video chunk for session session_1766329793592_4ir9t3dmg
2025-12-21 20:40:34 : info: [SERVICE] Sequence: 36, Size: 93397 bytes
2025-12-21 20:40:34 : info: [SERVICE] Video bytes written: 4760565
2025-12-21 20:40:34 : info: [CONTROLLER] Audio chunk - Session: session_1766329793592_4ir9t3dmg, Sequence: 18
2025-12-21 20:40:34 : info: [SERVICE] Saving audio chunk for session session_1766329793592_4ir9t3dmg
2025-12-21 20:40:34 : info: [SERVICE] Sequence: 18, Size: 32844 bytes
2025-12-21 20:40:34 : info: [SERVICE] Audio bytes written: 623246
2025-12-21 20:40:35 : info: [CONTROLLER] Video chunk - Session: session_1766329793592_4ir9t3dmg, Sequence: 37
2025-12-21 20:40:35 : info: [SERVICE] Saving video chunk for session session_1766329793592_4ir9t3dmg
2025-12-21 20:40:35 : info: [SERVICE] Sequence: 37, Size: 144614 bytes
2025-12-21 20:40:35 : info: [SERVICE] Video bytes written: 4905179
2025-12-21 20:40:36 : info: [CONTROLLER] Video chunk - Session: session_1766329793592_4ir9t3dmg, Sequence: 38
2025-12-21 20:40:36 : info: [SERVICE] Saving video chunk for session session_1766329793592_4ir9t3dmg
2025-12-21 20:40:36 : info: [SERVICE] Sequence: 38, Size: 26793 bytes
2025-12-21 20:40:36 : info: [SERVICE] Video bytes written: 4931972
2025-12-21 20:40:36 : info: [CONTROLLER] Audio chunk - Session: session_1766329793592_4ir9t3dmg, Sequence: 19
2025-12-21 20:40:36 : info: [SERVICE] Saving audio chunk for session session_1766329793592_4ir9t3dmg
2025-12-21 20:40:36 : info: [SERVICE] Sequence: 19, Size: 32844 bytes
2025-12-21 20:40:36 : info: [SERVICE] Audio bytes written: 656090
2025-12-21 20:40:37 : info: [CONTROLLER] Video chunk - Session: session_1766329793592_4ir9t3dmg, Sequence: 39
2025-12-21 20:40:37 : info: [SERVICE] Saving video chunk for session session_1766329793592_4ir9t3dmg
2025-12-21 20:40:37 : info: [SERVICE] Sequence: 39, Size: 250192 bytes
2025-12-21 20:40:37 : info: [SERVICE] Video bytes written: 5182164
2025-12-21 20:40:38 : info: [CONTROLLER] Video chunk - Session: session_1766329793592_4ir9t3dmg, Sequence: 40
2025-12-21 20:40:38 : info: [SERVICE] Saving video chunk for session session_1766329793592_4ir9t3dmg
2025-12-21 20:40:38 : info: [SERVICE] Sequence: 40, Size: 57139 bytes
2025-12-21 20:40:38 : info: [SERVICE] Video bytes written: 5239303
2025-12-21 20:40:38 : info: [CONTROLLER] Audio chunk - Session: session_1766329793592_4ir9t3dmg, Sequence: 20
2025-12-21 20:40:38 : info: [SERVICE] Saving audio chunk for session session_1766329793592_4ir9t3dmg
2025-12-21 20:40:38 : info: [SERVICE] Sequence: 20, Size: 32844 bytes
2025-12-21 20:40:38 : info: [SERVICE] Audio bytes written: 688934
2025-12-21 20:40:40 : info: [CONTROLLER] Video chunk - Session: session_1766329793592_4ir9t3dmg, Sequence: 41
2025-12-21 20:40:40 : info: [SERVICE] Saving video chunk for session session_1766329793592_4ir9t3dmg
2025-12-21 20:40:40 : info: [SERVICE] Sequence: 41, Size: 21472 bytes
2025-12-21 20:40:40 : info: [SERVICE] Video bytes written: 5260775
2025-12-21 20:40:40 : info: [CONTROLLER] Audio chunk - Session: session_1766329793592_4ir9t3dmg, Sequence: 21
2025-12-21 20:40:40 : info: [SERVICE] Saving audio chunk for session session_1766329793592_4ir9t3dmg
2025-12-21 20:40:40 : info: [SERVICE] Sequence: 21, Size: 32844 bytes
2025-12-21 20:40:40 : info: [SERVICE] Audio bytes written: 721778
2025-12-21 20:40:41 : info: [CONTROLLER] Video chunk - Session: session_1766329793592_4ir9t3dmg, Sequence: 42
2025-12-21 20:40:41 : info: [SERVICE] Saving video chunk for session session_1766329793592_4ir9t3dmg
2025-12-21 20:40:41 : info: [SERVICE] Sequence: 42, Size: 1203 bytes
2025-12-21 20:40:41 : info: [SERVICE] Video bytes written: 5261978
2025-12-21 20:40:42 : info: [CONTROLLER] Video chunk - Session: session_1766329793592_4ir9t3dmg, Sequence: 43
2025-12-21 20:40:42 : info: [SERVICE] Saving video chunk for session session_1766329793592_4ir9t3dmg
2025-12-21 20:40:42 : info: [SERVICE] Sequence: 43, Size: 10114 bytes
2025-12-21 20:40:42 : info: [SERVICE] Video bytes written: 5272092
2025-12-21 20:40:42 : info: [CONTROLLER] Audio chunk - Session: session_1766329793592_4ir9t3dmg, Sequence: 22
2025-12-21 20:40:42 : info: [SERVICE] Saving audio chunk for session session_1766329793592_4ir9t3dmg
2025-12-21 20:40:42 : info: [SERVICE] Sequence: 22, Size: 32844 bytes
2025-12-21 20:40:42 : info: [SERVICE] Audio bytes written: 754622
2025-12-21 20:40:43 : info: [CONTROLLER] Video chunk - Session: session_1766329793592_4ir9t3dmg, Sequence: 44
2025-12-21 20:40:43 : info: [SERVICE] Saving video chunk for session session_1766329793592_4ir9t3dmg
2025-12-21 20:40:43 : info: [SERVICE] Sequence: 44, Size: 251748 bytes
2025-12-21 20:40:43 : info: [SERVICE] Video bytes written: 5523840
2025-12-21 20:40:44 : info: [CONTROLLER] Video chunk - Session: session_1766329793592_4ir9t3dmg, Sequence: 45
2025-12-21 20:40:44 : info: [SERVICE] Saving video chunk for session session_1766329793592_4ir9t3dmg
2025-12-21 20:40:44 : info: [SERVICE] Sequence: 45, Size: 21689 bytes
2025-12-21 20:40:44 : info: [SERVICE] Video bytes written: 5545529
2025-12-21 20:40:44 : info: [CONTROLLER] Audio chunk - Session: session_1766329793592_4ir9t3dmg, Sequence: 23
2025-12-21 20:40:44 : info: [SERVICE] Saving audio chunk for session session_1766329793592_4ir9t3dmg
2025-12-21 20:40:44 : info: [SERVICE] Sequence: 23, Size: 32844 bytes
2025-12-21 20:40:44 : info: [SERVICE] Audio bytes written: 787466
2025-12-21 20:40:45 : info: [SERVICE] Processing recording for session: session_1766329793592_4ir9t3dmg
2025-12-21 20:40:45 : info: [SERVICE] Active sessions: session_1766329793592_4ir9t3dmg
2025-12-21 20:40:45 : info: [SERVICE] Session exists in activeStreams: true
2025-12-21 20:40:45 : info: [SERVICE] Finalizing audio for session session_1766329793592_4ir9t3dmg
2025-12-21 20:40:45 : info: [SERVICE] Total chunks: 24
2025-12-21 20:40:45 : info: [SERVICE] Total bytes: 787466
2025-12-21 20:40:45 : info: [SERVICE] Audio stream closed: W:\GCU\Project\Clueso_clone_example\Clueso_Node_layer\src\uploads\audio_session_1766329793592_4ir9t3dmg.webm
2025-12-21 20:40:45 : info: [SERVICE] Finalizing video for session session_1766329793592_4ir9t3dmg
2025-12-21 20:40:45 : info: [SERVICE] Total chunks: 46
2025-12-21 20:40:45 : info: [SERVICE] Total bytes: 5545529
2025-12-21 20:40:45 : info: [SERVICE] Video stream closed: W:\GCU\Project\Clueso_clone_example\Clueso_Node_layer\src\uploads\video_session_1766329793592_4ir9t3dmg.webm
2025-12-21 20:40:45 : info: [SERVICE] finalAudioPath: W:\GCU\Project\Clueso_clone_example\Clueso_Node_layer\src\uploads\audio_session_1766329793592_4ir9t3dmg.webm
2025-12-21 20:40:45 : info: [SERVICE] finalVideoPath: W:\GCU\Project\Clueso_clone_example\Clueso_Node_layer\src\uploads\video_session_1766329793592_4ir9t3dmg.webm
2025-12-21 20:40:45 : info: [SERVICE] Session session_1766329793592_4ir9t3dmg statistics:
2025-12-21 20:40:45 : info: [SERVICE] Video chunks received: 46
2025-12-21 20:40:45 : info: [SERVICE] Audio chunks received: 24
2025-12-21 20:40:45 : info: [SERVICE] Video moved to: W:\GCU\Project\Clueso_clone_example\Clueso_Node_layer\src\recordings\recording_session_1766329793592_4ir9t3dmg_video.webm
2025-12-21 20:40:45 : info: [SERVICE] Audio moved to: W:\GCU\Project\Clueso_clone_example\Clueso_Node_layer\src\recordings\recording_session_1766329793592_4ir9t3dmg_audio.webm
2025-12-21 20:40:45 : info: [SERVICE] Recording saved: recording_session_1766329793592_4ir9t3dmg_1766329845347.json
2025-12-21 20:40:45 : info: [Recording Controller] Broadcasting video to frontend session: session_1766329793592_4ir9t3dmg
2025-12-21 20:40:45 : warn: [Frontend Service] No client connected for session: session_1766329793592_4ir9t3dmg. Buffering video.
2025-12-21 20:40:45 : info: [Frontend Service] Buffered video message for session: session_1766329793592_4ir9t3dmg. Queue size: 1
2025-12-21 20:40:45 : info: [Recording Controller] Processing audio file: W:\GCU\Project\Clueso_clone_example\Clueso_Node_layer\src\recordings\recording_session_1766329793592_4ir9t3dmg_audio.webm
2025-12-21 20:40:45 : info: [Deepgram] Transcribing file: W:\GCU\Project\Clueso_clone_example\Clueso_Node_layer\src\recordings\recording_session_1766329793592_4ir9t3dmg_audio.webm
2025-12-21 20:40:45 : info: [Deepgram] Building transcription options
2025-12-21 20:40:45 : info: [CONTROLLER] Video chunk - Session: session_1766329793592_4ir9t3dmg, Sequence: 46
2025-12-21 20:40:45 : info: [SERVICE] Created video stream for session: session_1766329793592_4ir9t3dmg
2025-12-21 20:40:45 : info: [SERVICE] Saving video chunk for session session_1766329793592_4ir9t3dmg
2025-12-21 20:40:45 : info: [SERVICE] Sequence: 46, Size: 10171 bytes
2025-12-21 20:40:45 : info: [SERVICE] Video bytes written: 10171
2025-12-21 20:40:46 : info: [CONTROLLER] Video chunk - Session: session_1766329793592_4ir9t3dmg, Sequence: 47
2025-12-21 20:40:46 : info: [SERVICE] Saving video chunk for session session_1766329793592_4ir9t3dmg
2025-12-21 20:40:46 : info: [SERVICE] Sequence: 47, Size: 32280 bytes
2025-12-21 20:40:46 : info: [SERVICE] Video bytes written: 42451
2025-12-21 20:40:46 : info: [CONTROLLER] Audio chunk - Session: session_1766329793592_4ir9t3dmg, Sequence: 24
2025-12-21 20:40:46 : info: [SERVICE] Created audio stream for session: session_1766329793592_4ir9t3dmg
2025-12-21 20:40:46 : info: [SERVICE] Saving audio chunk for session session_1766329793592_4ir9t3dmg
2025-12-21 20:40:46 : info: [SERVICE] Sequence: 24, Size: 32844 bytes
2025-12-21 20:40:46 : info: [SERVICE] Audio bytes written: 32844
2025-12-21 20:40:47 : info: [CONTROLLER] Video chunk - Session: session_1766329793592_4ir9t3dmg, Sequence: 48
2025-12-21 20:40:47 : info: [SERVICE] Saving video chunk for session session_1766329793592_4ir9t3dmg
2025-12-21 20:40:47 : info: [SERVICE] Sequence: 48, Size: 1655 bytes
2025-12-21 20:40:47 : info: [SERVICE] Video bytes written: 44106
2025-12-21 20:40:47 : info: [Deepgram] File transcription complete
2025-12-21 20:40:47 : info: [Deepgram] Formatting result
2025-12-21 20:40:47 : info: [Deepgram] Final timeline built with
2025-12-21 20:40:47 : info: [Recording Controller] Transcribed text from Deepgram:
2025-12-21 20:40:47 : info: [Recording Controller] Text: "So today, we will be looking at eleven apps. Here, you can convert text to speech, speech to text, or video transcribing, you can also do here. Uh, here, you will see the usage of the API key. If you are using the API key, you will see here the number of calls and what have not. And if you want to look at the API key which you have already created, you can simply click here. Like, it will show here, of course, copy API key. Or, uh, yeah, you can hear restrict set restriction for the API key. Otherwise, if it gets leak, then, uh, others may or may utilize this, which is not good."
2025-12-21 20:40:47 : info: [Recording Controller] Timeline segments: 14
2025-12-21 20:40:47 : info: [Recording Controller] Metadata: {"transaction_key":"deprecated","request_id":"212d58aa-2e28-45bc-8b05-f668f9ef0974","sha256":"6b6010efaf477ca15f17c5e78bb66a1988bf5f65b75d67737807ba4f4b7ddcd6","created":"2025-12-21T15:10:48.728Z","duration":48.9,"channels":1,"models":["1abfe86b-e047-4eed-858a-35e5625b41ee"],"model_info":{"1abfe86b-e047-4eed-858a-35e5625b41ee":{"name":"2-general-nova","version":"2024-01-06.5664","arch":"nova-2"}}}
2025-12-21 20:40:47 : warn: [Frontend Service] No client connected for session: session_1766329793592_4ir9t3dmg. Buffering audio.
2025-12-21 20:40:47 : info: [Frontend Service] Buffered audio message for session: session_1766329793592_4ir9t3dmg. Queue size: 2
2025-12-21 20:40:47 : info: [Frontend Service] Stored 20 DOM events for session: session_1766329793592_4ir9t3dmg
2025-12-21 20:40:47 : info: [Recording Controller] Stored 20 DOM events for potential fallback
2025-12-21 20:40:47 : info: [Python Controller] Processing with AI:
2025-12-21 20:40:47 : info: [Python Controller] - Text: "So today, we will be looking at eleven apps. Here, you can convert text to speech, speech to text, o..."
2025-12-21 20:40:47 : info: [Python Controller] - DOM Events: 20
2025-12-21 20:40:47 : info: [Python Controller] - Has Deepgram Response: true
2025-12-21 20:40:47 : info: [Python Controller] - Audio Path: W:\GCU\Project\Clueso_clone_example\Clueso_Node_layer\src\recordings\recording_session_1766329793592_4ir9t3dmg_audio.webm
2025-12-21 20:40:47 : info: [Python Controller] - Session ID: session_1766329793592_4ir9t3dmg
2025-12-21 20:40:47 : info: [Python Service] Sending text with 20 DOM events to Python layer
2025-12-21 20:40:48 : info: [CONTROLLER] Audio chunk - Session: session_1766329793592_4ir9t3dmg, Sequence: 25
2025-12-21 20:40:48 : info: [SERVICE] Saving audio chunk for session session_1766329793592_4ir9t3dmg
2025-12-21 20:40:48 : info: [SERVICE] Sequence: 25, Size: 32844 bytes
2025-12-21 20:40:48 : info: [SERVICE] Audio bytes written: 65688
2025-12-21 20:40:50 : error: [Python Service] Error response from Python layer: 500 - {"detail":"Processing failed: Script generation failed: 429 RESOURCE_EXHAUSTED. {'error': {'code': 429, 'message': 'You exceeded your current quota, please check your plan and billing details. For more information on this error, head to: https://ai.google.dev/gemini-api/docs/rate-limits. To monitor your current usage, head to: https://ai.dev/usage?tab=rate-limit. \\n* Quota exceeded for metric: generativelanguage.googleapis.com/generate_content_free_tier_input_token_count, limit: 250000, model: gemini-2.5-flash\\nPlease retry in 9.409430712s.', 'status': 'RESOURCE_EXHAUSTED', 'details': [{'@type': 'type.googleapis.com/google.rpc.Help', 'links': [{'description': 'Learn more about Gemini API quotas', 'url': 'https://ai.google.dev/gemini-api/docs/rate-limits'}]}, {'@type': 'type.googleapis.com/google.rpc.QuotaFailure', 'violations': [{'quotaMetric': 'generativelanguage.googleapis.com/generate_content_free_tier_input_token_count', 'quotaId': 'GenerateContentInputTokensPerModelPerMinute-FreeTier', 'quotaDimensions': {'location': 'global', 'model': 'gemini-2.5-flash'}, 'quotaValue': '250000'}]}, {'@type': 'type.googleapis.com/google.rpc.RetryInfo', 'retryDelay': '9s'}]}}"}
2025-12-21 20:40:50 : error: [Python Service] Error sending data to Python layer: Python layer returned error: 500 - {"detail":"Processing failed: Script generation failed: 429 RESOURCE_EXHAUSTED. {'error': {'code': 429, 'message': 'You exceeded your current quota, please check your plan and billing details. For more information on this error, head to: https://ai.google.dev/gemini-api/docs/rate-limits. To monitor your current usage, head to: https://ai.dev/usage?tab=rate-limit. \\n* Quota exceeded for metric: generativelanguage.googleapis.com/generate_content_free_tier_input_token_count, limit: 250000, model: gemini-2.5-flash\\nPlease retry in 9.409430712s.', 'status': 'RESOURCE_EXHAUSTED', 'details': [{'@type': 'type.googleapis.com/google.rpc.Help', 'links': [{'description': 'Learn more about Gemini API quotas', 'url': 'https://ai.google.dev/gemini-api/docs/rate-limits'}]}, {'@type': 'type.googleapis.com/google.rpc.QuotaFailure', 'violations': [{'quotaMetric': 'generativelanguage.googleapis.com/generate_content_free_tier_input_token_count', 'quotaId': 'GenerateContentInputTokensPerModelPerMinute-FreeTier', 'quotaDimensions': {'location': 'global', 'model': 'gemini-2.5-flash'}, 'quotaValue': '250000'}]}, {'@type': 'type.googleapis.com/google.rpc.RetryInfo', 'retryDelay': '9s'}]}}"}
2025-12-21 20:40:50 : error: [Python Controller] Error processing with AI: Error: Python layer returned error: 500 - {"detail":"Processing failed: Script generation failed: 429 RESOURCE_EXHAUSTED. {'error': {'code': 429, 'message': 'You exceeded your current quota, please check your plan and billing details. For more information on this error, head to: https://ai.google.dev/gemini-api/docs/rate-limits. To monitor your current usage, head to: https://ai.dev/usage?tab=rate-limit. \\n* Quota exceeded for metric: generativelanguage.googleapis.com/generate_content_free_tier_input_token_count, limit: 250000, model: gemini-2.5-flash\\nPlease retry in 9.409430712s.', 'status': 'RESOURCE_EXHAUSTED', 'details': [{'@type': 'type.googleapis.com/google.rpc.Help', 'links': [{'description': 'Learn more about Gemini API quotas', 'url': 'https://ai.google.dev/gemini-api/docs/rate-limits'}]}, {'@type': 'type.googleapis.com/google.rpc.QuotaFailure', 'violations': [{'quotaMetric': 'generativelanguage.googleapis.com/generate_content_free_tier_input_token_count', 'quotaId': 'GenerateContentInputTokensPerModelPerMinute-FreeTier', 'quotaDimensions': {'location': 'global', 'model': 'gemini-2.5-flash'}, 'quotaValue': '250000'}]}, {'@type': 'type.googleapis.com/google.rpc.RetryInfo', 'retryDelay': '9s'}]}}"}
2025-12-21 20:40:50 : warn: [Frontend Service] No client connected for session: session_1766329793592_4ir9t3dmg. Buffering instructions.
2025-12-21 20:40:50 : info: [Frontend Service] Buffered instructions message for session: session_1766329793592_4ir9t3dmg. Queue size: 3
2025-12-21 20:40:50 : warn: [Recording Controller] Python processing failed, triggering DOM events fallback
2025-12-21 20:40:50 : info: [Frontend Service] Using DOM events as fallback for session: session_1766329793592_4ir9t3dmg (20 events)
2025-12-21 20:40:50 : warn: [Frontend Service] No client connected for session: session_1766329793592_4ir9t3dmg. Buffering instructions.
2025-12-21 20:40:50 : info: [Frontend Service] Buffered instructions message for session: session_1766329793592_4ir9t3dmg. Queue size: 4
2025-12-21 20:40:50 : warn: [Frontend Service] No client connected for session: session_1766329793592_4ir9t3dmg. Buffering instructions.
2025-12-21 20:40:50 : info: [Frontend Service] Buffered instructions message for session: session_1766329793592_4ir9t3dmg. Queue size: 5
2025-12-21 20:40:50 : warn: [Frontend Service] No client connected for session: session_1766329793592_4ir9t3dmg. Buffering instructions.
2025-12-21 20:40:50 : info: [Frontend Service] Buffered instructions message for session: session_1766329793592_4ir9t3dmg. Queue size: 6
2025-12-21 20:40:50 : warn: [Frontend Service] No client connected for session: session_1766329793592_4ir9t3dmg. Buffering instructions.
2025-12-21 20:40:50 : info: [Frontend Service] Buffered instructions message for session: session_1766329793592_4ir9t3dmg. Queue size: 7
2025-12-21 20:40:50 : warn: [Frontend Service] No client connected for session: session_1766329793592_4ir9t3dmg. Buffering instructions.
2025-12-21 20:40:50 : info: [Frontend Service] Buffered instructions message for session: session_1766329793592_4ir9t3dmg. Queue size: 8
2025-12-21 20:40:50 : warn: [Frontend Service] No client connected for session: session_1766329793592_4ir9t3dmg. Buffering instructions.
2025-12-21 20:40:50 : info: [Frontend Service] Buffered instructions message for session: session_1766329793592_4ir9t3dmg. Queue size: 9
2025-12-21 20:40:50 : warn: [Frontend Service] No client connected for session: session_1766329793592_4ir9t3dmg. Buffering instructions.
2025-12-21 20:40:50 : info: [Frontend Service] Buffered instructions message for session: session_1766329793592_4ir9t3dmg. Queue size: 10
2025-12-21 20:40:50 : warn: [Frontend Service] No client connected for session: session_1766329793592_4ir9t3dmg. Buffering instructions.
2025-12-21 20:40:50 : info: [Frontend Service] Buffered instructions message for session: session_1766329793592_4ir9t3dmg. Queue size: 11
2025-12-21 20:40:50 : warn: [Frontend Service] No client connected for session: session_1766329793592_4ir9t3dmg. Buffering instructions.
2025-12-21 20:40:50 : info: [Frontend Service] Buffered instructions message for session: session_1766329793592_4ir9t3dmg. Queue size: 12
2025-12-21 20:40:50 : warn: [Frontend Service] No client connected for session: session_1766329793592_4ir9t3dmg. Buffering instructions.
2025-12-21 20:40:50 : info: [Frontend Service] Buffered instructions message for session: session_1766329793592_4ir9t3dmg. Queue size: 13
2025-12-21 20:40:50 : warn: [Frontend Service] No client connected for session: session_1766329793592_4ir9t3dmg. Buffering instructions.
2025-12-21 20:40:50 : info: [Frontend Service] Buffered instructions message for session: session_1766329793592_4ir9t3dmg. Queue size: 14
2025-12-21 20:40:50 : warn: [Frontend Service] No client connected for session: session_1766329793592_4ir9t3dmg. Buffering instructions.
2025-12-21 20:40:50 : info: [Frontend Service] Buffered instructions message for session: session_1766329793592_4ir9t3dmg. Queue size: 15
2025-12-21 20:40:50 : warn: [Frontend Service] No client connected for session: session_1766329793592_4ir9t3dmg. Buffering instructions.
2025-12-21 20:40:50 : info: [Frontend Service] Buffered instructions message for session: session_1766329793592_4ir9t3dmg. Queue size: 16
2025-12-21 20:40:50 : warn: [Frontend Service] No client connected for session: session_1766329793592_4ir9t3dmg. Buffering instructions.
2025-12-21 20:40:50 : info: [Frontend Service] Buffered instructions message for session: session_1766329793592_4ir9t3dmg. Queue size: 17
2025-12-21 20:40:50 : warn: [Frontend Service] No client connected for session: session_1766329793592_4ir9t3dmg. Buffering instructions.
2025-12-21 20:40:50 : info: [Frontend Service] Buffered instructions message for session: session_1766329793592_4ir9t3dmg. Queue size: 18
2025-12-21 20:40:50 : warn: [Frontend Service] No client connected for session: session_1766329793592_4ir9t3dmg. Buffering instructions.
2025-12-21 20:40:50 : info: [Frontend Service] Buffered instructions message for session: session_1766329793592_4ir9t3dmg. Queue size: 19
2025-12-21 20:40:50 : warn: [Frontend Service] No client connected for session: session_1766329793592_4ir9t3dmg. Buffering instructions.
2025-12-21 20:40:50 : info: [Frontend Service] Buffered instructions message for session: session_1766329793592_4ir9t3dmg. Queue size: 20
2025-12-21 20:40:50 : warn: [Frontend Service] No client connected for session: session_1766329793592_4ir9t3dmg. Buffering instructions.
2025-12-21 20:40:50 : info: [Frontend Service] Buffered instructions message for session: session_1766329793592_4ir9t3dmg. Queue size: 21
2025-12-21 20:40:50 : warn: [Frontend Service] No client connected for session: session_1766329793592_4ir9t3dmg. Buffering instructions.
2025-12-21 20:40:50 : info: [Frontend Service] Buffered instructions message for session: session_1766329793592_4ir9t3dmg. Queue size: 22
2025-12-21 20:40:50 : warn: [Frontend Service] No client connected for session: session_1766329793592_4ir9t3dmg. Buffering instructions.
2025-12-21 20:40:50 : info: [Frontend Service] Buffered instructions message for session: session_1766329793592_4ir9t3dmg. Queue size: 23
2025-12-21 20:40:50 : info: [Frontend Service] Client connected: M_K-wSDTIKd2l81wAAAG
2025-12-21 20:40:50 : info: [Frontend Service] Client M_K-wSDTIKd2l81wAAAG registered for session: session_1766329793592_4ir9t3dmg
2025-12-21 20:40:50 : info: [Frontend Service] Flushing 23 buffered messages for session: session_1766329793592_4ir9t3dmg
2025-12-21 20:40:50 : info: [Frontend Service] Sending buffered video to session: session_1766329793592_4ir9t3dmg
2025-12-21 20:40:50 : info: [Frontend Service] Sending buffered audio to session: session_1766329793592_4ir9t3dmg
2025-12-21 20:40:50 : info: [Frontend Service] Sending buffered instructions to session: session_1766329793592_4ir9t3dmg
2025-12-21 20:40:50 : info: [Frontend Service] Sending buffered instructions to session: session_1766329793592_4ir9t3dmg
2025-12-21 20:40:50 : info: [Frontend Service] Sending buffered instructions to session: session_1766329793592_4ir9t3dmg
2025-12-21 20:40:50 : info: [Frontend Service] Sending buffered instructions to session: session_1766329793592_4ir9t3dmg
2025-12-21 20:40:50 : info: [Frontend Service] Sending buffered instructions to session: session_1766329793592_4ir9t3dmg
2025-12-21 20:40:50 : info: [Frontend Service] Sending buffered instructions to session: session_1766329793592_4ir9t3dmg
2025-12-21 20:40:50 : info: [Frontend Service] Sending buffered instructions to session: session_1766329793592_4ir9t3dmg
2025-12-21 20:40:50 : info: [Frontend Service] Sending buffered instructions to session: session_1766329793592_4ir9t3dmg
2025-12-21 20:40:50 : info: [Frontend Service] Sending buffered instructions to session: session_1766329793592_4ir9t3dmg
2025-12-21 20:40:50 : info: [Frontend Service] Sending buffered instructions to session: session_1766329793592_4ir9t3dmg
2025-12-21 20:40:50 : info: [Frontend Service] Sending buffered instructions to session: session_1766329793592_4ir9t3dmg
2025-12-21 20:40:50 : info: [Frontend Service] Sending buffered instructions to session: session_1766329793592_4ir9t3dmg
2025-12-21 20:40:50 : info: [Frontend Service] Sending buffered instructions to session: session_1766329793592_4ir9t3dmg
2025-12-21 20:40:50 : info: [Frontend Service] Sending buffered instructions to session: session_1766329793592_4ir9t3dmg
2025-12-21 20:40:50 : info: [Frontend Service] Sending buffered instructions to session: session_1766329793592_4ir9t3dmg
2025-12-21 20:40:50 : info: [Frontend Service] Sending buffered instructions to session: session_1766329793592_4ir9t3dmg
2025-12-21 20:40:50 : info: [Frontend Service] Sending buffered instructions to session: session_1766329793592_4ir9t3dmg
2025-12-21 20:40:50 : info: [Frontend Service] Sending buffered instructions to session: session_1766329793592_4ir9t3dmg
2025-12-21 20:40:50 : info: [Frontend Service] Sending buffered instructions to session: session_1766329793592_4ir9t3dmg
2025-12-21 20:40:50 : info: [Frontend Service] Sending buffered instructions to session: session_1766329793592_4ir9t3dmg
2025-12-21 20:40:50 : info: [Frontend Service] Sending buffered instructions to session: session_1766329793592_4ir9t3dmg
2025-12-21 20:43:54 : info: [Frontend Service] Client disconnected and removed from session: session_1766329793592_4ir9t3dmg
2025-12-21 20:43:54 : info: [Frontend Service] Client connected: EfX3zpJ072b236pmAAAI
2025-12-21 20:43:54 : info: [Frontend Service] Client EfX3zpJ072b236pmAAAI registered for session: session_1766329793592_4ir9t3dmg
2025-12-21 20:44:04 : info: [Frontend Service] Client disconnected and removed from session: session_1766329793592_4ir9t3dmg
2025-12-21 20:44:21 : info: [Frontend Service] Client connected: apcwjhgqb640rc6jAAAL
2025-12-21 20:44:21 : warn: [Frontend Service] Session session_1766328363413_fje0jl892 already has a client, disconnecting old client
2025-12-21 20:44:21 : info: [Frontend Service] Client apcwjhgqb640rc6jAAAL registered for session: session_1766328363413_fje0jl892
2025-12-21 20:44:21 : warn: [Frontend Service] Session session_1766328363413_fje0jl892 already has a client, disconnecting old client
2025-12-21 20:44:21 : info: [Frontend Service] Client disconnected and removed from session: session_1766328363413_fje0jl892
2025-12-21 20:44:21 : info: [Frontend Service] Client apcwjhgqb640rc6jAAAL registered for session: session_1766328363413_fje0jl892
2025-12-21 20:45:09 : info: [CONTROLLER] Video chunk - Session: session_1766330105228_1x3ofkdzi, Sequence: 0
2025-12-21 20:45:09 : info: [SERVICE] Created video stream for session: session_1766330105228_1x3ofkdzi
2025-12-21 20:45:09 : info: [SERVICE] Saving video chunk for session session_1766330105228_1x3ofkdzi
2025-12-21 20:45:09 : info: [SERVICE] Sequence: 0, Size: 173951 bytes
2025-12-21 20:45:09 : info: [SERVICE] Video bytes written: 173951
2025-12-21 20:45:10 : info: [CONTROLLER] Audio chunk - Session: session_1766330105228_1x3ofkdzi, Sequence: 0
2025-12-21 20:45:10 : info: [SERVICE] Created audio stream for session: session_1766330105228_1x3ofkdzi
2025-12-21 20:45:10 : info: [SERVICE] Saving audio chunk for session session_1766330105228_1x3ofkdzi
2025-12-21 20:45:10 : info: [SERVICE] Sequence: 0, Size: 32038 bytes
2025-12-21 20:45:10 : info: [SERVICE] Audio bytes written: 32038
2025-12-21 20:45:10 : info: [CONTROLLER] Video chunk - Session: session_1766330105228_1x3ofkdzi, Sequence: 1
2025-12-21 20:45:10 : info: [SERVICE] Saving video chunk for session session_1766330105228_1x3ofkdzi
2025-12-21 20:45:10 : info: [SERVICE] Sequence: 1, Size: 104417 bytes
2025-12-21 20:45:10 : info: [SERVICE] Video bytes written: 278368
2025-12-21 20:45:11 : info: [CONTROLLER] Video chunk - Session: session_1766330105228_1x3ofkdzi, Sequence: 2
2025-12-21 20:45:11 : info: [SERVICE] Saving video chunk for session session_1766330105228_1x3ofkdzi
2025-12-21 20:45:11 : info: [SERVICE] Sequence: 2, Size: 67579 bytes
2025-12-21 20:45:11 : info: [SERVICE] Video bytes written: 345947
2025-12-21 20:45:12 : info: [CONTROLLER] Audio chunk - Session: session_1766330105228_1x3ofkdzi, Sequence: 1
2025-12-21 20:45:12 : info: [SERVICE] Saving audio chunk for session session_1766330105228_1x3ofkdzi
2025-12-21 20:45:12 : info: [SERVICE] Sequence: 1, Size: 32844 bytes
2025-12-21 20:45:12 : info: [SERVICE] Audio bytes written: 64882
2025-12-21 20:45:12 : info: [CONTROLLER] Video chunk - Session: session_1766330105228_1x3ofkdzi, Sequence: 3
2025-12-21 20:45:12 : info: [SERVICE] Saving video chunk for session session_1766330105228_1x3ofkdzi
2025-12-21 20:45:12 : info: [SERVICE] Sequence: 3, Size: 5806 bytes
2025-12-21 20:45:12 : info: [SERVICE] Video bytes written: 351753
2025-12-21 20:45:13 : info: [CONTROLLER] Video chunk - Session: session_1766330105228_1x3ofkdzi, Sequence: 4
2025-12-21 20:45:13 : info: [SERVICE] Saving video chunk for session session_1766330105228_1x3ofkdzi
2025-12-21 20:45:13 : info: [SERVICE] Sequence: 4, Size: 27814 bytes
2025-12-21 20:45:13 : info: [SERVICE] Video bytes written: 379567
2025-12-21 20:45:14 : info: [CONTROLLER] Audio chunk - Session: session_1766330105228_1x3ofkdzi, Sequence: 2
2025-12-21 20:45:14 : info: [SERVICE] Saving audio chunk for session session_1766330105228_1x3ofkdzi
2025-12-21 20:45:14 : info: [SERVICE] Sequence: 2, Size: 32844 bytes
2025-12-21 20:45:14 : info: [SERVICE] Audio bytes written: 97726
2025-12-21 20:45:14 : info: [CONTROLLER] Video chunk - Session: session_1766330105228_1x3ofkdzi, Sequence: 5
2025-12-21 20:45:14 : info: [SERVICE] Saving video chunk for session session_1766330105228_1x3ofkdzi
2025-12-21 20:45:14 : info: [SERVICE] Sequence: 5, Size: 218039 bytes
2025-12-21 20:45:14 : info: [SERVICE] Video bytes written: 597606
2025-12-21 20:45:16 : info: [CONTROLLER] Video chunk - Session: session_1766330105228_1x3ofkdzi, Sequence: 6
2025-12-21 20:45:16 : info: [SERVICE] Saving video chunk for session session_1766330105228_1x3ofkdzi
2025-12-21 20:45:16 : info: [SERVICE] Sequence: 6, Size: 16734 bytes
2025-12-21 20:45:16 : info: [SERVICE] Video bytes written: 614340
2025-12-21 20:45:16 : info: [CONTROLLER] Audio chunk - Session: session_1766330105228_1x3ofkdzi, Sequence: 3
2025-12-21 20:45:16 : info: [SERVICE] Saving audio chunk for session session_1766330105228_1x3ofkdzi
2025-12-21 20:45:16 : info: [SERVICE] Sequence: 3, Size: 32844 bytes
2025-12-21 20:45:16 : info: [SERVICE] Audio bytes written: 130570
2025-12-21 20:45:17 : info: [CONTROLLER] Video chunk - Session: session_1766330105228_1x3ofkdzi, Sequence: 7
2025-12-21 20:45:17 : info: [SERVICE] Saving video chunk for session session_1766330105228_1x3ofkdzi
2025-12-21 20:45:17 : info: [SERVICE] Sequence: 7, Size: 775 bytes
2025-12-21 20:45:17 : info: [SERVICE] Video bytes written: 615115
2025-12-21 20:45:18 : info: [CONTROLLER] Video chunk - Session: session_1766330105228_1x3ofkdzi, Sequence: 8
2025-12-21 20:45:18 : info: [SERVICE] Saving video chunk for session session_1766330105228_1x3ofkdzi
2025-12-21 20:45:18 : info: [SERVICE] Sequence: 8, Size: 921 bytes
2025-12-21 20:45:18 : info: [SERVICE] Video bytes written: 616036
2025-12-21 20:45:18 : info: [CONTROLLER] Audio chunk - Session: session_1766330105228_1x3ofkdzi, Sequence: 4
2025-12-21 20:45:18 : info: [SERVICE] Saving audio chunk for session session_1766330105228_1x3ofkdzi
2025-12-21 20:45:18 : info: [SERVICE] Sequence: 4, Size: 32844 bytes
2025-12-21 20:45:18 : info: [SERVICE] Audio bytes written: 163414
2025-12-21 20:45:19 : info: [CONTROLLER] Video chunk - Session: session_1766330105228_1x3ofkdzi, Sequence: 9
2025-12-21 20:45:19 : info: [SERVICE] Saving video chunk for session session_1766330105228_1x3ofkdzi
2025-12-21 20:45:19 : info: [SERVICE] Sequence: 9, Size: 14516 bytes
2025-12-21 20:45:19 : info: [SERVICE] Video bytes written: 630552
2025-12-21 20:45:20 : info: [CONTROLLER] Video chunk - Session: session_1766330105228_1x3ofkdzi, Sequence: 10
2025-12-21 20:45:20 : info: [SERVICE] Saving video chunk for session session_1766330105228_1x3ofkdzi
2025-12-21 20:45:20 : info: [SERVICE] Sequence: 10, Size: 58632 bytes
2025-12-21 20:45:20 : info: [SERVICE] Video bytes written: 689184
2025-12-21 20:45:20 : info: [CONTROLLER] Audio chunk - Session: session_1766330105228_1x3ofkdzi, Sequence: 5
2025-12-21 20:45:20 : info: [SERVICE] Saving audio chunk for session session_1766330105228_1x3ofkdzi
2025-12-21 20:45:20 : info: [SERVICE] Sequence: 5, Size: 32844 bytes
2025-12-21 20:45:20 : info: [SERVICE] Audio bytes written: 196258
2025-12-21 20:45:21 : info: [CONTROLLER] Video chunk - Session: session_1766330105228_1x3ofkdzi, Sequence: 11
2025-12-21 20:45:21 : info: [SERVICE] Saving video chunk for session session_1766330105228_1x3ofkdzi
2025-12-21 20:45:21 : info: [SERVICE] Sequence: 11, Size: 40154 bytes
2025-12-21 20:45:21 : info: [SERVICE] Video bytes written: 729338
2025-12-21 20:45:22 : info: [CONTROLLER] Audio chunk - Session: session_1766330105228_1x3ofkdzi, Sequence: 6
2025-12-21 20:45:22 : info: [SERVICE] Saving audio chunk for session session_1766330105228_1x3ofkdzi
2025-12-21 20:45:22 : info: [SERVICE] Sequence: 6, Size: 32844 bytes
2025-12-21 20:45:22 : info: [SERVICE] Audio bytes written: 229102
2025-12-21 20:45:23 : info: [CONTROLLER] Video chunk - Session: session_1766330105228_1x3ofkdzi, Sequence: 12
2025-12-21 20:45:23 : info: [SERVICE] Saving video chunk for session session_1766330105228_1x3ofkdzi
2025-12-21 20:45:23 : info: [SERVICE] Sequence: 12, Size: 93788 bytes
2025-12-21 20:45:23 : info: [SERVICE] Video bytes written: 823126
2025-12-21 20:45:24 : info: [CONTROLLER] Video chunk - Session: session_1766330105228_1x3ofkdzi, Sequence: 13
2025-12-21 20:45:24 : info: [SERVICE] Saving video chunk for session session_1766330105228_1x3ofkdzi
2025-12-21 20:45:24 : info: [SERVICE] Sequence: 13, Size: 143453 bytes
2025-12-21 20:45:24 : info: [SERVICE] Video bytes written: 966579
2025-12-21 20:45:24 : info: [CONTROLLER] Audio chunk - Session: session_1766330105228_1x3ofkdzi, Sequence: 7
2025-12-21 20:45:24 : info: [SERVICE] Saving audio chunk for session session_1766330105228_1x3ofkdzi
2025-12-21 20:45:24 : info: [SERVICE] Sequence: 7, Size: 32844 bytes
2025-12-21 20:45:24 : info: [SERVICE] Audio bytes written: 261946
2025-12-21 20:45:25 : info: [CONTROLLER] Video chunk - Session: session_1766330105228_1x3ofkdzi, Sequence: 14
2025-12-21 20:45:25 : info: [SERVICE] Saving video chunk for session session_1766330105228_1x3ofkdzi
2025-12-21 20:45:25 : info: [SERVICE] Sequence: 14, Size: 9288 bytes
2025-12-21 20:45:25 : info: [SERVICE] Video bytes written: 975867
2025-12-21 20:45:26 : info: [CONTROLLER] Video chunk - Session: session_1766330105228_1x3ofkdzi, Sequence: 15
2025-12-21 20:45:26 : info: [SERVICE] Saving video chunk for session session_1766330105228_1x3ofkdzi
2025-12-21 20:45:26 : info: [SERVICE] Sequence: 15, Size: 27368 bytes
2025-12-21 20:45:26 : info: [SERVICE] Video bytes written: 1003235
2025-12-21 20:45:26 : info: [CONTROLLER] Audio chunk - Session: session_1766330105228_1x3ofkdzi, Sequence: 8
2025-12-21 20:45:26 : info: [SERVICE] Saving audio chunk for session session_1766330105228_1x3ofkdzi
2025-12-21 20:45:26 : info: [SERVICE] Sequence: 8, Size: 32844 bytes
2025-12-21 20:45:26 : info: [SERVICE] Audio bytes written: 294790
2025-12-21 20:45:27 : info: [CONTROLLER] Video chunk - Session: session_1766330105228_1x3ofkdzi, Sequence: 16
2025-12-21 20:45:27 : info: [SERVICE] Saving video chunk for session session_1766330105228_1x3ofkdzi
2025-12-21 20:45:27 : info: [SERVICE] Sequence: 16, Size: 4243 bytes
2025-12-21 20:45:27 : info: [SERVICE] Video bytes written: 1007478
2025-12-21 20:45:28 : info: [CONTROLLER] Video chunk - Session: session_1766330105228_1x3ofkdzi, Sequence: 17
2025-12-21 20:45:28 : info: [SERVICE] Saving video chunk for session session_1766330105228_1x3ofkdzi
2025-12-21 20:45:28 : info: [SERVICE] Sequence: 17, Size: 44224 bytes
2025-12-21 20:45:28 : info: [SERVICE] Video bytes written: 1051702
2025-12-21 20:45:28 : info: [CONTROLLER] Audio chunk - Session: session_1766330105228_1x3ofkdzi, Sequence: 9
2025-12-21 20:45:28 : info: [SERVICE] Saving audio chunk for session session_1766330105228_1x3ofkdzi
2025-12-21 20:45:28 : info: [SERVICE] Sequence: 9, Size: 32844 bytes
2025-12-21 20:45:28 : info: [SERVICE] Audio bytes written: 327634
2025-12-21 20:45:29 : info: [CONTROLLER] Video chunk - Session: session_1766330105228_1x3ofkdzi, Sequence: 18
2025-12-21 20:45:29 : info: [SERVICE] Saving video chunk for session session_1766330105228_1x3ofkdzi
2025-12-21 20:45:29 : info: [SERVICE] Sequence: 18, Size: 61686 bytes
2025-12-21 20:45:29 : info: [SERVICE] Video bytes written: 1113388
2025-12-21 20:45:30 : info: [CONTROLLER] Video chunk - Session: session_1766330105228_1x3ofkdzi, Sequence: 19
2025-12-21 20:45:30 : info: [SERVICE] Saving video chunk for session session_1766330105228_1x3ofkdzi
2025-12-21 20:45:30 : info: [SERVICE] Sequence: 19, Size: 21171 bytes
2025-12-21 20:45:30 : info: [SERVICE] Video bytes written: 1134559
2025-12-21 20:45:30 : info: [CONTROLLER] Audio chunk - Session: session_1766330105228_1x3ofkdzi, Sequence: 10
2025-12-21 20:45:30 : info: [SERVICE] Saving audio chunk for session session_1766330105228_1x3ofkdzi
2025-12-21 20:45:30 : info: [SERVICE] Sequence: 10, Size: 32844 bytes
2025-12-21 20:45:30 : info: [SERVICE] Audio bytes written: 360478
2025-12-21 20:45:31 : info: [CONTROLLER] Video chunk - Session: session_1766330105228_1x3ofkdzi, Sequence: 20
2025-12-21 20:45:31 : info: [SERVICE] Saving video chunk for session session_1766330105228_1x3ofkdzi
2025-12-21 20:45:31 : info: [SERVICE] Sequence: 20, Size: 115870 bytes
2025-12-21 20:45:31 : info: [SERVICE] Video bytes written: 1250429
2025-12-21 20:45:32 : info: [CONTROLLER] Video chunk - Session: session_1766330105228_1x3ofkdzi, Sequence: 21
2025-12-21 20:45:32 : info: [SERVICE] Saving video chunk for session session_1766330105228_1x3ofkdzi
2025-12-21 20:45:32 : info: [SERVICE] Sequence: 21, Size: 250704 bytes
2025-12-21 20:45:32 : info: [SERVICE] Video bytes written: 1501133
2025-12-21 20:45:32 : info: [CONTROLLER] Audio chunk - Session: session_1766330105228_1x3ofkdzi, Sequence: 11
2025-12-21 20:45:32 : info: [SERVICE] Saving audio chunk for session session_1766330105228_1x3ofkdzi
2025-12-21 20:45:32 : info: [SERVICE] Sequence: 11, Size: 32844 bytes
2025-12-21 20:45:32 : info: [SERVICE] Audio bytes written: 393322
2025-12-21 20:45:33 : info: [CONTROLLER] Video chunk - Session: session_1766330105228_1x3ofkdzi, Sequence: 22
2025-12-21 20:45:33 : info: [SERVICE] Saving video chunk for session session_1766330105228_1x3ofkdzi
2025-12-21 20:45:33 : info: [SERVICE] Sequence: 22, Size: 158226 bytes
2025-12-21 20:45:33 : info: [SERVICE] Video bytes written: 1659359
2025-12-21 20:45:34 : info: [CONTROLLER] Video chunk - Session: session_1766330105228_1x3ofkdzi, Sequence: 23
2025-12-21 20:45:34 : info: [SERVICE] Saving video chunk for session session_1766330105228_1x3ofkdzi
2025-12-21 20:45:34 : info: [SERVICE] Sequence: 23, Size: 136173 bytes
2025-12-21 20:45:34 : info: [SERVICE] Video bytes written: 1795532
2025-12-21 20:45:34 : info: [CONTROLLER] Audio chunk - Session: session_1766330105228_1x3ofkdzi, Sequence: 12
2025-12-21 20:45:34 : info: [SERVICE] Saving audio chunk for session session_1766330105228_1x3ofkdzi
2025-12-21 20:45:34 : info: [SERVICE] Sequence: 12, Size: 32844 bytes
2025-12-21 20:45:34 : info: [SERVICE] Audio bytes written: 426166
2025-12-21 20:45:35 : info: [CONTROLLER] Video chunk - Session: session_1766330105228_1x3ofkdzi, Sequence: 24
2025-12-21 20:45:35 : info: [SERVICE] Saving video chunk for session session_1766330105228_1x3ofkdzi
2025-12-21 20:45:35 : info: [SERVICE] Sequence: 24, Size: 20889 bytes
2025-12-21 20:45:35 : info: [SERVICE] Video bytes written: 1816421
2025-12-21 20:45:36 : info: [CONTROLLER] Video chunk - Session: session_1766330105228_1x3ofkdzi, Sequence: 25
2025-12-21 20:45:36 : info: [SERVICE] Saving video chunk for session session_1766330105228_1x3ofkdzi
2025-12-21 20:45:36 : info: [SERVICE] Sequence: 25, Size: 133142 bytes
2025-12-21 20:45:36 : info: [SERVICE] Video bytes written: 1949563
2025-12-21 20:45:36 : info: [CONTROLLER] Audio chunk - Session: session_1766330105228_1x3ofkdzi, Sequence: 13
2025-12-21 20:45:36 : info: [SERVICE] Saving audio chunk for session session_1766330105228_1x3ofkdzi
2025-12-21 20:45:36 : info: [SERVICE] Sequence: 13, Size: 32844 bytes
2025-12-21 20:45:36 : info: [SERVICE] Audio bytes written: 459010
2025-12-21 20:45:37 : info: [CONTROLLER] Video chunk - Session: session_1766330105228_1x3ofkdzi, Sequence: 26
2025-12-21 20:45:37 : info: [SERVICE] Saving video chunk for session session_1766330105228_1x3ofkdzi
2025-12-21 20:45:37 : info: [SERVICE] Sequence: 26, Size: 317652 bytes
2025-12-21 20:45:37 : info: [SERVICE] Video bytes written: 2267215
2025-12-21 20:45:38 : info: [CONTROLLER] Video chunk - Session: session_1766330105228_1x3ofkdzi, Sequence: 27
2025-12-21 20:45:38 : info: [SERVICE] Saving video chunk for session session_1766330105228_1x3ofkdzi
2025-12-21 20:45:38 : info: [SERVICE] Sequence: 27, Size: 25332 bytes
2025-12-21 20:45:38 : info: [SERVICE] Video bytes written: 2292547
2025-12-21 20:45:38 : info: [CONTROLLER] Audio chunk - Session: session_1766330105228_1x3ofkdzi, Sequence: 14
2025-12-21 20:45:38 : info: [SERVICE] Saving audio chunk for session session_1766330105228_1x3ofkdzi
2025-12-21 20:45:38 : info: [SERVICE] Sequence: 14, Size: 32860 bytes
2025-12-21 20:45:38 : info: [SERVICE] Audio bytes written: 491870
2025-12-21 20:45:39 : info: [CONTROLLER] Video chunk - Session: session_1766330105228_1x3ofkdzi, Sequence: 28
2025-12-21 20:45:39 : info: [SERVICE] Saving video chunk for session session_1766330105228_1x3ofkdzi
2025-12-21 20:45:39 : info: [SERVICE] Sequence: 28, Size: 26436 bytes
2025-12-21 20:45:39 : info: [SERVICE] Video bytes written: 2318983
2025-12-21 20:45:40 : info: [CONTROLLER] Video chunk - Session: session_1766330105228_1x3ofkdzi, Sequence: 29
2025-12-21 20:45:40 : info: [SERVICE] Saving video chunk for session session_1766330105228_1x3ofkdzi
2025-12-21 20:45:40 : info: [SERVICE] Sequence: 29, Size: 22374 bytes
2025-12-21 20:45:40 : info: [SERVICE] Video bytes written: 2341357
2025-12-21 20:45:40 : info: [CONTROLLER] Audio chunk - Session: session_1766330105228_1x3ofkdzi, Sequence: 15
2025-12-21 20:45:40 : info: [SERVICE] Saving audio chunk for session session_1766330105228_1x3ofkdzi
2025-12-21 20:45:40 : info: [SERVICE] Sequence: 15, Size: 32844 bytes
2025-12-21 20:45:40 : info: [SERVICE] Audio bytes written: 524714
2025-12-21 20:45:41 : info: [CONTROLLER] Video chunk - Session: session_1766330105228_1x3ofkdzi, Sequence: 30
2025-12-21 20:45:41 : info: [SERVICE] Saving video chunk for session session_1766330105228_1x3ofkdzi
2025-12-21 20:45:41 : info: [SERVICE] Sequence: 30, Size: 193807 bytes
2025-12-21 20:45:41 : info: [SERVICE] Video bytes written: 2535164
2025-12-21 20:45:42 : info: [CONTROLLER] Video chunk - Session: session_1766330105228_1x3ofkdzi, Sequence: 31
2025-12-21 20:45:42 : info: [SERVICE] Saving video chunk for session session_1766330105228_1x3ofkdzi
2025-12-21 20:45:42 : info: [SERVICE] Sequence: 31, Size: 25214 bytes
2025-12-21 20:45:42 : info: [SERVICE] Video bytes written: 2560378
2025-12-21 20:45:42 : info: [CONTROLLER] Audio chunk - Session: session_1766330105228_1x3ofkdzi, Sequence: 16
2025-12-21 20:45:42 : info: [SERVICE] Saving audio chunk for session session_1766330105228_1x3ofkdzi
2025-12-21 20:45:42 : info: [SERVICE] Sequence: 16, Size: 32844 bytes
2025-12-21 20:45:42 : info: [SERVICE] Audio bytes written: 557558
2025-12-21 20:45:43 : info: [CONTROLLER] Video chunk - Session: session_1766330105228_1x3ofkdzi, Sequence: 32
2025-12-21 20:45:43 : info: [SERVICE] Saving video chunk for session session_1766330105228_1x3ofkdzi
2025-12-21 20:45:43 : info: [SERVICE] Sequence: 32, Size: 84973 bytes
2025-12-21 20:45:43 : info: [SERVICE] Video bytes written: 2645351
2025-12-21 20:45:44 : info: [CONTROLLER] Video chunk - Session: session_1766330105228_1x3ofkdzi, Sequence: 33
2025-12-21 20:45:44 : info: [SERVICE] Saving video chunk for session session_1766330105228_1x3ofkdzi
2025-12-21 20:45:44 : info: [SERVICE] Sequence: 33, Size: 16409 bytes
2025-12-21 20:45:44 : info: [SERVICE] Video bytes written: 2661760
2025-12-21 20:45:45 : info: [CONTROLLER] Audio chunk - Session: session_1766330105228_1x3ofkdzi, Sequence: 17
2025-12-21 20:45:45 : info: [SERVICE] Saving audio chunk for session session_1766330105228_1x3ofkdzi
2025-12-21 20:45:45 : info: [SERVICE] Sequence: 17, Size: 32844 bytes
2025-12-21 20:45:45 : info: [SERVICE] Audio bytes written: 590402
2025-12-21 20:45:45 : info: [CONTROLLER] Video chunk - Session: session_1766330105228_1x3ofkdzi, Sequence: 34
2025-12-21 20:45:45 : info: [SERVICE] Saving video chunk for session session_1766330105228_1x3ofkdzi
2025-12-21 20:45:45 : info: [SERVICE] Sequence: 34, Size: 21829 bytes
2025-12-21 20:45:45 : info: [SERVICE] Video bytes written: 2683589
2025-12-21 20:45:46 : info: [CONTROLLER] Video chunk - Session: session_1766330105228_1x3ofkdzi, Sequence: 35
2025-12-21 20:45:46 : info: [SERVICE] Saving video chunk for session session_1766330105228_1x3ofkdzi
2025-12-21 20:45:46 : info: [SERVICE] Sequence: 35, Size: 208657 bytes
2025-12-21 20:45:46 : info: [SERVICE] Video bytes written: 2892246
2025-12-21 20:45:47 : info: [CONTROLLER] Audio chunk - Session: session_1766330105228_1x3ofkdzi, Sequence: 18
2025-12-21 20:45:47 : info: [SERVICE] Saving audio chunk for session session_1766330105228_1x3ofkdzi
2025-12-21 20:45:47 : info: [SERVICE] Sequence: 18, Size: 32844 bytes
2025-12-21 20:45:47 : info: [SERVICE] Audio bytes written: 623246
2025-12-21 20:45:47 : info: [CONTROLLER] Video chunk - Session: session_1766330105228_1x3ofkdzi, Sequence: 36
2025-12-21 20:45:47 : info: [SERVICE] Saving video chunk for session session_1766330105228_1x3ofkdzi
2025-12-21 20:45:47 : info: [SERVICE] Sequence: 36, Size: 85789 bytes
2025-12-21 20:45:47 : info: [SERVICE] Video bytes written: 2978035
2025-12-21 20:45:49 : info: [CONTROLLER] Video chunk - Session: session_1766330105228_1x3ofkdzi, Sequence: 37
2025-12-21 20:45:49 : info: [SERVICE] Saving video chunk for session session_1766330105228_1x3ofkdzi
2025-12-21 20:45:49 : info: [SERVICE] Sequence: 37, Size: 21433 bytes
2025-12-21 20:45:49 : info: [SERVICE] Video bytes written: 2999468
2025-12-21 20:45:49 : info: [CONTROLLER] Audio chunk - Session: session_1766330105228_1x3ofkdzi, Sequence: 19
2025-12-21 20:45:49 : info: [SERVICE] Saving audio chunk for session session_1766330105228_1x3ofkdzi
2025-12-21 20:45:49 : info: [SERVICE] Sequence: 19, Size: 32844 bytes
2025-12-21 20:45:49 : info: [SERVICE] Audio bytes written: 656090
2025-12-21 20:45:50 : info: [CONTROLLER] Video chunk - Session: session_1766330105228_1x3ofkdzi, Sequence: 38
2025-12-21 20:45:50 : info: [SERVICE] Saving video chunk for session session_1766330105228_1x3ofkdzi
2025-12-21 20:45:50 : info: [SERVICE] Sequence: 38, Size: 35541 bytes
2025-12-21 20:45:50 : info: [SERVICE] Video bytes written: 3035009
2025-12-21 20:45:51 : info: [CONTROLLER] Video chunk - Session: session_1766330105228_1x3ofkdzi, Sequence: 39
2025-12-21 20:45:51 : info: [SERVICE] Saving video chunk for session session_1766330105228_1x3ofkdzi
2025-12-21 20:45:51 : info: [SERVICE] Sequence: 39, Size: 21756 bytes
2025-12-21 20:45:51 : info: [SERVICE] Video bytes written: 3056765
2025-12-21 20:45:51 : info: [CONTROLLER] Audio chunk - Session: session_1766330105228_1x3ofkdzi, Sequence: 20
2025-12-21 20:45:51 : info: [SERVICE] Saving audio chunk for session session_1766330105228_1x3ofkdzi
2025-12-21 20:45:51 : info: [SERVICE] Sequence: 20, Size: 32844 bytes
2025-12-21 20:45:51 : info: [SERVICE] Audio bytes written: 688934
2025-12-21 20:45:52 : info: [CONTROLLER] Video chunk - Session: session_1766330105228_1x3ofkdzi, Sequence: 40
2025-12-21 20:45:52 : info: [SERVICE] Saving video chunk for session session_1766330105228_1x3ofkdzi
2025-12-21 20:45:52 : info: [SERVICE] Sequence: 40, Size: 197179 bytes
2025-12-21 20:45:52 : info: [SERVICE] Video bytes written: 3253944
2025-12-21 20:45:53 : info: [CONTROLLER] Video chunk - Session: session_1766330105228_1x3ofkdzi, Sequence: 41
2025-12-21 20:45:53 : info: [SERVICE] Saving video chunk for session session_1766330105228_1x3ofkdzi
2025-12-21 20:45:53 : info: [SERVICE] Sequence: 41, Size: 16586 bytes
2025-12-21 20:45:53 : info: [SERVICE] Video bytes written: 3270530
2025-12-21 20:45:53 : info: [CONTROLLER] Audio chunk - Session: session_1766330105228_1x3ofkdzi, Sequence: 21
2025-12-21 20:45:53 : info: [SERVICE] Saving audio chunk for session session_1766330105228_1x3ofkdzi
2025-12-21 20:45:53 : info: [SERVICE] Sequence: 21, Size: 32844 bytes
2025-12-21 20:45:53 : info: [SERVICE] Audio bytes written: 721778
2025-12-21 20:45:54 : info: [CONTROLLER] Video chunk - Session: session_1766330105228_1x3ofkdzi, Sequence: 42
2025-12-21 20:45:54 : info: [SERVICE] Saving video chunk for session session_1766330105228_1x3ofkdzi
2025-12-21 20:45:54 : info: [SERVICE] Sequence: 42, Size: 84049 bytes
2025-12-21 20:45:54 : info: [SERVICE] Video bytes written: 3354579
2025-12-21 20:45:55 : info: [CONTROLLER] Video chunk - Session: session_1766330105228_1x3ofkdzi, Sequence: 43
2025-12-21 20:45:55 : info: [SERVICE] Saving video chunk for session session_1766330105228_1x3ofkdzi
2025-12-21 20:45:55 : info: [SERVICE] Sequence: 43, Size: 72371 bytes
2025-12-21 20:45:55 : info: [SERVICE] Video bytes written: 3426950
2025-12-21 20:45:55 : info: [CONTROLLER] Audio chunk - Session: session_1766330105228_1x3ofkdzi, Sequence: 22
2025-12-21 20:45:55 : info: [SERVICE] Saving audio chunk for session session_1766330105228_1x3ofkdzi
2025-12-21 20:45:55 : info: [SERVICE] Sequence: 22, Size: 32844 bytes
2025-12-21 20:45:55 : info: [SERVICE] Audio bytes written: 754622
2025-12-21 20:45:55 : info: [SERVICE] Processing recording for session: session_1766330105228_1x3ofkdzi
2025-12-21 20:45:55 : info: [SERVICE] Active sessions: session_1766329793592_4ir9t3dmg, session_1766330105228_1x3ofkdzi
2025-12-21 20:45:55 : info: [SERVICE] Session exists in activeStreams: true
2025-12-21 20:45:55 : info: [SERVICE] Finalizing audio for session session_1766330105228_1x3ofkdzi
2025-12-21 20:45:55 : info: [SERVICE] Total chunks: 23
2025-12-21 20:45:55 : info: [SERVICE] Total bytes: 754622
2025-12-21 20:45:55 : info: [SERVICE] Audio stream closed: W:\GCU\Project\Clueso_clone_example\Clueso_Node_layer\src\uploads\audio_session_1766330105228_1x3ofkdzi.webm
2025-12-21 20:45:55 : info: [SERVICE] Finalizing video for session session_1766330105228_1x3ofkdzi
2025-12-21 20:45:55 : info: [SERVICE] Total chunks: 44
2025-12-21 20:45:55 : info: [SERVICE] Total bytes: 3426950
2025-12-21 20:45:55 : info: [SERVICE] Video stream closed: W:\GCU\Project\Clueso_clone_example\Clueso_Node_layer\src\uploads\video_session_1766330105228_1x3ofkdzi.webm
2025-12-21 20:45:55 : info: [SERVICE] finalAudioPath: W:\GCU\Project\Clueso_clone_example\Clueso_Node_layer\src\uploads\audio_session_1766330105228_1x3ofkdzi.webm
2025-12-21 20:45:55 : info: [SERVICE] finalVideoPath: W:\GCU\Project\Clueso_clone_example\Clueso_Node_layer\src\uploads\video_session_1766330105228_1x3ofkdzi.webm
2025-12-21 20:45:55 : info: [SERVICE] Session session_1766330105228_1x3ofkdzi statistics:
2025-12-21 20:45:55 : info: [SERVICE] Video chunks received: 44
2025-12-21 20:45:55 : info: [SERVICE] Audio chunks received: 23
2025-12-21 20:45:55 : info: [SERVICE] Video moved to: W:\GCU\Project\Clueso_clone_example\Clueso_Node_layer\src\recordings\recording_session_1766330105228_1x3ofkdzi_video.webm
2025-12-21 20:45:55 : info: [SERVICE] Audio moved to: W:\GCU\Project\Clueso_clone_example\Clueso_Node_layer\src\recordings\recording_session_1766330105228_1x3ofkdzi_audio.webm
2025-12-21 20:45:55 : info: [SERVICE] Recording saved: recording_session_1766330105228_1x3ofkdzi_1766330155311.json
2025-12-21 20:45:55 : info: [Recording Controller] Broadcasting video to frontend session: session_1766330105228_1x3ofkdzi
2025-12-21 20:45:55 : warn: [Frontend Service] No client connected for session: session_1766330105228_1x3ofkdzi. Buffering video.
2025-12-21 20:45:55 : info: [Frontend Service] Buffered video message for session: session_1766330105228_1x3ofkdzi. Queue size: 1
2025-12-21 20:45:55 : info: [Recording Controller] Processing audio file: W:\GCU\Project\Clueso_clone_example\Clueso_Node_layer\src\recordings\recording_session_1766330105228_1x3ofkdzi_audio.webm
2025-12-21 20:45:55 : info: [Deepgram] Transcribing file: W:\GCU\Project\Clueso_clone_example\Clueso_Node_layer\src\recordings\recording_session_1766330105228_1x3ofkdzi_audio.webm
2025-12-21 20:45:55 : info: [Deepgram] Building transcription options
2025-12-21 20:45:55 : info: [CONTROLLER] Video chunk - Session: session_1766330105228_1x3ofkdzi, Sequence: 44
2025-12-21 20:45:55 : info: [SERVICE] Created video stream for session: session_1766330105228_1x3ofkdzi
2025-12-21 20:45:55 : info: [SERVICE] Saving video chunk for session session_1766330105228_1x3ofkdzi
2025-12-21 20:45:55 : info: [SERVICE] Sequence: 44, Size: 31202 bytes
2025-12-21 20:45:55 : info: [SERVICE] Video bytes written: 31202
2025-12-21 20:45:57 : info: [CONTROLLER] Audio chunk - Session: session_1766330105228_1x3ofkdzi, Sequence: 23
2025-12-21 20:45:57 : info: [SERVICE] Created audio stream for session: session_1766330105228_1x3ofkdzi
2025-12-21 20:45:57 : info: [SERVICE] Saving audio chunk for session session_1766330105228_1x3ofkdzi
2025-12-21 20:45:57 : info: [SERVICE] Sequence: 23, Size: 32844 bytes
2025-12-21 20:45:57 : info: [SERVICE] Audio bytes written: 32844
2025-12-21 20:45:57 : info: [Deepgram] File transcription complete
2025-12-21 20:45:57 : info: [Deepgram] Formatting result
2025-12-21 20:45:57 : info: [Deepgram] Final timeline built with
2025-12-21 20:45:57 : info: [Recording Controller] Transcribed text from Deepgram:
2025-12-21 20:45:57 : info: [Recording Controller] Text: "So today, we will be talking about, uh, eleven apps. Not apps. Eleven labs. Okay. It's eleven labs. So here, uh, we can use video transcribing, text to speech, speech to text, and, uh, you can utilize its various agents. And for developers, if you want to use it in your, uh, projects, can create, uh, API keys. And here, you can set restrictions. As you are seeing, I don't have any restrictions on my API key for this project. And here, you can copy API key if you forget API key."
2025-12-21 20:45:57 : info: [Recording Controller] Timeline segments: 17
2025-12-21 20:45:57 : info: [Recording Controller] Metadata: {"transaction_key":"deprecated","request_id":"ba340254-fb41-495c-9cf8-74a0977b20d2","sha256":"a81eeecfb8a342d43f634952786ac8b81c0d9429149917e8e88a3b8592a0ee02","created":"2025-12-21T15:15:58.739Z","duration":46.86,"channels":1,"models":["1abfe86b-e047-4eed-858a-35e5625b41ee"],"model_info":{"1abfe86b-e047-4eed-858a-35e5625b41ee":{"name":"2-general-nova","version":"2024-01-06.5664","arch":"nova-2"}}}
2025-12-21 20:45:57 : warn: [Frontend Service] No client connected for session: session_1766330105228_1x3ofkdzi. Buffering audio.
2025-12-21 20:45:57 : info: [Frontend Service] Buffered audio message for session: session_1766330105228_1x3ofkdzi. Queue size: 2
2025-12-21 20:45:57 : info: [Frontend Service] Stored 9 DOM events for session: session_1766330105228_1x3ofkdzi
2025-12-21 20:45:57 : info: [Recording Controller] Stored 9 DOM events for potential fallback
2025-12-21 20:45:57 : info: [Python Controller] Processing with AI:
2025-12-21 20:45:57 : info: [Python Controller] - Text: "So today, we will be talking about, uh, eleven apps. Not apps. Eleven labs. Okay. It's eleven labs. ..."
2025-12-21 20:45:57 : info: [Python Controller] - DOM Events: 9
2025-12-21 20:45:57 : info: [Python Controller] - Has Deepgram Response: true
2025-12-21 20:45:57 : info: [Python Controller] - Audio Path: W:\GCU\Project\Clueso_clone_example\Clueso_Node_layer\src\recordings\recording_session_1766330105228_1x3ofkdzi_audio.webm
2025-12-21 20:45:57 : info: [Python Controller] - Session ID: session_1766330105228_1x3ofkdzi
2025-12-21 20:45:57 : info: [Python Service] Sending text with 9 DOM events to Python layer
2025-12-21 20:45:59 : error: [Python Service] Error response from Python layer: 500 - {"detail":"Processing failed: Script generation failed: 429 RESOURCE_EXHAUSTED. {'error': {'code': 429, 'message': 'You exceeded your current quota, please check your plan and billing details. For more information on this error, head to: https://ai.google.dev/gemini-api/docs/rate-limits. To monitor your current usage, head to: https://ai.dev/usage?tab=rate-limit. \\n* Quota exceeded for metric: generativelanguage.googleapis.com/generate_content_free_tier_input_token_count, limit: 250000, model: gemini-2.5-flash\\nPlease retry in 308.760298ms.', 'status': 'RESOURCE_EXHAUSTED', 'details': [{'@type': 'type.googleapis.com/google.rpc.Help', 'links': [{'description': 'Learn more about Gemini API quotas', 'url': 'https://ai.google.dev/gemini-api/docs/rate-limits'}]}, {'@type': 'type.googleapis.com/google.rpc.QuotaFailure', 'violations': [{'quotaMetric': 'generativelanguage.googleapis.com/generate_content_free_tier_input_token_count', 'quotaId': 'GenerateContentInputTokensPerModelPerMinute-FreeTier', 'quotaDimensions': {'location': 'global', 'model': 'gemini-2.5-flash'}, 'quotaValue': '250000'}]}, {'@type': 'type.googleapis.com/google.rpc.RetryInfo', 'retryDelay': '0s'}]}}"}
2025-12-21 20:45:59 : error: [Python Service] Error sending data to Python layer: Python layer returned error: 500 - {"detail":"Processing failed: Script generation failed: 429 RESOURCE_EXHAUSTED. {'error': {'code': 429, 'message': 'You exceeded your current quota, please check your plan and billing details. For more information on this error, head to: https://ai.google.dev/gemini-api/docs/rate-limits. To monitor your current usage, head to: https://ai.dev/usage?tab=rate-limit. \\n* Quota exceeded for metric: generativelanguage.googleapis.com/generate_content_free_tier_input_token_count, limit: 250000, model: gemini-2.5-flash\\nPlease retry in 308.760298ms.', 'status': 'RESOURCE_EXHAUSTED', 'details': [{'@type': 'type.googleapis.com/google.rpc.Help', 'links': [{'description': 'Learn more about Gemini API quotas', 'url': 'https://ai.google.dev/gemini-api/docs/rate-limits'}]}, {'@type': 'type.googleapis.com/google.rpc.QuotaFailure', 'violations': [{'quotaMetric': 'generativelanguage.googleapis.com/generate_content_free_tier_input_token_count', 'quotaId': 'GenerateContentInputTokensPerModelPerMinute-FreeTier', 'quotaDimensions': {'location': 'global', 'model': 'gemini-2.5-flash'}, 'quotaValue': '250000'}]}, {'@type': 'type.googleapis.com/google.rpc.RetryInfo', 'retryDelay': '0s'}]}}"}
2025-12-21 20:45:59 : error: [Python Controller] Error processing with AI: Error: Python layer returned error: 500 - {"detail":"Processing failed: Script generation failed: 429 RESOURCE_EXHAUSTED. {'error': {'code': 429, 'message': 'You exceeded your current quota, please check your plan and billing details. For more information on this error, head to: https://ai.google.dev/gemini-api/docs/rate-limits. To monitor your current usage, head to: https://ai.dev/usage?tab=rate-limit. \\n* Quota exceeded for metric: generativelanguage.googleapis.com/generate_content_free_tier_input_token_count, limit: 250000, model: gemini-2.5-flash\\nPlease retry in 308.760298ms.', 'status': 'RESOURCE_EXHAUSTED', 'details': [{'@type': 'type.googleapis.com/google.rpc.Help', 'links': [{'description': 'Learn more about Gemini API quotas', 'url': 'https://ai.google.dev/gemini-api/docs/rate-limits'}]}, {'@type': 'type.googleapis.com/google.rpc.QuotaFailure', 'violations': [{'quotaMetric': 'generativelanguage.googleapis.com/generate_content_free_tier_input_token_count', 'quotaId': 'GenerateContentInputTokensPerModelPerMinute-FreeTier', 'quotaDimensions': {'location': 'global', 'model': 'gemini-2.5-flash'}, 'quotaValue': '250000'}]}, {'@type': 'type.googleapis.com/google.rpc.RetryInfo', 'retryDelay': '0s'}]}}"}
2025-12-21 20:45:59 : warn: [Frontend Service] No client connected for session: session_1766330105228_1x3ofkdzi. Buffering instructions.
2025-12-21 20:45:59 : info: [Frontend Service] Buffered instructions message for session: session_1766330105228_1x3ofkdzi. Queue size: 3
2025-12-21 20:45:59 : warn: [Recording Controller] Python processing failed, triggering DOM events fallback
2025-12-21 20:45:59 : info: [Frontend Service] Using DOM events as fallback for session: session_1766330105228_1x3ofkdzi (9 events)
2025-12-21 20:45:59 : warn: [Frontend Service] No client connected for session: session_1766330105228_1x3ofkdzi. Buffering instructions.
2025-12-21 20:45:59 : info: [Frontend Service] Buffered instructions message for session: session_1766330105228_1x3ofkdzi. Queue size: 4
2025-12-21 20:45:59 : warn: [Frontend Service] No client connected for session: session_1766330105228_1x3ofkdzi. Buffering instructions.
2025-12-21 20:45:59 : info: [Frontend Service] Buffered instructions message for session: session_1766330105228_1x3ofkdzi. Queue size: 5
2025-12-21 20:45:59 : warn: [Frontend Service] No client connected for session: session_1766330105228_1x3ofkdzi. Buffering instructions.
2025-12-21 20:45:59 : info: [Frontend Service] Buffered instructions message for session: session_1766330105228_1x3ofkdzi. Queue size: 6
2025-12-21 20:45:59 : warn: [Frontend Service] No client connected for session: session_1766330105228_1x3ofkdzi. Buffering instructions.
2025-12-21 20:45:59 : info: [Frontend Service] Buffered instructions message for session: session_1766330105228_1x3ofkdzi. Queue size: 7
2025-12-21 20:45:59 : warn: [Frontend Service] No client connected for session: session_1766330105228_1x3ofkdzi. Buffering instructions.
2025-12-21 20:45:59 : info: [Frontend Service] Buffered instructions message for session: session_1766330105228_1x3ofkdzi. Queue size: 8
2025-12-21 20:45:59 : warn: [Frontend Service] No client connected for session: session_1766330105228_1x3ofkdzi. Buffering instructions.
2025-12-21 20:45:59 : info: [Frontend Service] Buffered instructions message for session: session_1766330105228_1x3ofkdzi. Queue size: 9
2025-12-21 20:45:59 : warn: [Frontend Service] No client connected for session: session_1766330105228_1x3ofkdzi. Buffering instructions.
2025-12-21 20:45:59 : info: [Frontend Service] Buffered instructions message for session: session_1766330105228_1x3ofkdzi. Queue size: 10
2025-12-21 20:45:59 : warn: [Frontend Service] No client connected for session: session_1766330105228_1x3ofkdzi. Buffering instructions.
2025-12-21 20:45:59 : info: [Frontend Service] Buffered instructions message for session: session_1766330105228_1x3ofkdzi. Queue size: 11
2025-12-21 20:45:59 : warn: [Frontend Service] No client connected for session: session_1766330105228_1x3ofkdzi. Buffering instructions.
2025-12-21 20:45:59 : info: [Frontend Service] Buffered instructions message for session: session_1766330105228_1x3ofkdzi. Queue size: 12
2025-12-21 20:45:59 : info: [Frontend Service] Client connected: _IIQyqzxSQA5aMXiAAAN
2025-12-21 20:45:59 : info: [Frontend Service] Client _IIQyqzxSQA5aMXiAAAN registered for session: session_1766330105228_1x3ofkdzi
2025-12-21 20:45:59 : info: [Frontend Service] Flushing 12 buffered messages for session: session_1766330105228_1x3ofkdzi
2025-12-21 20:45:59 : info: [Frontend Service] Sending buffered video to session: session_1766330105228_1x3ofkdzi
2025-12-21 20:45:59 : info: [Frontend Service] Sending buffered audio to session: session_1766330105228_1x3ofkdzi
2025-12-21 20:45:59 : info: [Frontend Service] Sending buffered instructions to session: session_1766330105228_1x3ofkdzi
2025-12-21 20:45:59 : info: [Frontend Service] Sending buffered instructions to session: session_1766330105228_1x3ofkdzi
2025-12-21 20:45:59 : info: [Frontend Service] Sending buffered instructions to session: session_1766330105228_1x3ofkdzi
2025-12-21 20:45:59 : info: [Frontend Service] Sending buffered instructions to session: session_1766330105228_1x3ofkdzi
2025-12-21 20:45:59 : info: [Frontend Service] Sending buffered instructions to session: session_1766330105228_1x3ofkdzi
2025-12-21 20:45:59 : info: [Frontend Service] Sending buffered instructions to session: session_1766330105228_1x3ofkdzi
2025-12-21 20:45:59 : info: [Frontend Service] Sending buffered instructions to session: session_1766330105228_1x3ofkdzi
2025-12-21 20:45:59 : info: [Frontend Service] Sending buffered instructions to session: session_1766330105228_1x3ofkdzi
2025-12-21 20:45:59 : info: [Frontend Service] Sending buffered instructions to session: session_1766330105228_1x3ofkdzi
2025-12-21 20:45:59 : info: [Frontend Service] Sending buffered instructions to session: session_1766330105228_1x3ofkdzi
2025-12-21 20:48:57 : info: [Deepgram] Client initialized
2025-12-21 20:48:57 : info: [Frontend Service] Socket.IO server initialized
2025-12-21 20:48:57 : info: Server started
2025-12-21 20:48:57 : info: Socket.IO server ready for frontend connections
2025-12-21 20:48:59 : info: [Frontend Service] Client connected: _mQvugnhY_KmkWQoAAAB
2025-12-21 20:49:25 : info: [Deepgram] Client initialized
2025-12-21 20:49:25 : info: [Frontend Service] Socket.IO server initialized
2025-12-21 20:49:25 : info: Server started
2025-12-21 20:49:25 : info: Socket.IO server ready for frontend connections
2025-12-21 20:49:30 : info: [Frontend Service] Client connected: k0ew3jSexsdTc9n3AAAB
2025-12-21 20:49:41 : info: [Frontend Service] Unregistered client disconnected: k0ew3jSexsdTc9n3AAAB
2025-12-21 20:49:41 : info: [Frontend Service] Client connected: 6oTzg1hdfgoOClTBAAAD
2025-12-21 20:49:41 : info: [Frontend Service] Client 6oTzg1hdfgoOClTBAAAD registered for session: session_1766330105228_1x3ofkdzi
2025-12-21 20:50:13 : info: [CONTROLLER] Video chunk - Session: session_1766330409250_n2qpzl4nt, Sequence: 0
2025-12-21 20:50:13 : info: [SERVICE] Created video stream for session: session_1766330409250_n2qpzl4nt
2025-12-21 20:50:13 : info: [SERVICE] Saving video chunk for session session_1766330409250_n2qpzl4nt
2025-12-21 20:50:13 : info: [SERVICE] Sequence: 0, Size: 231890 bytes
2025-12-21 20:50:13 : info: [SERVICE] Video bytes written: 231890
2025-12-21 20:50:14 : info: [CONTROLLER] Video chunk - Session: session_1766330409250_n2qpzl4nt, Sequence: 1
2025-12-21 20:50:14 : info: [SERVICE] Saving video chunk for session session_1766330409250_n2qpzl4nt
2025-12-21 20:50:14 : info: [SERVICE] Sequence: 1, Size: 110519 bytes
2025-12-21 20:50:14 : info: [SERVICE] Video bytes written: 342409
2025-12-21 20:50:14 : info: [CONTROLLER] Audio chunk - Session: session_1766330409250_n2qpzl4nt, Sequence: 0
2025-12-21 20:50:14 : info: [SERVICE] Created audio stream for session: session_1766330409250_n2qpzl4nt
2025-12-21 20:50:14 : info: [SERVICE] Saving audio chunk for session session_1766330409250_n2qpzl4nt
2025-12-21 20:50:14 : info: [SERVICE] Sequence: 0, Size: 32038 bytes
2025-12-21 20:50:14 : info: [SERVICE] Audio bytes written: 32038
2025-12-21 20:50:15 : info: [CONTROLLER] Video chunk - Session: session_1766330409250_n2qpzl4nt, Sequence: 2
2025-12-21 20:50:15 : info: [SERVICE] Saving video chunk for session session_1766330409250_n2qpzl4nt
2025-12-21 20:50:15 : info: [SERVICE] Sequence: 2, Size: 42600 bytes
2025-12-21 20:50:15 : info: [SERVICE] Video bytes written: 385009
2025-12-21 20:50:16 : info: [CONTROLLER] Video chunk - Session: session_1766330409250_n2qpzl4nt, Sequence: 3
2025-12-21 20:50:16 : info: [SERVICE] Saving video chunk for session session_1766330409250_n2qpzl4nt
2025-12-21 20:50:16 : info: [SERVICE] Sequence: 3, Size: 261341 bytes
2025-12-21 20:50:16 : info: [SERVICE] Video bytes written: 646350
2025-12-21 20:50:16 : info: [CONTROLLER] Audio chunk - Session: session_1766330409250_n2qpzl4nt, Sequence: 1
2025-12-21 20:50:16 : info: [SERVICE] Saving audio chunk for session session_1766330409250_n2qpzl4nt
2025-12-21 20:50:16 : info: [SERVICE] Sequence: 1, Size: 32844 bytes
2025-12-21 20:50:16 : info: [SERVICE] Audio bytes written: 64882
2025-12-21 20:50:17 : info: [CONTROLLER] Video chunk - Session: session_1766330409250_n2qpzl4nt, Sequence: 4
2025-12-21 20:50:17 : info: [SERVICE] Saving video chunk for session session_1766330409250_n2qpzl4nt
2025-12-21 20:50:17 : info: [SERVICE] Sequence: 4, Size: 82517 bytes
2025-12-21 20:50:17 : info: [SERVICE] Video bytes written: 728867
2025-12-21 20:50:18 : info: [CONTROLLER] Video chunk - Session: session_1766330409250_n2qpzl4nt, Sequence: 5
2025-12-21 20:50:18 : info: [SERVICE] Saving video chunk for session session_1766330409250_n2qpzl4nt
2025-12-21 20:50:18 : info: [SERVICE] Sequence: 5, Size: 12652 bytes
2025-12-21 20:50:18 : info: [SERVICE] Video bytes written: 741519
2025-12-21 20:50:18 : info: [CONTROLLER] Audio chunk - Session: session_1766330409250_n2qpzl4nt, Sequence: 2
2025-12-21 20:50:18 : info: [SERVICE] Saving audio chunk for session session_1766330409250_n2qpzl4nt
2025-12-21 20:50:18 : info: [SERVICE] Sequence: 2, Size: 32844 bytes
2025-12-21 20:50:18 : info: [SERVICE] Audio bytes written: 97726
2025-12-21 20:50:19 : info: [CONTROLLER] Video chunk - Session: session_1766330409250_n2qpzl4nt, Sequence: 6
2025-12-21 20:50:19 : info: [SERVICE] Saving video chunk for session session_1766330409250_n2qpzl4nt
2025-12-21 20:50:19 : info: [SERVICE] Sequence: 6, Size: 27430 bytes
2025-12-21 20:50:19 : info: [SERVICE] Video bytes written: 768949
2025-12-21 20:50:20 : info: [CONTROLLER] Audio chunk - Session: session_1766330409250_n2qpzl4nt, Sequence: 3
2025-12-21 20:50:20 : info: [SERVICE] Saving audio chunk for session session_1766330409250_n2qpzl4nt
2025-12-21 20:50:20 : info: [SERVICE] Sequence: 3, Size: 32844 bytes
2025-12-21 20:50:20 : info: [SERVICE] Audio bytes written: 130570
2025-12-21 20:50:21 : info: [CONTROLLER] Video chunk - Session: session_1766330409250_n2qpzl4nt, Sequence: 7
2025-12-21 20:50:21 : info: [SERVICE] Saving video chunk for session session_1766330409250_n2qpzl4nt
2025-12-21 20:50:21 : info: [SERVICE] Sequence: 7, Size: 6063 bytes
2025-12-21 20:50:21 : info: [SERVICE] Video bytes written: 775012
2025-12-21 20:50:22 : info: [CONTROLLER] Video chunk - Session: session_1766330409250_n2qpzl4nt, Sequence: 8
2025-12-21 20:50:22 : info: [SERVICE] Saving video chunk for session session_1766330409250_n2qpzl4nt
2025-12-21 20:50:22 : info: [SERVICE] Sequence: 8, Size: 1568 bytes
2025-12-21 20:50:22 : info: [SERVICE] Video bytes written: 776580
2025-12-21 20:50:22 : info: [CONTROLLER] Audio chunk - Session: session_1766330409250_n2qpzl4nt, Sequence: 4
2025-12-21 20:50:22 : info: [SERVICE] Saving audio chunk for session session_1766330409250_n2qpzl4nt
2025-12-21 20:50:22 : info: [SERVICE] Sequence: 4, Size: 32844 bytes
2025-12-21 20:50:22 : info: [SERVICE] Audio bytes written: 163414
2025-12-21 20:50:23 : info: [CONTROLLER] Video chunk - Session: session_1766330409250_n2qpzl4nt, Sequence: 9
2025-12-21 20:50:23 : info: [SERVICE] Saving video chunk for session session_1766330409250_n2qpzl4nt
2025-12-21 20:50:23 : info: [SERVICE] Sequence: 9, Size: 790 bytes
2025-12-21 20:50:23 : info: [SERVICE] Video bytes written: 777370
2025-12-21 20:50:24 : info: [CONTROLLER] Video chunk - Session: session_1766330409250_n2qpzl4nt, Sequence: 10
2025-12-21 20:50:24 : info: [SERVICE] Saving video chunk for session session_1766330409250_n2qpzl4nt
2025-12-21 20:50:24 : info: [SERVICE] Sequence: 10, Size: 215088 bytes
2025-12-21 20:50:24 : info: [SERVICE] Video bytes written: 992458
2025-12-21 20:50:25 : info: [CONTROLLER] Audio chunk - Session: session_1766330409250_n2qpzl4nt, Sequence: 5
2025-12-21 20:50:25 : info: [SERVICE] Saving audio chunk for session session_1766330409250_n2qpzl4nt
2025-12-21 20:50:25 : info: [SERVICE] Sequence: 5, Size: 32844 bytes
2025-12-21 20:50:25 : info: [SERVICE] Audio bytes written: 196258
2025-12-21 20:50:25 : info: [CONTROLLER] Video chunk - Session: session_1766330409250_n2qpzl4nt, Sequence: 11
2025-12-21 20:50:25 : info: [SERVICE] Saving video chunk for session session_1766330409250_n2qpzl4nt
2025-12-21 20:50:25 : info: [SERVICE] Sequence: 11, Size: 101351 bytes
2025-12-21 20:50:25 : info: [SERVICE] Video bytes written: 1093809
2025-12-21 20:50:26 : info: [CONTROLLER] Video chunk - Session: session_1766330409250_n2qpzl4nt, Sequence: 12
2025-12-21 20:50:26 : info: [SERVICE] Saving video chunk for session session_1766330409250_n2qpzl4nt
2025-12-21 20:50:26 : info: [SERVICE] Sequence: 12, Size: 139158 bytes
2025-12-21 20:50:26 : info: [SERVICE] Video bytes written: 1232967
2025-12-21 20:50:27 : info: [CONTROLLER] Audio chunk - Session: session_1766330409250_n2qpzl4nt, Sequence: 6
2025-12-21 20:50:27 : info: [SERVICE] Saving audio chunk for session session_1766330409250_n2qpzl4nt
2025-12-21 20:50:27 : info: [SERVICE] Sequence: 6, Size: 32844 bytes
2025-12-21 20:50:27 : info: [SERVICE] Audio bytes written: 229102
2025-12-21 20:50:27 : info: [CONTROLLER] Video chunk - Session: session_1766330409250_n2qpzl4nt, Sequence: 13
2025-12-21 20:50:27 : info: [SERVICE] Saving video chunk for session session_1766330409250_n2qpzl4nt
2025-12-21 20:50:27 : info: [SERVICE] Sequence: 13, Size: 115722 bytes
2025-12-21 20:50:27 : info: [SERVICE] Video bytes written: 1348689
2025-12-21 20:50:28 : info: [CONTROLLER] Video chunk - Session: session_1766330409250_n2qpzl4nt, Sequence: 14
2025-12-21 20:50:28 : info: [SERVICE] Saving video chunk for session session_1766330409250_n2qpzl4nt
2025-12-21 20:50:28 : info: [SERVICE] Sequence: 14, Size: 213321 bytes
2025-12-21 20:50:28 : info: [SERVICE] Video bytes written: 1562010
2025-12-21 20:50:29 : info: [CONTROLLER] Audio chunk - Session: session_1766330409250_n2qpzl4nt, Sequence: 7
2025-12-21 20:50:29 : info: [SERVICE] Saving audio chunk for session session_1766330409250_n2qpzl4nt
2025-12-21 20:50:29 : info: [SERVICE] Sequence: 7, Size: 32844 bytes
2025-12-21 20:50:29 : info: [SERVICE] Audio bytes written: 261946
2025-12-21 20:50:29 : info: [CONTROLLER] Video chunk - Session: session_1766330409250_n2qpzl4nt, Sequence: 15
2025-12-21 20:50:29 : info: [SERVICE] Saving video chunk for session session_1766330409250_n2qpzl4nt
2025-12-21 20:50:29 : info: [SERVICE] Sequence: 15, Size: 35892 bytes
2025-12-21 20:50:29 : info: [SERVICE] Video bytes written: 1597902
2025-12-21 20:50:30 : info: [CONTROLLER] Video chunk - Session: session_1766330409250_n2qpzl4nt, Sequence: 16
2025-12-21 20:50:30 : info: [SERVICE] Saving video chunk for session session_1766330409250_n2qpzl4nt
2025-12-21 20:50:30 : info: [SERVICE] Sequence: 16, Size: 39862 bytes
2025-12-21 20:50:30 : info: [SERVICE] Video bytes written: 1637764
2025-12-21 20:50:31 : info: [CONTROLLER] Audio chunk - Session: session_1766330409250_n2qpzl4nt, Sequence: 8
2025-12-21 20:50:31 : info: [SERVICE] Saving audio chunk for session session_1766330409250_n2qpzl4nt
2025-12-21 20:50:31 : info: [SERVICE] Sequence: 8, Size: 32844 bytes
2025-12-21 20:50:31 : info: [SERVICE] Audio bytes written: 294790
2025-12-21 20:50:31 : info: [CONTROLLER] Video chunk - Session: session_1766330409250_n2qpzl4nt, Sequence: 17
2025-12-21 20:50:31 : info: [SERVICE] Saving video chunk for session session_1766330409250_n2qpzl4nt
2025-12-21 20:50:31 : info: [SERVICE] Sequence: 17, Size: 213047 bytes
2025-12-21 20:50:31 : info: [SERVICE] Video bytes written: 1850811
2025-12-21 20:50:32 : info: [CONTROLLER] Video chunk - Session: session_1766330409250_n2qpzl4nt, Sequence: 18
2025-12-21 20:50:32 : info: [SERVICE] Saving video chunk for session session_1766330409250_n2qpzl4nt
2025-12-21 20:50:32 : info: [SERVICE] Sequence: 18, Size: 20926 bytes
2025-12-21 20:50:32 : info: [SERVICE] Video bytes written: 1871737
2025-12-21 20:50:33 : info: [CONTROLLER] Audio chunk - Session: session_1766330409250_n2qpzl4nt, Sequence: 9
2025-12-21 20:50:33 : info: [SERVICE] Saving audio chunk for session session_1766330409250_n2qpzl4nt
2025-12-21 20:50:33 : info: [SERVICE] Sequence: 9, Size: 32844 bytes
2025-12-21 20:50:33 : info: [SERVICE] Audio bytes written: 327634
2025-12-21 20:50:33 : info: [CONTROLLER] Video chunk - Session: session_1766330409250_n2qpzl4nt, Sequence: 19
2025-12-21 20:50:33 : info: [SERVICE] Saving video chunk for session session_1766330409250_n2qpzl4nt
2025-12-21 20:50:33 : info: [SERVICE] Sequence: 19, Size: 24852 bytes
2025-12-21 20:50:33 : info: [SERVICE] Video bytes written: 1896589
2025-12-21 20:50:34 : info: [CONTROLLER] Video chunk - Session: session_1766330409250_n2qpzl4nt, Sequence: 20
2025-12-21 20:50:34 : info: [SERVICE] Saving video chunk for session session_1766330409250_n2qpzl4nt
2025-12-21 20:50:34 : info: [SERVICE] Sequence: 20, Size: 23159 bytes
2025-12-21 20:50:34 : info: [SERVICE] Video bytes written: 1919748
2025-12-21 20:50:35 : info: [CONTROLLER] Audio chunk - Session: session_1766330409250_n2qpzl4nt, Sequence: 10
2025-12-21 20:50:35 : info: [SERVICE] Saving audio chunk for session session_1766330409250_n2qpzl4nt
2025-12-21 20:50:35 : info: [SERVICE] Sequence: 10, Size: 32844 bytes
2025-12-21 20:50:35 : info: [SERVICE] Audio bytes written: 360478
2025-12-21 20:50:35 : info: [CONTROLLER] Video chunk - Session: session_1766330409250_n2qpzl4nt, Sequence: 21
2025-12-21 20:50:35 : info: [SERVICE] Saving video chunk for session session_1766330409250_n2qpzl4nt
2025-12-21 20:50:35 : info: [SERVICE] Sequence: 21, Size: 207470 bytes
2025-12-21 20:50:35 : info: [SERVICE] Video bytes written: 2127218
2025-12-21 20:50:36 : info: [CONTROLLER] Video chunk - Session: session_1766330409250_n2qpzl4nt, Sequence: 22
2025-12-21 20:50:36 : info: [SERVICE] Saving video chunk for session session_1766330409250_n2qpzl4nt
2025-12-21 20:50:36 : info: [SERVICE] Sequence: 22, Size: 78891 bytes
2025-12-21 20:50:36 : info: [SERVICE] Video bytes written: 2206109
2025-12-21 20:50:37 : info: [CONTROLLER] Audio chunk - Session: session_1766330409250_n2qpzl4nt, Sequence: 11
2025-12-21 20:50:37 : info: [SERVICE] Saving audio chunk for session session_1766330409250_n2qpzl4nt
2025-12-21 20:50:37 : info: [SERVICE] Sequence: 11, Size: 32844 bytes
2025-12-21 20:50:37 : info: [SERVICE] Audio bytes written: 393322
2025-12-21 20:50:37 : info: [CONTROLLER] Video chunk - Session: session_1766330409250_n2qpzl4nt, Sequence: 23
2025-12-21 20:50:37 : info: [SERVICE] Saving video chunk for session session_1766330409250_n2qpzl4nt
2025-12-21 20:50:37 : info: [SERVICE] Sequence: 23, Size: 50894 bytes
2025-12-21 20:50:37 : info: [SERVICE] Video bytes written: 2257003
2025-12-21 20:50:38 : info: [CONTROLLER] Video chunk - Session: session_1766330409250_n2qpzl4nt, Sequence: 24
2025-12-21 20:50:38 : info: [SERVICE] Saving video chunk for session session_1766330409250_n2qpzl4nt
2025-12-21 20:50:38 : info: [SERVICE] Sequence: 24, Size: 227704 bytes
2025-12-21 20:50:38 : info: [SERVICE] Video bytes written: 2484707
2025-12-21 20:50:39 : info: [CONTROLLER] Audio chunk - Session: session_1766330409250_n2qpzl4nt, Sequence: 12
2025-12-21 20:50:39 : info: [SERVICE] Saving audio chunk for session session_1766330409250_n2qpzl4nt
2025-12-21 20:50:39 : info: [SERVICE] Sequence: 12, Size: 32844 bytes
2025-12-21 20:50:39 : info: [SERVICE] Audio bytes written: 426166
2025-12-21 20:50:40 : info: [CONTROLLER] Video chunk - Session: session_1766330409250_n2qpzl4nt, Sequence: 25
2025-12-21 20:50:40 : info: [SERVICE] Saving video chunk for session session_1766330409250_n2qpzl4nt
2025-12-21 20:50:40 : info: [SERVICE] Sequence: 25, Size: 23539 bytes
2025-12-21 20:50:40 : info: [SERVICE] Video bytes written: 2508246
2025-12-21 20:50:41 : info: [CONTROLLER] Video chunk - Session: session_1766330409250_n2qpzl4nt, Sequence: 26
2025-12-21 20:50:41 : info: [SERVICE] Saving video chunk for session session_1766330409250_n2qpzl4nt
2025-12-21 20:50:41 : info: [SERVICE] Sequence: 26, Size: 72662 bytes
2025-12-21 20:50:41 : info: [SERVICE] Video bytes written: 2580908
2025-12-21 20:50:41 : info: [CONTROLLER] Audio chunk - Session: session_1766330409250_n2qpzl4nt, Sequence: 13
2025-12-21 20:50:41 : info: [SERVICE] Saving audio chunk for session session_1766330409250_n2qpzl4nt
2025-12-21 20:50:41 : info: [SERVICE] Sequence: 13, Size: 32844 bytes
2025-12-21 20:50:41 : info: [SERVICE] Audio bytes written: 459010
2025-12-21 20:50:41 : info: [SERVICE] Processing recording for session: session_1766330409250_n2qpzl4nt
2025-12-21 20:50:41 : info: [SERVICE] Active sessions: session_1766330409250_n2qpzl4nt
2025-12-21 20:50:41 : info: [SERVICE] Session exists in activeStreams: true
2025-12-21 20:50:41 : info: [SERVICE] Finalizing audio for session session_1766330409250_n2qpzl4nt
2025-12-21 20:50:41 : info: [SERVICE] Total chunks: 14
2025-12-21 20:50:41 : info: [SERVICE] Total bytes: 459010
2025-12-21 20:50:41 : info: [SERVICE] Audio stream closed: W:\GCU\Project\Clueso_clone_example\Clueso_Node_layer\src\uploads\audio_session_1766330409250_n2qpzl4nt.webm
2025-12-21 20:50:41 : info: [SERVICE] Finalizing video for session session_1766330409250_n2qpzl4nt
2025-12-21 20:50:41 : info: [SERVICE] Total chunks: 27
2025-12-21 20:50:41 : info: [SERVICE] Total bytes: 2580908
2025-12-21 20:50:41 : info: [SERVICE] Video stream closed: W:\GCU\Project\Clueso_clone_example\Clueso_Node_layer\src\uploads\video_session_1766330409250_n2qpzl4nt.webm
2025-12-21 20:50:41 : info: [SERVICE] finalAudioPath: W:\GCU\Project\Clueso_clone_example\Clueso_Node_layer\src\uploads\audio_session_1766330409250_n2qpzl4nt.webm
2025-12-21 20:50:41 : info: [SERVICE] finalVideoPath: W:\GCU\Project\Clueso_clone_example\Clueso_Node_layer\src\uploads\video_session_1766330409250_n2qpzl4nt.webm
2025-12-21 20:50:41 : info: [SERVICE] Session session_1766330409250_n2qpzl4nt statistics:
2025-12-21 20:50:41 : info: [SERVICE] Video chunks received: 27
2025-12-21 20:50:41 : info: [SERVICE] Audio chunks received: 14
2025-12-21 20:50:41 : info: [SERVICE] Video moved to: W:\GCU\Project\Clueso_clone_example\Clueso_Node_layer\src\recordings\recording_session_1766330409250_n2qpzl4nt_video.webm
2025-12-21 20:50:41 : info: [SERVICE] Audio moved to: W:\GCU\Project\Clueso_clone_example\Clueso_Node_layer\src\recordings\recording_session_1766330409250_n2qpzl4nt_audio.webm
2025-12-21 20:50:41 : info: [SERVICE] Recording saved: recording_session_1766330409250_n2qpzl4nt_1766330441657.json
2025-12-21 20:50:41 : info: [Recording Controller] Broadcasting video to frontend session: session_1766330409250_n2qpzl4nt
2025-12-21 20:50:41 : warn: [Frontend Service] No client connected for session: session_1766330409250_n2qpzl4nt. Buffering video.
2025-12-21 20:50:41 : info: [Frontend Service] Buffered video message for session: session_1766330409250_n2qpzl4nt. Queue size: 1
2025-12-21 20:50:41 : info: [Recording Controller] Processing audio file: W:\GCU\Project\Clueso_clone_example\Clueso_Node_layer\src\recordings\recording_session_1766330409250_n2qpzl4nt_audio.webm
2025-12-21 20:50:41 : info: [Deepgram] Transcribing file: W:\GCU\Project\Clueso_clone_example\Clueso_Node_layer\src\recordings\recording_session_1766330409250_n2qpzl4nt_audio.webm
2025-12-21 20:50:41 : info: [Deepgram] Building transcription options
2025-12-21 20:50:42 : info: [CONTROLLER] Video chunk - Session: session_1766330409250_n2qpzl4nt, Sequence: 27
2025-12-21 20:50:42 : info: [SERVICE] Created video stream for session: session_1766330409250_n2qpzl4nt
2025-12-21 20:50:42 : info: [SERVICE] Saving video chunk for session session_1766330409250_n2qpzl4nt
2025-12-21 20:50:42 : info: [SERVICE] Sequence: 27, Size: 44481 bytes
2025-12-21 20:50:42 : info: [SERVICE] Video bytes written: 44481
2025-12-21 20:50:43 : info: [CONTROLLER] Audio chunk - Session: session_1766330409250_n2qpzl4nt, Sequence: 14
2025-12-21 20:50:43 : info: [SERVICE] Created audio stream for session: session_1766330409250_n2qpzl4nt
2025-12-21 20:50:43 : info: [SERVICE] Saving audio chunk for session session_1766330409250_n2qpzl4nt
2025-12-21 20:50:43 : info: [SERVICE] Sequence: 14, Size: 32860 bytes
2025-12-21 20:50:43 : info: [SERVICE] Audio bytes written: 32860
2025-12-21 20:50:43 : info: [CONTROLLER] Video chunk - Session: session_1766330409250_n2qpzl4nt, Sequence: 28
2025-12-21 20:50:43 : info: [SERVICE] Saving video chunk for session session_1766330409250_n2qpzl4nt
2025-12-21 20:50:43 : info: [SERVICE] Sequence: 28, Size: 21775 bytes
2025-12-21 20:50:43 : info: [SERVICE] Video bytes written: 66256
2025-12-21 20:50:43 : info: [CONTROLLER] Video chunk - Session: session_1766330409250_n2qpzl4nt, Sequence: 29
2025-12-21 20:50:43 : info: [SERVICE] Saving video chunk for session session_1766330409250_n2qpzl4nt
2025-12-21 20:50:43 : info: [SERVICE] Sequence: 29, Size: 1054 bytes
2025-12-21 20:50:43 : info: [SERVICE] Video bytes written: 67310
2025-12-21 20:50:43 : info: [Deepgram] File transcription complete
2025-12-21 20:50:43 : info: [Deepgram] Formatting result
2025-12-21 20:50:43 : info: [Deepgram] Final timeline built with
2025-12-21 20:50:43 : info: [Recording Controller] Transcribed text from Deepgram:
2025-12-21 20:50:43 : info: [Recording Controller] Text: "So here in ElevenLabs, you can convert text to speech, speech speech to text, and you can transcribe videos. And here in developer option, you can get create API keys. You can copy API keys, edit, and restrict API keys in this thing."
2025-12-21 20:50:43 : info: [Recording Controller] Timeline segments: 6
2025-12-21 20:50:43 : info: [Recording Controller] Metadata: {"transaction_key":"deprecated","request_id":"60f7a988-05d2-4730-951e-de4cd872373c","sha256":"5558c3ebd33b93cbb50ae8fe7e516c6c128e045d0053eb0ca2cbb87a604221cd","created":"2025-12-21T15:20:44.747Z","duration":28.5,"channels":1,"models":["1abfe86b-e047-4eed-858a-35e5625b41ee"],"model_info":{"1abfe86b-e047-4eed-858a-35e5625b41ee":{"name":"2-general-nova","version":"2024-01-06.5664","arch":"nova-2"}}}
2025-12-21 20:50:43 : warn: [Frontend Service] No client connected for session: session_1766330409250_n2qpzl4nt. Buffering audio.
2025-12-21 20:50:43 : info: [Frontend Service] Buffered audio message for session: session_1766330409250_n2qpzl4nt. Queue size: 2
2025-12-21 20:50:43 : info: [Frontend Service] Stored 4 DOM events for session: session_1766330409250_n2qpzl4nt
2025-12-21 20:50:43 : info: [Recording Controller] Stored 4 DOM events for potential fallback
2025-12-21 20:50:43 : info: [Python Controller] Processing with AI:
2025-12-21 20:50:43 : info: [Python Controller] - Text: "So here in ElevenLabs, you can convert text to speech, speech speech to text, and you can transcribe..."
2025-12-21 20:50:43 : info: [Python Controller] - DOM Events: 4
2025-12-21 20:50:43 : info: [Python Controller] - Has Deepgram Response: true
2025-12-21 20:50:43 : info: [Python Controller] - Audio Path: W:\GCU\Project\Clueso_clone_example\Clueso_Node_layer\src\recordings\recording_session_1766330409250_n2qpzl4nt_audio.webm
2025-12-21 20:50:43 : info: [Python Controller] - Session ID: session_1766330409250_n2qpzl4nt
2025-12-21 20:50:43 : info: [Python Service] Sending text with 4 DOM events to Python layer
2025-12-21 20:50:45 : info: [CONTROLLER] Audio chunk - Session: session_1766330409250_n2qpzl4nt, Sequence: 15
2025-12-21 20:50:45 : info: [SERVICE] Saving audio chunk for session session_1766330409250_n2qpzl4nt
2025-12-21 20:50:45 : info: [SERVICE] Sequence: 15, Size: 32844 bytes
2025-12-21 20:50:45 : info: [SERVICE] Audio bytes written: 65704
2025-12-21 20:50:47 : info: [CONTROLLER] Audio chunk - Session: session_1766330409250_n2qpzl4nt, Sequence: 16
2025-12-21 20:50:47 : info: [SERVICE] Saving audio chunk for session session_1766330409250_n2qpzl4nt
2025-12-21 20:50:47 : info: [SERVICE] Sequence: 16, Size: 32844 bytes
2025-12-21 20:50:47 : info: [SERVICE] Audio bytes written: 98548
2025-12-21 20:50:49 : info: [CONTROLLER] Audio chunk - Session: session_1766330409250_n2qpzl4nt, Sequence: 17
2025-12-21 20:50:49 : info: [SERVICE] Saving audio chunk for session session_1766330409250_n2qpzl4nt
2025-12-21 20:50:49 : info: [SERVICE] Sequence: 17, Size: 32844 bytes
2025-12-21 20:50:49 : info: [SERVICE] Audio bytes written: 131392
2025-12-21 20:50:51 : info: [CONTROLLER] Audio chunk - Session: session_1766330409250_n2qpzl4nt, Sequence: 18
2025-12-21 20:50:51 : info: [SERVICE] Saving audio chunk for session session_1766330409250_n2qpzl4nt
2025-12-21 20:50:51 : info: [SERVICE] Sequence: 18, Size: 32844 bytes
2025-12-21 20:50:51 : info: [SERVICE] Audio bytes written: 164236
2025-12-21 20:50:53 : info: [CONTROLLER] Audio chunk - Session: session_1766330409250_n2qpzl4nt, Sequence: 19
2025-12-21 20:50:53 : info: [SERVICE] Saving audio chunk for session session_1766330409250_n2qpzl4nt
2025-12-21 20:50:53 : info: [SERVICE] Sequence: 19, Size: 32844 bytes
2025-12-21 20:50:53 : info: [SERVICE] Audio bytes written: 197080
2025-12-21 20:50:55 : info: [CONTROLLER] Audio chunk - Session: session_1766330409250_n2qpzl4nt, Sequence: 20
2025-12-21 20:50:55 : info: [SERVICE] Saving audio chunk for session session_1766330409250_n2qpzl4nt
2025-12-21 20:50:55 : info: [SERVICE] Sequence: 20, Size: 32844 bytes
2025-12-21 20:50:55 : info: [SERVICE] Audio bytes written: 229924
2025-12-21 20:50:57 : info: [CONTROLLER] Audio chunk - Session: session_1766330409250_n2qpzl4nt, Sequence: 21
2025-12-21 20:50:57 : info: [SERVICE] Saving audio chunk for session session_1766330409250_n2qpzl4nt
2025-12-21 20:50:57 : info: [SERVICE] Sequence: 21, Size: 32844 bytes
2025-12-21 20:50:57 : info: [SERVICE] Audio bytes written: 262768
2025-12-21 20:50:59 : info: [CONTROLLER] Audio chunk - Session: session_1766330409250_n2qpzl4nt, Sequence: 22
2025-12-21 20:50:59 : info: [SERVICE] Saving audio chunk for session session_1766330409250_n2qpzl4nt
2025-12-21 20:50:59 : info: [SERVICE] Sequence: 22, Size: 32844 bytes
2025-12-21 20:50:59 : info: [SERVICE] Audio bytes written: 295612
2025-12-21 20:51:01 : info: [CONTROLLER] Audio chunk - Session: session_1766330409250_n2qpzl4nt, Sequence: 23
2025-12-21 20:51:01 : info: [SERVICE] Saving audio chunk for session session_1766330409250_n2qpzl4nt
2025-12-21 20:51:01 : info: [SERVICE] Sequence: 23, Size: 32844 bytes
2025-12-21 20:51:01 : info: [SERVICE] Audio bytes written: 328456
2025-12-21 20:51:03 : info: [CONTROLLER] Audio chunk - Session: session_1766330409250_n2qpzl4nt, Sequence: 24
2025-12-21 20:51:03 : info: [SERVICE] Saving audio chunk for session session_1766330409250_n2qpzl4nt
2025-12-21 20:51:03 : info: [SERVICE] Sequence: 24, Size: 32844 bytes
2025-12-21 20:51:03 : info: [SERVICE] Audio bytes written: 361300
2025-12-21 20:51:05 : info: [CONTROLLER] Audio chunk - Session: session_1766330409250_n2qpzl4nt, Sequence: 25
2025-12-21 20:51:05 : info: [SERVICE] Saving audio chunk for session session_1766330409250_n2qpzl4nt
2025-12-21 20:51:05 : info: [SERVICE] Sequence: 25, Size: 32844 bytes
2025-12-21 20:51:05 : info: [SERVICE] Audio bytes written: 394144
2025-12-21 20:51:07 : info: [CONTROLLER] Audio chunk - Session: session_1766330409250_n2qpzl4nt, Sequence: 26
2025-12-21 20:51:07 : info: [SERVICE] Saving audio chunk for session session_1766330409250_n2qpzl4nt
2025-12-21 20:51:07 : info: [SERVICE] Sequence: 26, Size: 32844 bytes
2025-12-21 20:51:07 : info: [SERVICE] Audio bytes written: 426988
2025-12-21 20:51:09 : info: [CONTROLLER] Audio chunk - Session: session_1766330409250_n2qpzl4nt, Sequence: 27
2025-12-21 20:51:09 : info: [SERVICE] Saving audio chunk for session session_1766330409250_n2qpzl4nt
2025-12-21 20:51:09 : info: [SERVICE] Sequence: 27, Size: 32844 bytes
2025-12-21 20:51:09 : info: [SERVICE] Audio bytes written: 459832
2025-12-21 20:51:11 : info: [CONTROLLER] Audio chunk - Session: session_1766330409250_n2qpzl4nt, Sequence: 28
2025-12-21 20:51:11 : info: [SERVICE] Saving audio chunk for session session_1766330409250_n2qpzl4nt
2025-12-21 20:51:11 : info: [SERVICE] Sequence: 28, Size: 32844 bytes
2025-12-21 20:51:11 : info: [SERVICE] Audio bytes written: 492676
2025-12-21 20:51:12 : info: [Python Service] Successfully received response from Python layer
2025-12-21 20:51:12 : info: [Python Controller] Successfully received response from Python layer
2025-12-21 20:51:12 : info: [Python Controller] Python response:
2025-12-21 20:51:12 : info: [Python Controller] No instructions from Python, using DOM events as fallback
2025-12-21 20:51:12 : info: [Python Controller] Broadcasting 4 DOM events as instructions to frontend
2025-12-21 20:51:12 : warn: [Frontend Service] No client connected for session: session_1766330409250_n2qpzl4nt. Buffering instructions.
2025-12-21 20:51:12 : info: [Frontend Service] Buffered instructions message for session: session_1766330409250_n2qpzl4nt. Queue size: 3
2025-12-21 20:51:12 : info: [Python Controller] Sent DOM event 1/4 as instruction
2025-12-21 20:51:12 : warn: [Frontend Service] No client connected for session: session_1766330409250_n2qpzl4nt. Buffering instructions.
2025-12-21 20:51:12 : info: [Frontend Service] Buffered instructions message for session: session_1766330409250_n2qpzl4nt. Queue size: 4
2025-12-21 20:51:12 : info: [Python Controller] Sent DOM event 2/4 as instruction
2025-12-21 20:51:12 : warn: [Frontend Service] No client connected for session: session_1766330409250_n2qpzl4nt. Buffering instructions.
2025-12-21 20:51:12 : info: [Frontend Service] Buffered instructions message for session: session_1766330409250_n2qpzl4nt. Queue size: 5
2025-12-21 20:51:12 : info: [Python Controller] Sent DOM event 3/4 as instruction
2025-12-21 20:51:12 : warn: [Frontend Service] No client connected for session: session_1766330409250_n2qpzl4nt. Buffering instructions.
2025-12-21 20:51:12 : info: [Frontend Service] Buffered instructions message for session: session_1766330409250_n2qpzl4nt. Queue size: 6
2025-12-21 20:51:12 : info: [Python Controller] Sent DOM event 4/4 as instruction
2025-12-21 20:51:12 : info: [Python Controller] Checking for processed audio at: W:\GCU\Project\Clueso_clone_example\Clueso_Node_layer\recordings\processed_audio_session_1766330409250_n2qpzl4nt_1766330472391.mp3
2025-12-21 20:51:12 : info: [Python Controller] Found processed audio, broadcasting to frontend session: session_1766330409250_n2qpzl4nt
2025-12-21 20:51:12 : warn: [Frontend Service] No client connected for session: session_1766330409250_n2qpzl4nt. Buffering audio.
2025-12-21 20:51:12 : info: [Frontend Service] Buffered audio message for session: session_1766330409250_n2qpzl4nt. Queue size: 7
2025-12-21 20:51:13 : info: [Frontend Service] Client connected: xDqlMBE8aG9y9erHAAAF
2025-12-21 20:51:13 : info: [Frontend Service] Client xDqlMBE8aG9y9erHAAAF registered for session: session_1766330409250_n2qpzl4nt
2025-12-21 20:51:13 : info: [Frontend Service] Flushing 7 buffered messages for session: session_1766330409250_n2qpzl4nt
2025-12-21 20:51:13 : info: [Frontend Service] Sending buffered video to session: session_1766330409250_n2qpzl4nt
2025-12-21 20:51:13 : info: [Frontend Service] Sending buffered audio to session: session_1766330409250_n2qpzl4nt
2025-12-21 20:51:13 : info: [Frontend Service] Sending buffered instructions to session: session_1766330409250_n2qpzl4nt
2025-12-21 20:51:13 : info: [Frontend Service] Sending buffered instructions to session: session_1766330409250_n2qpzl4nt
2025-12-21 20:51:13 : info: [Frontend Service] Sending buffered instructions to session: session_1766330409250_n2qpzl4nt
2025-12-21 20:51:13 : info: [Frontend Service] Sending buffered instructions to session: session_1766330409250_n2qpzl4nt
2025-12-21 20:51:13 : info: [Frontend Service] Sending buffered audio to session: session_1766330409250_n2qpzl4nt
2025-12-21 20:51:47 : info: [Frontend Service] Client disconnected and removed from session: session_1766330409250_n2qpzl4nt
2025-12-21 20:52:15 : info: [Frontend Service] Client connected: bzOZXTiRq4giwQ5tAAAH
2025-12-21 20:52:15 : info: [Frontend Service] Client bzOZXTiRq4giwQ5tAAAH registered for session: session_1766330409250_n2qpzl4nt
2025-12-21 20:52:41 : info: [Frontend Service] Client disconnected and removed from session: session_1766330409250_n2qpzl4nt
2025-12-21 20:53:36 : info: [Frontend Service] Client disconnected and removed from session: session_1766330105228_1x3ofkdzi
2025-12-21 20:54:45 : info: [Frontend Service] Client connected: OTutZAWMc704GZplAAAK
2025-12-21 20:54:45 : info: [Frontend Service] Client OTutZAWMc704GZplAAAK registered for session: session_1766330105228_1x3ofkdz
2025-12-21 20:54:45 : warn: [Frontend Service] Session session_1766330105228_1x3ofkdz already has a client, disconnecting old client
2025-12-21 20:54:45 : info: [Frontend Service] Client disconnected and removed from session: session_1766330105228_1x3ofkdz
2025-12-21 20:54:45 : info: [Frontend Service] Client OTutZAWMc704GZplAAAK registered for session: session_1766330105228_1x3ofkdz
2025-12-21 20:55:32 : info: [Deepgram] Client initialized
2025-12-21 20:55:32 : info: [Frontend Service] Socket.IO server initialized
2025-12-21 20:55:32 : info: Server started
2025-12-21 20:55:32 : info: Socket.IO server ready for frontend connections
2025-12-21 21:03:38 : info: [Deepgram] Client initialized
2025-12-21 21:03:39 : info: [Frontend Service] Socket.IO server initialized
2025-12-21 21:03:39 : info: Server started
2025-12-21 21:03:39 : info: Socket.IO server ready for frontend connections
2025-12-21 21:04:37 : info: [CONTROLLER] Video chunk - Session: session_1766331273949_t3bajya4v, Sequence: 0
2025-12-21 21:04:37 : info: [SERVICE] Created video stream for session: session_1766331273949_t3bajya4v
2025-12-21 21:04:37 : info: [SERVICE] Saving video chunk for session session_1766331273949_t3bajya4v
2025-12-21 21:04:37 : info: [SERVICE] Sequence: 0, Size: 203618 bytes
2025-12-21 21:04:37 : info: [SERVICE] Video bytes written: 203618
2025-12-21 21:04:38 : info: [CONTROLLER] Video chunk - Session: session_1766331273949_t3bajya4v, Sequence: 1
2025-12-21 21:04:38 : info: [SERVICE] Saving video chunk for session session_1766331273949_t3bajya4v
2025-12-21 21:04:38 : info: [SERVICE] Sequence: 1, Size: 179562 bytes
2025-12-21 21:04:38 : info: [SERVICE] Video bytes written: 383180
2025-12-21 21:04:38 : info: [CONTROLLER] Audio chunk - Session: session_1766331273949_t3bajya4v, Sequence: 0
2025-12-21 21:04:38 : info: [SERVICE] Created audio stream for session: session_1766331273949_t3bajya4v
2025-12-21 21:04:38 : info: [SERVICE] Saving audio chunk for session session_1766331273949_t3bajya4v
2025-12-21 21:04:38 : info: [SERVICE] Sequence: 0, Size: 32038 bytes
2025-12-21 21:04:38 : info: [SERVICE] Audio bytes written: 32038
2025-12-21 21:04:39 : info: [CONTROLLER] Video chunk - Session: session_1766331273949_t3bajya4v, Sequence: 2
2025-12-21 21:04:39 : info: [SERVICE] Saving video chunk for session session_1766331273949_t3bajya4v
2025-12-21 21:04:39 : info: [SERVICE] Sequence: 2, Size: 124019 bytes
2025-12-21 21:04:39 : info: [SERVICE] Video bytes written: 507199
2025-12-21 21:04:40 : info: [CONTROLLER] Video chunk - Session: session_1766331273949_t3bajya4v, Sequence: 3
2025-12-21 21:04:40 : info: [SERVICE] Saving video chunk for session session_1766331273949_t3bajya4v
2025-12-21 21:04:40 : info: [SERVICE] Sequence: 3, Size: 103751 bytes
2025-12-21 21:04:40 : info: [SERVICE] Video bytes written: 610950
2025-12-21 21:04:40 : info: [CONTROLLER] Audio chunk - Session: session_1766331273949_t3bajya4v, Sequence: 1
2025-12-21 21:04:40 : info: [SERVICE] Saving audio chunk for session session_1766331273949_t3bajya4v
2025-12-21 21:04:40 : info: [SERVICE] Sequence: 1, Size: 32844 bytes
2025-12-21 21:04:40 : info: [SERVICE] Audio bytes written: 64882
2025-12-21 21:04:41 : info: [CONTROLLER] Video chunk - Session: session_1766331273949_t3bajya4v, Sequence: 4
2025-12-21 21:04:41 : info: [SERVICE] Saving video chunk for session session_1766331273949_t3bajya4v
2025-12-21 21:04:41 : info: [SERVICE] Sequence: 4, Size: 293028 bytes
2025-12-21 21:04:41 : info: [SERVICE] Video bytes written: 903978
2025-12-21 21:04:42 : info: [CONTROLLER] Video chunk - Session: session_1766331273949_t3bajya4v, Sequence: 5
2025-12-21 21:04:42 : info: [SERVICE] Saving video chunk for session session_1766331273949_t3bajya4v
2025-12-21 21:04:42 : info: [SERVICE] Sequence: 5, Size: 221448 bytes
2025-12-21 21:04:42 : info: [SERVICE] Video bytes written: 1125426
2025-12-21 21:04:42 : info: [CONTROLLER] Audio chunk - Session: session_1766331273949_t3bajya4v, Sequence: 2
2025-12-21 21:04:42 : info: [SERVICE] Saving audio chunk for session session_1766331273949_t3bajya4v
2025-12-21 21:04:42 : info: [SERVICE] Sequence: 2, Size: 32844 bytes
2025-12-21 21:04:42 : info: [SERVICE] Audio bytes written: 97726
2025-12-21 21:04:43 : info: [CONTROLLER] Video chunk - Session: session_1766331273949_t3bajya4v, Sequence: 6
2025-12-21 21:04:43 : info: [SERVICE] Saving video chunk for session session_1766331273949_t3bajya4v
2025-12-21 21:04:43 : info: [SERVICE] Sequence: 6, Size: 103021 bytes
2025-12-21 21:04:43 : info: [SERVICE] Video bytes written: 1228447
2025-12-21 21:04:44 : info: [CONTROLLER] Video chunk - Session: session_1766331273949_t3bajya4v, Sequence: 7
2025-12-21 21:04:44 : info: [SERVICE] Saving video chunk for session session_1766331273949_t3bajya4v
2025-12-21 21:04:44 : info: [SERVICE] Sequence: 7, Size: 33063 bytes
2025-12-21 21:04:44 : info: [SERVICE] Video bytes written: 1261510
2025-12-21 21:04:44 : info: [CONTROLLER] Audio chunk - Session: session_1766331273949_t3bajya4v, Sequence: 3
2025-12-21 21:04:44 : info: [SERVICE] Saving audio chunk for session session_1766331273949_t3bajya4v
2025-12-21 21:04:44 : info: [SERVICE] Sequence: 3, Size: 32844 bytes
2025-12-21 21:04:44 : info: [SERVICE] Audio bytes written: 130570
2025-12-21 21:04:45 : info: [CONTROLLER] Video chunk - Session: session_1766331273949_t3bajya4v, Sequence: 8
2025-12-21 21:04:45 : info: [SERVICE] Saving video chunk for session session_1766331273949_t3bajya4v
2025-12-21 21:04:45 : info: [SERVICE] Sequence: 8, Size: 323106 bytes
2025-12-21 21:04:45 : info: [SERVICE] Video bytes written: 1584616
2025-12-21 21:04:46 : info: [CONTROLLER] Video chunk - Session: session_1766331273949_t3bajya4v, Sequence: 9
2025-12-21 21:04:46 : info: [SERVICE] Saving video chunk for session session_1766331273949_t3bajya4v
2025-12-21 21:04:46 : info: [SERVICE] Sequence: 9, Size: 34417 bytes
2025-12-21 21:04:46 : info: [SERVICE] Video bytes written: 1619033
2025-12-21 21:04:46 : info: [CONTROLLER] Audio chunk - Session: session_1766331273949_t3bajya4v, Sequence: 4
2025-12-21 21:04:46 : info: [SERVICE] Saving audio chunk for session session_1766331273949_t3bajya4v
2025-12-21 21:04:46 : info: [SERVICE] Sequence: 4, Size: 32844 bytes
2025-12-21 21:04:46 : info: [SERVICE] Audio bytes written: 163414
2025-12-21 21:04:47 : info: [CONTROLLER] Video chunk - Session: session_1766331273949_t3bajya4v, Sequence: 10
2025-12-21 21:04:47 : info: [SERVICE] Saving video chunk for session session_1766331273949_t3bajya4v
2025-12-21 21:04:47 : info: [SERVICE] Sequence: 10, Size: 47325 bytes
2025-12-21 21:04:47 : info: [SERVICE] Video bytes written: 1666358
2025-12-21 21:04:48 : info: [CONTROLLER] Video chunk - Session: session_1766331273949_t3bajya4v, Sequence: 11
2025-12-21 21:04:48 : info: [SERVICE] Saving video chunk for session session_1766331273949_t3bajya4v
2025-12-21 21:04:48 : info: [SERVICE] Sequence: 11, Size: 351962 bytes
2025-12-21 21:04:48 : info: [SERVICE] Video bytes written: 2018320
2025-12-21 21:04:49 : info: [CONTROLLER] Audio chunk - Session: session_1766331273949_t3bajya4v, Sequence: 5
2025-12-21 21:04:49 : info: [SERVICE] Saving audio chunk for session session_1766331273949_t3bajya4v
2025-12-21 21:04:49 : info: [SERVICE] Sequence: 5, Size: 32844 bytes
2025-12-21 21:04:49 : info: [SERVICE] Audio bytes written: 196258
2025-12-21 21:04:50 : info: [CONTROLLER] Video chunk - Session: session_1766331273949_t3bajya4v, Sequence: 12
2025-12-21 21:04:50 : info: [SERVICE] Saving video chunk for session session_1766331273949_t3bajya4v
2025-12-21 21:04:50 : info: [SERVICE] Sequence: 12, Size: 57733 bytes
2025-12-21 21:04:50 : info: [SERVICE] Video bytes written: 2076053
2025-12-21 21:04:51 : info: [CONTROLLER] Video chunk - Session: session_1766331273949_t3bajya4v, Sequence: 13
2025-12-21 21:04:51 : info: [SERVICE] Saving video chunk for session session_1766331273949_t3bajya4v
2025-12-21 21:04:51 : info: [SERVICE] Sequence: 13, Size: 65772 bytes
2025-12-21 21:04:51 : info: [SERVICE] Video bytes written: 2141825
2025-12-21 21:04:51 : info: [CONTROLLER] Audio chunk - Session: session_1766331273949_t3bajya4v, Sequence: 6
2025-12-21 21:04:51 : info: [SERVICE] Saving audio chunk for session session_1766331273949_t3bajya4v
2025-12-21 21:04:51 : info: [SERVICE] Sequence: 6, Size: 32844 bytes
2025-12-21 21:04:51 : info: [SERVICE] Audio bytes written: 229102
2025-12-21 21:04:52 : info: [CONTROLLER] Video chunk - Session: session_1766331273949_t3bajya4v, Sequence: 14
2025-12-21 21:04:52 : info: [SERVICE] Saving video chunk for session session_1766331273949_t3bajya4v
2025-12-21 21:04:52 : info: [SERVICE] Sequence: 14, Size: 72077 bytes
2025-12-21 21:04:52 : info: [SERVICE] Video bytes written: 2213902
2025-12-21 21:04:53 : info: [CONTROLLER] Video chunk - Session: session_1766331273949_t3bajya4v, Sequence: 15
2025-12-21 21:04:53 : info: [SERVICE] Saving video chunk for session session_1766331273949_t3bajya4v
2025-12-21 21:04:53 : info: [SERVICE] Sequence: 15, Size: 368242 bytes
2025-12-21 21:04:53 : info: [SERVICE] Video bytes written: 2582144
2025-12-21 21:04:53 : info: [CONTROLLER] Audio chunk - Session: session_1766331273949_t3bajya4v, Sequence: 7
2025-12-21 21:04:53 : info: [SERVICE] Saving audio chunk for session session_1766331273949_t3bajya4v
2025-12-21 21:04:53 : info: [SERVICE] Sequence: 7, Size: 32844 bytes
2025-12-21 21:04:53 : info: [SERVICE] Audio bytes written: 261946
2025-12-21 21:04:54 : info: [CONTROLLER] Video chunk - Session: session_1766331273949_t3bajya4v, Sequence: 16
2025-12-21 21:04:54 : info: [SERVICE] Saving video chunk for session session_1766331273949_t3bajya4v
2025-12-21 21:04:54 : info: [SERVICE] Sequence: 16, Size: 87305 bytes
2025-12-21 21:04:54 : info: [SERVICE] Video bytes written: 2669449
2025-12-21 21:04:55 : info: [CONTROLLER] Video chunk - Session: session_1766331273949_t3bajya4v, Sequence: 17
2025-12-21 21:04:55 : info: [SERVICE] Saving video chunk for session session_1766331273949_t3bajya4v
2025-12-21 21:04:55 : info: [SERVICE] Sequence: 17, Size: 70633 bytes
2025-12-21 21:04:55 : info: [SERVICE] Video bytes written: 2740082
2025-12-21 21:04:55 : info: [CONTROLLER] Audio chunk - Session: session_1766331273949_t3bajya4v, Sequence: 8
2025-12-21 21:04:55 : info: [SERVICE] Saving audio chunk for session session_1766331273949_t3bajya4v
2025-12-21 21:04:55 : info: [SERVICE] Sequence: 8, Size: 32844 bytes
2025-12-21 21:04:55 : info: [SERVICE] Audio bytes written: 294790
2025-12-21 21:04:56 : info: [CONTROLLER] Video chunk - Session: session_1766331273949_t3bajya4v, Sequence: 18
2025-12-21 21:04:56 : info: [SERVICE] Saving video chunk for session session_1766331273949_t3bajya4v
2025-12-21 21:04:56 : info: [SERVICE] Sequence: 18, Size: 147799 bytes
2025-12-21 21:04:56 : info: [SERVICE] Video bytes written: 2887881
2025-12-21 21:04:57 : info: [CONTROLLER] Audio chunk - Session: session_1766331273949_t3bajya4v, Sequence: 9
2025-12-21 21:04:57 : info: [SERVICE] Saving audio chunk for session session_1766331273949_t3bajya4v
2025-12-21 21:04:57 : info: [SERVICE] Sequence: 9, Size: 32844 bytes
2025-12-21 21:04:57 : info: [SERVICE] Audio bytes written: 327634
2025-12-21 21:04:57 : info: [CONTROLLER] Video chunk - Session: session_1766331273949_t3bajya4v, Sequence: 19
2025-12-21 21:04:57 : info: [SERVICE] Saving video chunk for session session_1766331273949_t3bajya4v
2025-12-21 21:04:57 : info: [SERVICE] Sequence: 19, Size: 297397 bytes
2025-12-21 21:04:57 : info: [SERVICE] Video bytes written: 3185278
2025-12-21 21:04:58 : info: [CONTROLLER] Video chunk - Session: session_1766331273949_t3bajya4v, Sequence: 20
2025-12-21 21:04:58 : info: [SERVICE] Saving video chunk for session session_1766331273949_t3bajya4v
2025-12-21 21:04:58 : info: [SERVICE] Sequence: 20, Size: 99464 bytes
2025-12-21 21:04:58 : info: [SERVICE] Video bytes written: 3284742
2025-12-21 21:04:59 : info: [CONTROLLER] Audio chunk - Session: session_1766331273949_t3bajya4v, Sequence: 10
2025-12-21 21:04:59 : info: [SERVICE] Saving audio chunk for session session_1766331273949_t3bajya4v
2025-12-21 21:04:59 : info: [SERVICE] Sequence: 10, Size: 32844 bytes
2025-12-21 21:04:59 : info: [SERVICE] Audio bytes written: 360478
2025-12-21 21:04:59 : info: [CONTROLLER] Video chunk - Session: session_1766331273949_t3bajya4v, Sequence: 21
2025-12-21 21:04:59 : info: [SERVICE] Saving video chunk for session session_1766331273949_t3bajya4v
2025-12-21 21:04:59 : info: [SERVICE] Sequence: 21, Size: 11230 bytes
2025-12-21 21:04:59 : info: [SERVICE] Video bytes written: 3295972
2025-12-21 21:05:00 : info: [CONTROLLER] Video chunk - Session: session_1766331273949_t3bajya4v, Sequence: 22
2025-12-21 21:05:00 : info: [SERVICE] Saving video chunk for session session_1766331273949_t3bajya4v
2025-12-21 21:05:00 : info: [SERVICE] Sequence: 22, Size: 1899 bytes
2025-12-21 21:05:00 : info: [SERVICE] Video bytes written: 3297871
2025-12-21 21:05:01 : info: [CONTROLLER] Audio chunk - Session: session_1766331273949_t3bajya4v, Sequence: 11
2025-12-21 21:05:01 : info: [SERVICE] Saving audio chunk for session session_1766331273949_t3bajya4v
2025-12-21 21:05:01 : info: [SERVICE] Sequence: 11, Size: 32844 bytes
2025-12-21 21:05:01 : info: [SERVICE] Audio bytes written: 393322
2025-12-21 21:05:02 : info: [CONTROLLER] Video chunk - Session: session_1766331273949_t3bajya4v, Sequence: 23
2025-12-21 21:05:02 : info: [SERVICE] Saving video chunk for session session_1766331273949_t3bajya4v
2025-12-21 21:05:02 : info: [SERVICE] Sequence: 23, Size: 9624 bytes
2025-12-21 21:05:02 : info: [SERVICE] Video bytes written: 3307495
2025-12-21 21:05:03 : info: [CONTROLLER] Audio chunk - Session: session_1766331273949_t3bajya4v, Sequence: 12
2025-12-21 21:05:03 : info: [SERVICE] Saving audio chunk for session session_1766331273949_t3bajya4v
2025-12-21 21:05:03 : info: [SERVICE] Sequence: 12, Size: 32844 bytes
2025-12-21 21:05:03 : info: [SERVICE] Audio bytes written: 426166
2025-12-21 21:05:03 : info: [CONTROLLER] Video chunk - Session: session_1766331273949_t3bajya4v, Sequence: 24
2025-12-21 21:05:03 : info: [SERVICE] Saving video chunk for session session_1766331273949_t3bajya4v
2025-12-21 21:05:03 : info: [SERVICE] Sequence: 24, Size: 91777 bytes
2025-12-21 21:05:03 : info: [SERVICE] Video bytes written: 3399272
2025-12-21 21:05:04 : info: [CONTROLLER] Video chunk - Session: session_1766331273949_t3bajya4v, Sequence: 25
2025-12-21 21:05:04 : info: [SERVICE] Saving video chunk for session session_1766331273949_t3bajya4v
2025-12-21 21:05:04 : info: [SERVICE] Sequence: 25, Size: 367150 bytes
2025-12-21 21:05:04 : info: [SERVICE] Video bytes written: 3766422
2025-12-21 21:05:05 : info: [CONTROLLER] Video chunk - Session: session_1766331273949_t3bajya4v, Sequence: 26
2025-12-21 21:05:05 : info: [SERVICE] Saving video chunk for session session_1766331273949_t3bajya4v
2025-12-21 21:05:05 : info: [SERVICE] Sequence: 26, Size: 216846 bytes
2025-12-21 21:05:05 : info: [CONTROLLER] Audio chunk - Session: session_1766331273949_t3bajya4v, Sequence: 13
2025-12-21 21:05:05 : info: [SERVICE] Saving audio chunk for session session_1766331273949_t3bajya4v
2025-12-21 21:05:05 : info: [SERVICE] Sequence: 13, Size: 32844 bytes
2025-12-21 21:05:05 : info: [SERVICE] Video bytes written: 3983268
2025-12-21 21:05:05 : info: [SERVICE] Audio bytes written: 459010
2025-12-21 21:05:06 : info: [CONTROLLER] Video chunk - Session: session_1766331273949_t3bajya4v, Sequence: 27
2025-12-21 21:05:06 : info: [SERVICE] Saving video chunk for session session_1766331273949_t3bajya4v
2025-12-21 21:05:06 : info: [SERVICE] Sequence: 27, Size: 92346 bytes
2025-12-21 21:05:06 : info: [SERVICE] Video bytes written: 4075614
2025-12-21 21:05:07 : info: [CONTROLLER] Audio chunk - Session: session_1766331273949_t3bajya4v, Sequence: 14
2025-12-21 21:05:07 : info: [SERVICE] Saving audio chunk for session session_1766331273949_t3bajya4v
2025-12-21 21:05:07 : info: [SERVICE] Sequence: 14, Size: 32860 bytes
2025-12-21 21:05:07 : info: [SERVICE] Audio bytes written: 491870
2025-12-21 21:05:07 : info: [CONTROLLER] Video chunk - Session: session_1766331273949_t3bajya4v, Sequence: 28
2025-12-21 21:05:07 : info: [SERVICE] Saving video chunk for session session_1766331273949_t3bajya4v
2025-12-21 21:05:07 : info: [SERVICE] Sequence: 28, Size: 21790 bytes
2025-12-21 21:05:07 : info: [SERVICE] Video bytes written: 4097404
2025-12-21 21:05:08 : info: [CONTROLLER] Video chunk - Session: session_1766331273949_t3bajya4v, Sequence: 29
2025-12-21 21:05:08 : info: [SERVICE] Saving video chunk for session session_1766331273949_t3bajya4v
2025-12-21 21:05:08 : info: [SERVICE] Sequence: 29, Size: 271460 bytes
2025-12-21 21:05:08 : info: [SERVICE] Video bytes written: 4368864
2025-12-21 21:05:09 : info: [CONTROLLER] Audio chunk - Session: session_1766331273949_t3bajya4v, Sequence: 15
2025-12-21 21:05:09 : info: [SERVICE] Saving audio chunk for session session_1766331273949_t3bajya4v
2025-12-21 21:05:09 : info: [SERVICE] Sequence: 15, Size: 32844 bytes
2025-12-21 21:05:09 : info: [SERVICE] Audio bytes written: 524714
2025-12-21 21:05:09 : info: [CONTROLLER] Video chunk - Session: session_1766331273949_t3bajya4v, Sequence: 30
2025-12-21 21:05:09 : info: [SERVICE] Saving video chunk for session session_1766331273949_t3bajya4v
2025-12-21 21:05:09 : info: [SERVICE] Sequence: 30, Size: 11809 bytes
2025-12-21 21:05:09 : info: [SERVICE] Video bytes written: 4380673
2025-12-21 21:05:10 : info: [CONTROLLER] Video chunk - Session: session_1766331273949_t3bajya4v, Sequence: 31
2025-12-21 21:05:10 : info: [SERVICE] Saving video chunk for session session_1766331273949_t3bajya4v
2025-12-21 21:05:10 : info: [SERVICE] Sequence: 31, Size: 31756 bytes
2025-12-21 21:05:10 : info: [SERVICE] Video bytes written: 4412429
2025-12-21 21:05:11 : info: [CONTROLLER] Audio chunk - Session: session_1766331273949_t3bajya4v, Sequence: 16
2025-12-21 21:05:11 : info: [SERVICE] Saving audio chunk for session session_1766331273949_t3bajya4v
2025-12-21 21:05:11 : info: [SERVICE] Sequence: 16, Size: 32844 bytes
2025-12-21 21:05:11 : info: [SERVICE] Audio bytes written: 557558
2025-12-21 21:05:11 : info: [CONTROLLER] Video chunk - Session: session_1766331273949_t3bajya4v, Sequence: 32
2025-12-21 21:05:11 : info: [SERVICE] Saving video chunk for session session_1766331273949_t3bajya4v
2025-12-21 21:05:11 : info: [SERVICE] Sequence: 32, Size: 20032 bytes
2025-12-21 21:05:11 : info: [SERVICE] Video bytes written: 4432461
2025-12-21 21:05:12 : info: [CONTROLLER] Video chunk - Session: session_1766331273949_t3bajya4v, Sequence: 33
2025-12-21 21:05:12 : info: [SERVICE] Saving video chunk for session session_1766331273949_t3bajya4v
2025-12-21 21:05:12 : info: [SERVICE] Sequence: 33, Size: 269780 bytes
2025-12-21 21:05:12 : info: [SERVICE] Video bytes written: 4702241
2025-12-21 21:05:13 : info: [CONTROLLER] Audio chunk - Session: session_1766331273949_t3bajya4v, Sequence: 17
2025-12-21 21:05:13 : info: [SERVICE] Saving audio chunk for session session_1766331273949_t3bajya4v
2025-12-21 21:05:13 : info: [SERVICE] Sequence: 17, Size: 32844 bytes
2025-12-21 21:05:13 : info: [SERVICE] Audio bytes written: 590402
2025-12-21 21:05:13 : info: [CONTROLLER] Video chunk - Session: session_1766331273949_t3bajya4v, Sequence: 34
2025-12-21 21:05:13 : info: [SERVICE] Saving video chunk for session session_1766331273949_t3bajya4v
2025-12-21 21:05:13 : info: [SERVICE] Sequence: 34, Size: 16896 bytes
2025-12-21 21:05:13 : info: [SERVICE] Video bytes written: 4719137
2025-12-21 21:05:14 : info: [CONTROLLER] Video chunk - Session: session_1766331273949_t3bajya4v, Sequence: 35
2025-12-21 21:05:14 : info: [SERVICE] Saving video chunk for session session_1766331273949_t3bajya4v
2025-12-21 21:05:14 : info: [SERVICE] Sequence: 35, Size: 26166 bytes
2025-12-21 21:05:14 : info: [SERVICE] Video bytes written: 4745303
2025-12-21 21:05:15 : info: [CONTROLLER] Audio chunk - Session: session_1766331273949_t3bajya4v, Sequence: 18
2025-12-21 21:05:15 : info: [SERVICE] Saving audio chunk for session session_1766331273949_t3bajya4v
2025-12-21 21:05:15 : info: [SERVICE] Sequence: 18, Size: 32844 bytes
2025-12-21 21:05:15 : info: [SERVICE] Audio bytes written: 623246
2025-12-21 21:05:15 : info: [CONTROLLER] Video chunk - Session: session_1766331273949_t3bajya4v, Sequence: 36
2025-12-21 21:05:15 : info: [SERVICE] Saving video chunk for session session_1766331273949_t3bajya4v
2025-12-21 21:05:15 : info: [SERVICE] Sequence: 36, Size: 313715 bytes
2025-12-21 21:05:15 : info: [SERVICE] Video bytes written: 5059018
2025-12-21 21:05:16 : info: [CONTROLLER] Video chunk - Session: session_1766331273949_t3bajya4v, Sequence: 37
2025-12-21 21:05:16 : info: [SERVICE] Saving video chunk for session session_1766331273949_t3bajya4v
2025-12-21 21:05:16 : info: [SERVICE] Sequence: 37, Size: 1188 bytes
2025-12-21 21:05:16 : info: [SERVICE] Video bytes written: 5060206
2025-12-21 21:05:17 : info: [CONTROLLER] Audio chunk - Session: session_1766331273949_t3bajya4v, Sequence: 19
2025-12-21 21:05:17 : info: [SERVICE] Saving audio chunk for session session_1766331273949_t3bajya4v
2025-12-21 21:05:17 : info: [SERVICE] Sequence: 19, Size: 32844 bytes
2025-12-21 21:05:17 : info: [SERVICE] Audio bytes written: 656090
2025-12-21 21:05:18 : info: [CONTROLLER] Video chunk - Session: session_1766331273949_t3bajya4v, Sequence: 38
2025-12-21 21:05:18 : info: [SERVICE] Saving video chunk for session session_1766331273949_t3bajya4v
2025-12-21 21:05:18 : info: [SERVICE] Sequence: 38, Size: 10334 bytes
2025-12-21 21:05:18 : info: [SERVICE] Video bytes written: 5070540
2025-12-21 21:05:19 : info: [CONTROLLER] Video chunk - Session: session_1766331273949_t3bajya4v, Sequence: 39
2025-12-21 21:05:19 : info: [SERVICE] Saving video chunk for session session_1766331273949_t3bajya4v
2025-12-21 21:05:19 : info: [SERVICE] Sequence: 39, Size: 13560 bytes
2025-12-21 21:05:19 : info: [SERVICE] Video bytes written: 5084100
2025-12-21 21:05:19 : info: [CONTROLLER] Audio chunk - Session: session_1766331273949_t3bajya4v, Sequence: 20
2025-12-21 21:05:19 : info: [SERVICE] Saving audio chunk for session session_1766331273949_t3bajya4v
2025-12-21 21:05:19 : info: [SERVICE] Sequence: 20, Size: 32844 bytes
2025-12-21 21:05:19 : info: [SERVICE] Audio bytes written: 688934
2025-12-21 21:05:20 : info: [CONTROLLER] Video chunk - Session: session_1766331273949_t3bajya4v, Sequence: 40
2025-12-21 21:05:20 : info: [SERVICE] Saving video chunk for session session_1766331273949_t3bajya4v
2025-12-21 21:05:20 : info: [SERVICE] Sequence: 40, Size: 7791 bytes
2025-12-21 21:05:20 : info: [SERVICE] Video bytes written: 5091891
2025-12-21 21:05:21 : info: [CONTROLLER] Video chunk - Session: session_1766331273949_t3bajya4v, Sequence: 41
2025-12-21 21:05:21 : info: [SERVICE] Saving video chunk for session session_1766331273949_t3bajya4v
2025-12-21 21:05:21 : info: [SERVICE] Sequence: 41, Size: 16459 bytes
2025-12-21 21:05:21 : info: [SERVICE] Video bytes written: 5108350
2025-12-21 21:05:21 : info: [CONTROLLER] Audio chunk - Session: session_1766331273949_t3bajya4v, Sequence: 21
2025-12-21 21:05:21 : info: [SERVICE] Saving audio chunk for session session_1766331273949_t3bajya4v
2025-12-21 21:05:21 : info: [SERVICE] Sequence: 21, Size: 32844 bytes
2025-12-21 21:05:21 : info: [SERVICE] Audio bytes written: 721778
2025-12-21 21:05:22 : info: [CONTROLLER] Video chunk - Session: session_1766331273949_t3bajya4v, Sequence: 42
2025-12-21 21:05:22 : info: [SERVICE] Saving video chunk for session session_1766331273949_t3bajya4v
2025-12-21 21:05:22 : info: [SERVICE] Sequence: 42, Size: 294727 bytes
2025-12-21 21:05:22 : info: [SERVICE] Video bytes written: 5403077
2025-12-21 21:05:23 : info: [CONTROLLER] Video chunk - Session: session_1766331273949_t3bajya4v, Sequence: 43
2025-12-21 21:05:23 : info: [SERVICE] Saving video chunk for session session_1766331273949_t3bajya4v
2025-12-21 21:05:23 : info: [SERVICE] Sequence: 43, Size: 74715 bytes
2025-12-21 21:05:23 : info: [SERVICE] Video bytes written: 5477792
2025-12-21 21:05:23 : info: [SERVICE] Processing recording for session: session_1766331273949_t3bajya4v
2025-12-21 21:05:23 : info: [SERVICE] Active sessions: session_1766331273949_t3bajya4v
2025-12-21 21:05:23 : info: [SERVICE] Session exists in activeStreams: true
2025-12-21 21:05:23 : info: [SERVICE] Finalizing audio for session session_1766331273949_t3bajya4v
2025-12-21 21:05:23 : info: [SERVICE] Total chunks: 22
2025-12-21 21:05:23 : info: [SERVICE] Total bytes: 721778
2025-12-21 21:05:23 : info: [SERVICE] Audio stream closed: W:\GCU\Project\Clueso_clone_example\Clueso_Node_layer\src\uploads\audio_session_1766331273949_t3bajya4v.webm
2025-12-21 21:05:23 : info: [SERVICE] Finalizing video for session session_1766331273949_t3bajya4v
2025-12-21 21:05:23 : info: [SERVICE] Total chunks: 44
2025-12-21 21:05:23 : info: [SERVICE] Total bytes: 5477792
2025-12-21 21:05:23 : info: [SERVICE] Video stream closed: W:\GCU\Project\Clueso_clone_example\Clueso_Node_layer\src\uploads\video_session_1766331273949_t3bajya4v.webm
2025-12-21 21:05:23 : info: [SERVICE] finalAudioPath: W:\GCU\Project\Clueso_clone_example\Clueso_Node_layer\src\uploads\audio_session_1766331273949_t3bajya4v.webm
2025-12-21 21:05:23 : info: [SERVICE] finalVideoPath: W:\GCU\Project\Clueso_clone_example\Clueso_Node_layer\src\uploads\video_session_1766331273949_t3bajya4v.webm
2025-12-21 21:05:23 : info: [SERVICE] Session session_1766331273949_t3bajya4v statistics:
2025-12-21 21:05:23 : info: [SERVICE] Video chunks received: 44
2025-12-21 21:05:23 : info: [SERVICE] Audio chunks received: 22
2025-12-21 21:05:23 : info: [SERVICE] Video moved to: W:\GCU\Project\Clueso_clone_example\Clueso_Node_layer\src\recordings\recording_session_1766331273949_t3bajya4v_video.webm
2025-12-21 21:05:23 : info: [SERVICE] Audio moved to: W:\GCU\Project\Clueso_clone_example\Clueso_Node_layer\src\recordings\recording_session_1766331273949_t3bajya4v_audio.webm
2025-12-21 21:05:23 : info: [SERVICE] Recording saved: recording_session_1766331273949_t3bajya4v_1766331323673.json
2025-12-21 21:05:23 : info: [Recording Controller] Broadcasting video to frontend session: session_1766331273949_t3bajya4v
2025-12-21 21:05:23 : warn: [Frontend Service] No client connected for session: session_1766331273949_t3bajya4v. Buffering video.
2025-12-21 21:05:23 : info: [Frontend Service] Buffered video message for session: session_1766331273949_t3bajya4v. Queue size: 1
2025-12-21 21:05:23 : info: [Recording Controller] Processing audio file: W:\GCU\Project\Clueso_clone_example\Clueso_Node_layer\src\recordings\recording_session_1766331273949_t3bajya4v_audio.webm
2025-12-21 21:05:23 : info: [Deepgram] Transcribing file: W:\GCU\Project\Clueso_clone_example\Clueso_Node_layer\src\recordings\recording_session_1766331273949_t3bajya4v_audio.webm
2025-12-21 21:05:23 : info: [Deepgram] Building transcription options
2025-12-21 21:05:23 : info: [CONTROLLER] Audio chunk - Session: session_1766331273949_t3bajya4v, Sequence: 22
2025-12-21 21:05:23 : info: [SERVICE] Created audio stream for session: session_1766331273949_t3bajya4v
2025-12-21 21:05:23 : info: [SERVICE] Saving audio chunk for session session_1766331273949_t3bajya4v
2025-12-21 21:05:23 : info: [SERVICE] Sequence: 22, Size: 32844 bytes
2025-12-21 21:05:23 : info: [SERVICE] Audio bytes written: 32844
2025-12-21 21:05:24 : info: [CONTROLLER] Video chunk - Session: session_1766331273949_t3bajya4v, Sequence: 44
2025-12-21 21:05:24 : info: [SERVICE] Created video stream for session: session_1766331273949_t3bajya4v
2025-12-21 21:05:24 : info: [SERVICE] Saving video chunk for session session_1766331273949_t3bajya4v
2025-12-21 21:05:24 : info: [SERVICE] Sequence: 44, Size: 20720 bytes
2025-12-21 21:05:24 : info: [SERVICE] Video bytes written: 20720
2025-12-21 21:05:25 : info: [CONTROLLER] Video chunk - Session: session_1766331273949_t3bajya4v, Sequence: 45
2025-12-21 21:05:25 : info: [SERVICE] Saving video chunk for session session_1766331273949_t3bajya4v
2025-12-21 21:05:25 : info: [SERVICE] Sequence: 45, Size: 9214 bytes
2025-12-21 21:05:25 : info: [SERVICE] Video bytes written: 29934
2025-12-21 21:05:25 : info: [CONTROLLER] Audio chunk - Session: session_1766331273949_t3bajya4v, Sequence: 23
2025-12-21 21:05:25 : info: [SERVICE] Saving audio chunk for session session_1766331273949_t3bajya4v
2025-12-21 21:05:25 : info: [SERVICE] Sequence: 23, Size: 32844 bytes
2025-12-21 21:05:25 : info: [SERVICE] Audio bytes written: 65688
2025-12-21 21:05:27 : info: [CONTROLLER] Audio chunk - Session: session_1766331273949_t3bajya4v, Sequence: 24
2025-12-21 21:05:27 : info: [SERVICE] Saving audio chunk for session session_1766331273949_t3bajya4v
2025-12-21 21:05:27 : info: [SERVICE] Sequence: 24, Size: 32844 bytes
2025-12-21 21:05:27 : info: [SERVICE] Audio bytes written: 98532
2025-12-21 21:05:29 : info: [CONTROLLER] Audio chunk - Session: session_1766331273949_t3bajya4v, Sequence: 25
2025-12-21 21:05:29 : info: [SERVICE] Saving audio chunk for session session_1766331273949_t3bajya4v
2025-12-21 21:05:29 : info: [SERVICE] Sequence: 25, Size: 32844 bytes
2025-12-21 21:05:29 : info: [SERVICE] Audio bytes written: 131376
2025-12-21 21:05:31 : info: [CONTROLLER] Audio chunk - Session: session_1766331273949_t3bajya4v, Sequence: 26
2025-12-21 21:05:31 : info: [SERVICE] Saving audio chunk for session session_1766331273949_t3bajya4v
2025-12-21 21:05:31 : info: [SERVICE] Sequence: 26, Size: 32844 bytes
2025-12-21 21:05:31 : info: [SERVICE] Audio bytes written: 164220
2025-12-21 21:05:33 : info: [CONTROLLER] Audio chunk - Session: session_1766331273949_t3bajya4v, Sequence: 27
2025-12-21 21:05:33 : info: [SERVICE] Saving audio chunk for session session_1766331273949_t3bajya4v
2025-12-21 21:05:33 : info: [SERVICE] Sequence: 27, Size: 32844 bytes
2025-12-21 21:05:33 : info: [SERVICE] Audio bytes written: 197064
2025-12-21 21:05:35 : info: [CONTROLLER] Audio chunk - Session: session_1766331273949_t3bajya4v, Sequence: 28
2025-12-21 21:05:35 : info: [SERVICE] Saving audio chunk for session session_1766331273949_t3bajya4v
2025-12-21 21:05:35 : info: [SERVICE] Sequence: 28, Size: 32844 bytes
2025-12-21 21:05:35 : info: [SERVICE] Audio bytes written: 229908
2025-12-21 21:05:37 : info: [CONTROLLER] Audio chunk - Session: session_1766331273949_t3bajya4v, Sequence: 29
2025-12-21 21:05:37 : info: [SERVICE] Saving audio chunk for session session_1766331273949_t3bajya4v
2025-12-21 21:05:37 : info: [SERVICE] Sequence: 29, Size: 32860 bytes
2025-12-21 21:05:37 : info: [SERVICE] Audio bytes written: 262768
2025-12-21 21:05:40 : info: [CONTROLLER] Audio chunk - Session: session_1766331273949_t3bajya4v, Sequence: 30
2025-12-21 21:05:40 : info: [SERVICE] Saving audio chunk for session session_1766331273949_t3bajya4v
2025-12-21 21:05:40 : info: [SERVICE] Sequence: 30, Size: 32844 bytes
2025-12-21 21:05:40 : info: [SERVICE] Audio bytes written: 295612
2025-12-21 21:05:42 : info: [CONTROLLER] Audio chunk - Session: session_1766331273949_t3bajya4v, Sequence: 31
2025-12-21 21:05:42 : info: [SERVICE] Saving audio chunk for session session_1766331273949_t3bajya4v
2025-12-21 21:05:42 : info: [SERVICE] Sequence: 31, Size: 32844 bytes
2025-12-21 21:05:42 : info: [SERVICE] Audio bytes written: 328456
2025-12-21 21:05:44 : info: [CONTROLLER] Audio chunk - Session: session_1766331273949_t3bajya4v, Sequence: 32
2025-12-21 21:05:44 : info: [SERVICE] Saving audio chunk for session session_1766331273949_t3bajya4v
2025-12-21 21:05:44 : info: [SERVICE] Sequence: 32, Size: 32844 bytes
2025-12-21 21:05:44 : info: [SERVICE] Audio bytes written: 361300
2025-12-21 21:05:46 : info: [CONTROLLER] Audio chunk - Session: session_1766331273949_t3bajya4v, Sequence: 33
2025-12-21 21:05:46 : info: [SERVICE] Saving audio chunk for session session_1766331273949_t3bajya4v
2025-12-21 21:05:46 : info: [SERVICE] Sequence: 33, Size: 32844 bytes
2025-12-21 21:05:46 : info: [SERVICE] Audio bytes written: 394144
2025-12-21 21:05:48 : info: [CONTROLLER] Audio chunk - Session: session_1766331273949_t3bajya4v, Sequence: 34
2025-12-21 21:05:48 : info: [SERVICE] Saving audio chunk for session session_1766331273949_t3bajya4v
2025-12-21 21:05:48 : info: [SERVICE] Sequence: 34, Size: 32844 bytes
2025-12-21 21:05:48 : info: [SERVICE] Audio bytes written: 426988
2025-12-21 21:05:49 : info: [Deepgram] File transcription complete
2025-12-21 21:05:49 : info: [Deepgram] Formatting result
2025-12-21 21:05:49 : info: [Deepgram] Final timeline built with
2025-12-21 21:05:49 : info: [Recording Controller] Transcribed text from Deepgram:
2025-12-21 21:05:49 : info: [Recording Controller] Text: "So this is Deepgram. Here, you can use different things like"
2025-12-21 21:05:49 : info: [Recording Controller] Timeline segments: 4
2025-12-21 21:05:49 : info: [Recording Controller] Metadata: {"transaction_key":"deprecated","request_id":"5f571151-70dd-4447-a9cd-57cc5812b667","sha256":"b8ad9a31362dafa5ddd74e4adb97b931f8f22d3de5df3e863258ec3b3632634b","created":"2025-12-21T15:35:50.286Z","duration":8.1,"channels":1,"models":["1abfe86b-e047-4eed-858a-35e5625b41ee"],"model_info":{"1abfe86b-e047-4eed-858a-35e5625b41ee":{"name":"2-general-nova","version":"2024-01-06.5664","arch":"nova-2"}}}
2025-12-21 21:05:49 : warn: [Frontend Service] No client connected for session: session_1766331273949_t3bajya4v. Buffering audio.
2025-12-21 21:05:49 : info: [Frontend Service] Buffered audio message for session: session_1766331273949_t3bajya4v. Queue size: 2
2025-12-21 21:05:49 : info: [Frontend Service] Stored 1 DOM events for session: session_1766331273949_t3bajya4v
2025-12-21 21:05:49 : info: [Recording Controller] Stored 1 DOM events for potential fallback
2025-12-21 21:05:49 : info: [Python Controller] Processing with AI:
2025-12-21 21:05:49 : info: [Python Controller] - Text: "So this is Deepgram. Here, you can use different things like"
2025-12-21 21:05:49 : info: [Python Controller] - DOM Events: 1
2025-12-21 21:05:49 : info: [Python Controller] - Has Deepgram Response: true
2025-12-21 21:05:49 : info: [Python Controller] - Audio Path: W:\GCU\Project\Clueso_clone_example\Clueso_Node_layer\src\recordings\recording_session_1766331273949_t3bajya4v_audio.webm
2025-12-21 21:05:49 : info: [Python Controller] - Session ID: session_1766331273949_t3bajya4v
2025-12-21 21:05:49 : info: [Python Service] Sending text with 1 DOM events to Python layer
2025-12-21 21:05:50 : info: [CONTROLLER] Audio chunk - Session: session_1766331273949_t3bajya4v, Sequence: 35
2025-12-21 21:05:50 : info: [SERVICE] Saving audio chunk for session session_1766331273949_t3bajya4v
2025-12-21 21:05:50 : info: [SERVICE] Sequence: 35, Size: 32844 bytes
2025-12-21 21:05:50 : info: [SERVICE] Audio bytes written: 459832
2025-12-21 21:05:52 : info: [CONTROLLER] Audio chunk - Session: session_1766331273949_t3bajya4v, Sequence: 36
2025-12-21 21:05:52 : info: [SERVICE] Saving audio chunk for session session_1766331273949_t3bajya4v
2025-12-21 21:05:52 : info: [SERVICE] Sequence: 36, Size: 32844 bytes
2025-12-21 21:05:52 : info: [SERVICE] Audio bytes written: 492676
2025-12-21 21:05:54 : info: [CONTROLLER] Audio chunk - Session: session_1766331273949_t3bajya4v, Sequence: 37
2025-12-21 21:05:54 : info: [SERVICE] Saving audio chunk for session session_1766331273949_t3bajya4v
2025-12-21 21:05:54 : info: [SERVICE] Sequence: 37, Size: 32844 bytes
2025-12-21 21:05:54 : info: [SERVICE] Audio bytes written: 525520
2025-12-21 21:05:56 : info: [CONTROLLER] Audio chunk - Session: session_1766331273949_t3bajya4v, Sequence: 38
2025-12-21 21:05:56 : info: [SERVICE] Saving audio chunk for session session_1766331273949_t3bajya4v
2025-12-21 21:05:56 : info: [SERVICE] Sequence: 38, Size: 32844 bytes
2025-12-21 21:05:56 : info: [SERVICE] Audio bytes written: 558364
2025-12-21 21:05:58 : info: [CONTROLLER] Audio chunk - Session: session_1766331273949_t3bajya4v, Sequence: 39
2025-12-21 21:05:58 : info: [SERVICE] Saving audio chunk for session session_1766331273949_t3bajya4v
2025-12-21 21:05:58 : info: [SERVICE] Sequence: 39, Size: 32844 bytes
2025-12-21 21:05:58 : info: [SERVICE] Audio bytes written: 591208
2025-12-21 21:06:00 : info: [CONTROLLER] Audio chunk - Session: session_1766331273949_t3bajya4v, Sequence: 40
2025-12-21 21:06:00 : info: [SERVICE] Saving audio chunk for session session_1766331273949_t3bajya4v
2025-12-21 21:06:00 : info: [SERVICE] Sequence: 40, Size: 32844 bytes
2025-12-21 21:06:00 : info: [SERVICE] Audio bytes written: 624052
2025-12-21 21:06:02 : info: [CONTROLLER] Audio chunk - Session: session_1766331273949_t3bajya4v, Sequence: 41
2025-12-21 21:06:02 : info: [SERVICE] Saving audio chunk for session session_1766331273949_t3bajya4v
2025-12-21 21:06:02 : info: [SERVICE] Sequence: 41, Size: 32844 bytes
2025-12-21 21:06:02 : info: [SERVICE] Audio bytes written: 656896
2025-12-21 21:06:04 : info: [CONTROLLER] Audio chunk - Session: session_1766331273949_t3bajya4v, Sequence: 42
2025-12-21 21:06:04 : info: [SERVICE] Saving audio chunk for session session_1766331273949_t3bajya4v
2025-12-21 21:06:04 : info: [SERVICE] Sequence: 42, Size: 32844 bytes
2025-12-21 21:06:04 : info: [SERVICE] Audio bytes written: 689740
2025-12-21 21:06:06 : info: [CONTROLLER] Audio chunk - Session: session_1766331273949_t3bajya4v, Sequence: 43
2025-12-21 21:06:06 : info: [SERVICE] Saving audio chunk for session session_1766331273949_t3bajya4v
2025-12-21 21:06:06 : info: [SERVICE] Sequence: 43, Size: 32844 bytes
2025-12-21 21:06:06 : info: [SERVICE] Audio bytes written: 722584
2025-12-21 21:06:08 : info: [CONTROLLER] Audio chunk - Session: session_1766331273949_t3bajya4v, Sequence: 44
2025-12-21 21:06:08 : info: [SERVICE] Saving audio chunk for session session_1766331273949_t3bajya4v
2025-12-21 21:06:08 : info: [SERVICE] Sequence: 44, Size: 32861 bytes
2025-12-21 21:06:08 : info: [SERVICE] Audio bytes written: 755445
2025-12-21 21:06:10 : info: [CONTROLLER] Audio chunk - Session: session_1766331273949_t3bajya4v, Sequence: 45
2025-12-21 21:06:10 : info: [SERVICE] Saving audio chunk for session session_1766331273949_t3bajya4v
2025-12-21 21:06:10 : info: [SERVICE] Sequence: 45, Size: 32844 bytes
2025-12-21 21:06:10 : info: [SERVICE] Audio bytes written: 788289
2025-12-21 21:06:12 : info: [CONTROLLER] Audio chunk - Session: session_1766331273949_t3bajya4v, Sequence: 46
2025-12-21 21:06:12 : info: [SERVICE] Saving audio chunk for session session_1766331273949_t3bajya4v
2025-12-21 21:06:12 : info: [SERVICE] Sequence: 46, Size: 32844 bytes
2025-12-21 21:06:12 : info: [SERVICE] Audio bytes written: 821133
2025-12-21 21:06:14 : info: [CONTROLLER] Audio chunk - Session: session_1766331273949_t3bajya4v, Sequence: 47
2025-12-21 21:06:14 : info: [SERVICE] Saving audio chunk for session session_1766331273949_t3bajya4v
2025-12-21 21:06:14 : info: [SERVICE] Sequence: 47, Size: 32844 bytes
2025-12-21 21:06:14 : info: [SERVICE] Audio bytes written: 853977
2025-12-21 21:06:16 : info: [CONTROLLER] Audio chunk - Session: session_1766331273949_t3bajya4v, Sequence: 48
2025-12-21 21:06:16 : info: [SERVICE] Saving audio chunk for session session_1766331273949_t3bajya4v
2025-12-21 21:06:16 : info: [SERVICE] Sequence: 48, Size: 32844 bytes
2025-12-21 21:06:16 : info: [SERVICE] Audio bytes written: 886821
2025-12-21 21:06:18 : info: [CONTROLLER] Audio chunk - Session: session_1766331273949_t3bajya4v, Sequence: 49
2025-12-21 21:06:18 : info: [SERVICE] Saving audio chunk for session session_1766331273949_t3bajya4v
2025-12-21 21:06:18 : info: [SERVICE] Sequence: 49, Size: 32844 bytes
2025-12-21 21:06:18 : info: [SERVICE] Audio bytes written: 919665
2025-12-21 21:06:19 : error: [Python Service] Error sending data to Python layer: The user aborted a request.
2025-12-21 21:06:19 : error: [Python Controller] Error processing with AI: Error: Request to Python layer timed out after 30000ms
2025-12-21 21:06:19 : warn: [Frontend Service] No client connected for session: session_1766331273949_t3bajya4v. Buffering instructions.
2025-12-21 21:06:19 : info: [Frontend Service] Buffered instructions message for session: session_1766331273949_t3bajya4v. Queue size: 3
2025-12-21 21:06:19 : warn: [Recording Controller] Python processing failed, triggering DOM events fallback
2025-12-21 21:06:19 : info: [Frontend Service] Using DOM events as fallback for session: session_1766331273949_t3bajya4v (1 events)
2025-12-21 21:06:19 : warn: [Frontend Service] No client connected for session: session_1766331273949_t3bajya4v. Buffering instructions.
2025-12-21 21:06:19 : info: [Frontend Service] Buffered instructions message for session: session_1766331273949_t3bajya4v. Queue size: 4
2025-12-21 21:06:24 : info: [Frontend Service] Client connected: U2vAhTL_Bg9jcCwDAAAB
2025-12-21 21:06:24 : info: [Frontend Service] Client U2vAhTL_Bg9jcCwDAAAB registered for session: session_1766331273949_t3bajya4v
2025-12-21 21:06:24 : info: [Frontend Service] Flushing 4 buffered messages for session: session_1766331273949_t3bajya4v
2025-12-21 21:06:24 : info: [Frontend Service] Sending buffered video to session: session_1766331273949_t3bajya4v
2025-12-21 21:06:24 : info: [Frontend Service] Sending buffered audio to session: session_1766331273949_t3bajya4v
2025-12-21 21:06:24 : info: [Frontend Service] Sending buffered instructions to session: session_1766331273949_t3bajya4v
2025-12-21 21:06:24 : info: [Frontend Service] Sending buffered instructions to session: session_1766331273949_t3bajya4v
2025-12-21 21:07:12 : info: [Frontend Service] Client disconnected and removed from session: session_1766331273949_t3bajya4v
2025-12-21 21:07:14 : info: [Deepgram] Client initialized
2025-12-21 21:07:14 : info: [Frontend Service] Socket.IO server initialized
2025-12-21 21:07:14 : info: Server started
2025-12-21 21:07:14 : info: Socket.IO server ready for frontend connections
2025-12-21 21:08:31 : info: [Deepgram] Client initialized
2025-12-21 21:08:31 : info: [Frontend Service] Socket.IO server initialized
2025-12-21 21:08:31 : info: Server started
2025-12-21 21:08:31 : info: Socket.IO server ready for frontend connections
2025-12-21 21:09:04 : info: [CONTROLLER] Video chunk - Session: session_1766331539651_xmkpr9ec2, Sequence: 0
2025-12-21 21:09:04 : info: [SERVICE] Created video stream for session: session_1766331539651_xmkpr9ec2
2025-12-21 21:09:04 : info: [SERVICE] Saving video chunk for session session_1766331539651_xmkpr9ec2
2025-12-21 21:09:04 : info: [SERVICE] Sequence: 0, Size: 44776 bytes
2025-12-21 21:09:04 : info: [SERVICE] Video bytes written: 44776
2025-12-21 21:09:05 : info: [CONTROLLER] Video chunk - Session: session_1766331539651_xmkpr9ec2, Sequence: 1
2025-12-21 21:09:05 : info: [SERVICE] Saving video chunk for session session_1766331539651_xmkpr9ec2
2025-12-21 21:09:05 : info: [SERVICE] Sequence: 1, Size: 217975 bytes
2025-12-21 21:09:05 : info: [SERVICE] Video bytes written: 262751
2025-12-21 21:09:05 : info: [CONTROLLER] Audio chunk - Session: session_1766331539651_xmkpr9ec2, Sequence: 0
2025-12-21 21:09:05 : info: [SERVICE] Created audio stream for session: session_1766331539651_xmkpr9ec2
2025-12-21 21:09:05 : info: [SERVICE] Saving audio chunk for session session_1766331539651_xmkpr9ec2
2025-12-21 21:09:05 : info: [SERVICE] Sequence: 0, Size: 32038 bytes
2025-12-21 21:09:05 : info: [SERVICE] Audio bytes written: 32038
2025-12-21 21:09:06 : info: [CONTROLLER] Video chunk - Session: session_1766331539651_xmkpr9ec2, Sequence: 2
2025-12-21 21:09:06 : info: [SERVICE] Saving video chunk for session session_1766331539651_xmkpr9ec2
2025-12-21 21:09:06 : info: [SERVICE] Sequence: 2, Size: 233975 bytes
2025-12-21 21:09:06 : info: [SERVICE] Video bytes written: 496726
2025-12-21 21:09:07 : info: [CONTROLLER] Audio chunk - Session: session_1766331539651_xmkpr9ec2, Sequence: 1
2025-12-21 21:09:07 : info: [SERVICE] Saving audio chunk for session session_1766331539651_xmkpr9ec2
2025-12-21 21:09:07 : info: [SERVICE] Sequence: 1, Size: 32844 bytes
2025-12-21 21:09:07 : info: [SERVICE] Audio bytes written: 64882
2025-12-21 21:09:07 : info: [CONTROLLER] Video chunk - Session: session_1766331539651_xmkpr9ec2, Sequence: 3
2025-12-21 21:09:07 : info: [SERVICE] Saving video chunk for session session_1766331539651_xmkpr9ec2
2025-12-21 21:09:07 : info: [SERVICE] Sequence: 3, Size: 204263 bytes
2025-12-21 21:09:07 : info: [SERVICE] Video bytes written: 700989
2025-12-21 21:09:09 : info: [CONTROLLER] Video chunk - Session: session_1766331539651_xmkpr9ec2, Sequence: 4
2025-12-21 21:09:09 : info: [SERVICE] Saving video chunk for session session_1766331539651_xmkpr9ec2
2025-12-21 21:09:09 : info: [SERVICE] Sequence: 4, Size: 25733 bytes
2025-12-21 21:09:09 : info: [SERVICE] Video bytes written: 726722
2025-12-21 21:09:09 : info: [CONTROLLER] Audio chunk - Session: session_1766331539651_xmkpr9ec2, Sequence: 2
2025-12-21 21:09:09 : info: [SERVICE] Saving audio chunk for session session_1766331539651_xmkpr9ec2
2025-12-21 21:09:09 : info: [SERVICE] Sequence: 2, Size: 32844 bytes
2025-12-21 21:09:09 : info: [SERVICE] Audio bytes written: 97726
2025-12-21 21:09:10 : info: [CONTROLLER] Video chunk - Session: session_1766331539651_xmkpr9ec2, Sequence: 5
2025-12-21 21:09:10 : info: [SERVICE] Saving video chunk for session session_1766331539651_xmkpr9ec2
2025-12-21 21:09:10 : info: [SERVICE] Sequence: 5, Size: 285351 bytes
2025-12-21 21:09:10 : info: [SERVICE] Video bytes written: 1012073
2025-12-21 21:09:11 : info: [CONTROLLER] Video chunk - Session: session_1766331539651_xmkpr9ec2, Sequence: 6
2025-12-21 21:09:11 : info: [SERVICE] Saving video chunk for session session_1766331539651_xmkpr9ec2
2025-12-21 21:09:11 : info: [SERVICE] Sequence: 6, Size: 35760 bytes
2025-12-21 21:09:11 : info: [SERVICE] Video bytes written: 1047833
2025-12-21 21:09:11 : info: [CONTROLLER] Audio chunk - Session: session_1766331539651_xmkpr9ec2, Sequence: 3
2025-12-21 21:09:11 : info: [SERVICE] Saving audio chunk for session session_1766331539651_xmkpr9ec2
2025-12-21 21:09:11 : info: [SERVICE] Sequence: 3, Size: 32844 bytes
2025-12-21 21:09:11 : info: [SERVICE] Audio bytes written: 130570
2025-12-21 21:09:12 : info: [CONTROLLER] Video chunk - Session: session_1766331539651_xmkpr9ec2, Sequence: 7
2025-12-21 21:09:12 : info: [SERVICE] Saving video chunk for session session_1766331539651_xmkpr9ec2
2025-12-21 21:09:12 : info: [SERVICE] Sequence: 7, Size: 33863 bytes
2025-12-21 21:09:12 : info: [SERVICE] Video bytes written: 1081696
2025-12-21 21:09:13 : info: [CONTROLLER] Video chunk - Session: session_1766331539651_xmkpr9ec2, Sequence: 8
2025-12-21 21:09:13 : info: [SERVICE] Saving video chunk for session session_1766331539651_xmkpr9ec2
2025-12-21 21:09:13 : info: [SERVICE] Sequence: 8, Size: 282181 bytes
2025-12-21 21:09:13 : info: [SERVICE] Video bytes written: 1363877
2025-12-21 21:09:13 : info: [CONTROLLER] Audio chunk - Session: session_1766331539651_xmkpr9ec2, Sequence: 4
2025-12-21 21:09:13 : info: [SERVICE] Saving audio chunk for session session_1766331539651_xmkpr9ec2
2025-12-21 21:09:13 : info: [SERVICE] Sequence: 4, Size: 32844 bytes
2025-12-21 21:09:13 : info: [SERVICE] Audio bytes written: 163414
2025-12-21 21:09:14 : info: [CONTROLLER] Video chunk - Session: session_1766331539651_xmkpr9ec2, Sequence: 9
2025-12-21 21:09:14 : info: [SERVICE] Saving video chunk for session session_1766331539651_xmkpr9ec2
2025-12-21 21:09:14 : info: [SERVICE] Sequence: 9, Size: 35840 bytes
2025-12-21 21:09:14 : info: [SERVICE] Video bytes written: 1399717
2025-12-21 21:09:15 : info: [CONTROLLER] Audio chunk - Session: session_1766331539651_xmkpr9ec2, Sequence: 5
2025-12-21 21:09:15 : info: [SERVICE] Saving audio chunk for session session_1766331539651_xmkpr9ec2
2025-12-21 21:09:15 : info: [SERVICE] Sequence: 5, Size: 32844 bytes
2025-12-21 21:09:15 : info: [SERVICE] Audio bytes written: 196258
2025-12-21 21:09:16 : info: [CONTROLLER] Video chunk - Session: session_1766331539651_xmkpr9ec2, Sequence: 10
2025-12-21 21:09:16 : info: [SERVICE] Saving video chunk for session session_1766331539651_xmkpr9ec2
2025-12-21 21:09:16 : info: [SERVICE] Sequence: 10, Size: 14858 bytes
2025-12-21 21:09:16 : info: [SERVICE] Video bytes written: 1414575
2025-12-21 21:09:17 : info: [CONTROLLER] Video chunk - Session: session_1766331539651_xmkpr9ec2, Sequence: 11
2025-12-21 21:09:17 : info: [SERVICE] Saving video chunk for session session_1766331539651_xmkpr9ec2
2025-12-21 21:09:17 : info: [SERVICE] Sequence: 11, Size: 7768 bytes
2025-12-21 21:09:17 : info: [SERVICE] Video bytes written: 1422343
2025-12-21 21:09:17 : info: [CONTROLLER] Audio chunk - Session: session_1766331539651_xmkpr9ec2, Sequence: 6
2025-12-21 21:09:17 : info: [SERVICE] Saving audio chunk for session session_1766331539651_xmkpr9ec2
2025-12-21 21:09:17 : info: [SERVICE] Sequence: 6, Size: 32844 bytes
2025-12-21 21:09:17 : info: [SERVICE] Audio bytes written: 229102
2025-12-21 21:09:18 : info: [CONTROLLER] Video chunk - Session: session_1766331539651_xmkpr9ec2, Sequence: 12
2025-12-21 21:09:18 : info: [SERVICE] Saving video chunk for session session_1766331539651_xmkpr9ec2
2025-12-21 21:09:18 : info: [SERVICE] Sequence: 12, Size: 700 bytes
2025-12-21 21:09:18 : info: [SERVICE] Video bytes written: 1423043
2025-12-21 21:09:19 : info: [CONTROLLER] Video chunk - Session: session_1766331539651_xmkpr9ec2, Sequence: 13
2025-12-21 21:09:19 : info: [SERVICE] Saving video chunk for session session_1766331539651_xmkpr9ec2
2025-12-21 21:09:19 : info: [SERVICE] Sequence: 13, Size: 606 bytes
2025-12-21 21:09:19 : info: [SERVICE] Video bytes written: 1423649
2025-12-21 21:09:19 : info: [CONTROLLER] Audio chunk - Session: session_1766331539651_xmkpr9ec2, Sequence: 7
2025-12-21 21:09:19 : info: [SERVICE] Saving audio chunk for session session_1766331539651_xmkpr9ec2
2025-12-21 21:09:19 : info: [SERVICE] Sequence: 7, Size: 32844 bytes
2025-12-21 21:09:19 : info: [SERVICE] Audio bytes written: 261946
2025-12-21 21:09:20 : info: [CONTROLLER] Video chunk - Session: session_1766331539651_xmkpr9ec2, Sequence: 14
2025-12-21 21:09:20 : info: [SERVICE] Saving video chunk for session session_1766331539651_xmkpr9ec2
2025-12-21 21:09:20 : info: [SERVICE] Sequence: 14, Size: 61862 bytes
2025-12-21 21:09:20 : info: [SERVICE] Video bytes written: 1485511
2025-12-21 21:09:21 : info: [CONTROLLER] Audio chunk - Session: session_1766331539651_xmkpr9ec2, Sequence: 8
2025-12-21 21:09:21 : info: [SERVICE] Saving audio chunk for session session_1766331539651_xmkpr9ec2
2025-12-21 21:09:21 : info: [SERVICE] Sequence: 8, Size: 32844 bytes
2025-12-21 21:09:21 : info: [SERVICE] Audio bytes written: 294790
2025-12-21 21:09:21 : info: [CONTROLLER] Video chunk - Session: session_1766331539651_xmkpr9ec2, Sequence: 15
2025-12-21 21:09:21 : info: [SERVICE] Saving video chunk for session session_1766331539651_xmkpr9ec2
2025-12-21 21:09:21 : info: [SERVICE] Sequence: 15, Size: 384647 bytes
2025-12-21 21:09:21 : info: [SERVICE] Video bytes written: 1870158
2025-12-21 21:09:23 : info: [CONTROLLER] Video chunk - Session: session_1766331539651_xmkpr9ec2, Sequence: 16
2025-12-21 21:09:23 : info: [SERVICE] Saving video chunk for session session_1766331539651_xmkpr9ec2
2025-12-21 21:09:23 : info: [SERVICE] Sequence: 16, Size: 143694 bytes
2025-12-21 21:09:23 : info: [SERVICE] Video bytes written: 2013852
2025-12-21 21:09:23 : info: [CONTROLLER] Audio chunk - Session: session_1766331539651_xmkpr9ec2, Sequence: 9
2025-12-21 21:09:23 : info: [SERVICE] Saving audio chunk for session session_1766331539651_xmkpr9ec2
2025-12-21 21:09:23 : info: [SERVICE] Sequence: 9, Size: 32844 bytes
2025-12-21 21:09:23 : info: [SERVICE] Audio bytes written: 327634
2025-12-21 21:09:24 : info: [CONTROLLER] Video chunk - Session: session_1766331539651_xmkpr9ec2, Sequence: 17
2025-12-21 21:09:24 : info: [SERVICE] Saving video chunk for session session_1766331539651_xmkpr9ec2
2025-12-21 21:09:24 : info: [SERVICE] Sequence: 17, Size: 68954 bytes
2025-12-21 21:09:24 : info: [SERVICE] Video bytes written: 2082806
2025-12-21 21:09:25 : info: [CONTROLLER] Video chunk - Session: session_1766331539651_xmkpr9ec2, Sequence: 18
2025-12-21 21:09:25 : info: [SERVICE] Saving video chunk for session session_1766331539651_xmkpr9ec2
2025-12-21 21:09:25 : info: [SERVICE] Sequence: 18, Size: 10505 bytes
2025-12-21 21:09:25 : info: [SERVICE] Video bytes written: 2093311
2025-12-21 21:09:25 : info: [CONTROLLER] Audio chunk - Session: session_1766331539651_xmkpr9ec2, Sequence: 10
2025-12-21 21:09:25 : info: [SERVICE] Saving audio chunk for session session_1766331539651_xmkpr9ec2
2025-12-21 21:09:25 : info: [SERVICE] Sequence: 10, Size: 32844 bytes
2025-12-21 21:09:25 : info: [SERVICE] Audio bytes written: 360478
2025-12-21 21:09:26 : info: [CONTROLLER] Video chunk - Session: session_1766331539651_xmkpr9ec2, Sequence: 19
2025-12-21 21:09:26 : info: [SERVICE] Saving video chunk for session session_1766331539651_xmkpr9ec2
2025-12-21 21:09:26 : info: [SERVICE] Sequence: 19, Size: 14490 bytes
2025-12-21 21:09:26 : info: [SERVICE] Video bytes written: 2107801
2025-12-21 21:09:27 : info: [CONTROLLER] Audio chunk - Session: session_1766331539651_xmkpr9ec2, Sequence: 11
2025-12-21 21:09:27 : info: [SERVICE] Saving audio chunk for session session_1766331539651_xmkpr9ec2
2025-12-21 21:09:27 : info: [SERVICE] Sequence: 11, Size: 32844 bytes
2025-12-21 21:09:27 : info: [SERVICE] Audio bytes written: 393322
2025-12-21 21:09:27 : info: [CONTROLLER] Video chunk - Session: session_1766331539651_xmkpr9ec2, Sequence: 20
2025-12-21 21:09:27 : info: [SERVICE] Saving video chunk for session session_1766331539651_xmkpr9ec2
2025-12-21 21:09:27 : info: [SERVICE] Sequence: 20, Size: 304458 bytes
2025-12-21 21:09:27 : info: [SERVICE] Video bytes written: 2412259
2025-12-21 21:09:28 : info: [CONTROLLER] Video chunk - Session: session_1766331539651_xmkpr9ec2, Sequence: 21
2025-12-21 21:09:28 : info: [SERVICE] Saving video chunk for session session_1766331539651_xmkpr9ec2
2025-12-21 21:09:28 : info: [SERVICE] Sequence: 21, Size: 90 bytes
2025-12-21 21:09:28 : info: [SERVICE] Video bytes written: 2412349
2025-12-21 21:09:29 : info: [CONTROLLER] Audio chunk - Session: session_1766331539651_xmkpr9ec2, Sequence: 12
2025-12-21 21:09:29 : info: [SERVICE] Saving audio chunk for session session_1766331539651_xmkpr9ec2
2025-12-21 21:09:29 : info: [SERVICE] Sequence: 12, Size: 32844 bytes
2025-12-21 21:09:29 : info: [SERVICE] Audio bytes written: 426166
2025-12-21 21:09:29 : info: [CONTROLLER] Video chunk - Session: session_1766331539651_xmkpr9ec2, Sequence: 22
2025-12-21 21:09:29 : info: [SERVICE] Saving video chunk for session session_1766331539651_xmkpr9ec2
2025-12-21 21:09:29 : info: [SERVICE] Sequence: 22, Size: 126 bytes
2025-12-21 21:09:29 : info: [SERVICE] Video bytes written: 2412475
2025-12-21 21:09:30 : info: [CONTROLLER] Video chunk - Session: session_1766331539651_xmkpr9ec2, Sequence: 23
2025-12-21 21:09:30 : info: [SERVICE] Saving video chunk for session session_1766331539651_xmkpr9ec2
2025-12-21 21:09:30 : info: [SERVICE] Sequence: 23, Size: 58 bytes
2025-12-21 21:09:30 : info: [SERVICE] Video bytes written: 2412533
2025-12-21 21:09:31 : info: [CONTROLLER] Audio chunk - Session: session_1766331539651_xmkpr9ec2, Sequence: 13
2025-12-21 21:09:31 : info: [SERVICE] Saving audio chunk for session session_1766331539651_xmkpr9ec2
2025-12-21 21:09:31 : info: [SERVICE] Sequence: 13, Size: 32844 bytes
2025-12-21 21:09:31 : info: [SERVICE] Audio bytes written: 459010
2025-12-21 21:09:31 : info: [CONTROLLER] Video chunk - Session: session_1766331539651_xmkpr9ec2, Sequence: 24
2025-12-21 21:09:31 : info: [SERVICE] Saving video chunk for session session_1766331539651_xmkpr9ec2
2025-12-21 21:09:31 : info: [SERVICE] Sequence: 24, Size: 64 bytes
2025-12-21 21:09:31 : info: [SERVICE] Video bytes written: 2412597
2025-12-21 21:09:32 : info: [CONTROLLER] Video chunk - Session: session_1766331539651_xmkpr9ec2, Sequence: 25
2025-12-21 21:09:32 : info: [SERVICE] Saving video chunk for session session_1766331539651_xmkpr9ec2
2025-12-21 21:09:32 : info: [SERVICE] Sequence: 25, Size: 78 bytes
2025-12-21 21:09:32 : info: [SERVICE] Video bytes written: 2412675
2025-12-21 21:09:33 : info: [CONTROLLER] Video chunk - Session: session_1766331539651_xmkpr9ec2, Sequence: 26
2025-12-21 21:09:33 : info: [SERVICE] Saving video chunk for session session_1766331539651_xmkpr9ec2
2025-12-21 21:09:33 : info: [SERVICE] Sequence: 26, Size: 62 bytes
2025-12-21 21:09:33 : info: [SERVICE] Video bytes written: 2412737
2025-12-21 21:09:33 : info: [CONTROLLER] Audio chunk - Session: session_1766331539651_xmkpr9ec2, Sequence: 14
2025-12-21 21:09:33 : info: [SERVICE] Saving audio chunk for session session_1766331539651_xmkpr9ec2
2025-12-21 21:09:33 : info: [SERVICE] Sequence: 14, Size: 32860 bytes
2025-12-21 21:09:33 : info: [SERVICE] Audio bytes written: 491870
2025-12-21 21:09:34 : info: [CONTROLLER] Video chunk - Session: session_1766331539651_xmkpr9ec2, Sequence: 27
2025-12-21 21:09:34 : info: [SERVICE] Saving video chunk for session session_1766331539651_xmkpr9ec2
2025-12-21 21:09:34 : info: [SERVICE] Sequence: 27, Size: 52 bytes
2025-12-21 21:09:34 : info: [SERVICE] Video bytes written: 2412789
2025-12-21 21:09:35 : info: [CONTROLLER] Video chunk - Session: session_1766331539651_xmkpr9ec2, Sequence: 28
2025-12-21 21:09:35 : info: [SERVICE] Saving video chunk for session session_1766331539651_xmkpr9ec2
2025-12-21 21:09:35 : info: [SERVICE] Sequence: 28, Size: 188009 bytes
2025-12-21 21:09:35 : info: [SERVICE] Video bytes written: 2600798
2025-12-21 21:09:35 : info: [CONTROLLER] Audio chunk - Session: session_1766331539651_xmkpr9ec2, Sequence: 15
2025-12-21 21:09:35 : info: [SERVICE] Saving audio chunk for session session_1766331539651_xmkpr9ec2
2025-12-21 21:09:35 : info: [SERVICE] Sequence: 15, Size: 32844 bytes
2025-12-21 21:09:35 : info: [SERVICE] Audio bytes written: 524714
2025-12-21 21:09:37 : info: [CONTROLLER] Video chunk - Session: session_1766331539651_xmkpr9ec2, Sequence: 29
2025-12-21 21:09:37 : info: [SERVICE] Saving video chunk for session session_1766331539651_xmkpr9ec2
2025-12-21 21:09:37 : info: [SERVICE] Sequence: 29, Size: 73797 bytes
2025-12-21 21:09:37 : info: [SERVICE] Video bytes written: 2674595
2025-12-21 21:09:38 : info: [CONTROLLER] Audio chunk - Session: session_1766331539651_xmkpr9ec2, Sequence: 16
2025-12-21 21:09:38 : info: [SERVICE] Saving audio chunk for session session_1766331539651_xmkpr9ec2
2025-12-21 21:09:38 : info: [SERVICE] Sequence: 16, Size: 32844 bytes
2025-12-21 21:09:38 : info: [SERVICE] Audio bytes written: 557558
2025-12-21 21:09:38 : info: [CONTROLLER] Video chunk - Session: session_1766331539651_xmkpr9ec2, Sequence: 30
2025-12-21 21:09:38 : info: [SERVICE] Saving video chunk for session session_1766331539651_xmkpr9ec2
2025-12-21 21:09:38 : info: [SERVICE] Sequence: 30, Size: 32423 bytes
2025-12-21 21:09:38 : info: [SERVICE] Video bytes written: 2707018
2025-12-21 21:09:39 : info: [CONTROLLER] Video chunk - Session: session_1766331539651_xmkpr9ec2, Sequence: 31
2025-12-21 21:09:39 : info: [SERVICE] Saving video chunk for session session_1766331539651_xmkpr9ec2
2025-12-21 21:09:39 : info: [SERVICE] Sequence: 31, Size: 283633 bytes
2025-12-21 21:09:39 : info: [SERVICE] Video bytes written: 2990651
2025-12-21 21:09:40 : info: [CONTROLLER] Audio chunk - Session: session_1766331539651_xmkpr9ec2, Sequence: 17
2025-12-21 21:09:40 : info: [SERVICE] Saving audio chunk for session session_1766331539651_xmkpr9ec2
2025-12-21 21:09:40 : info: [SERVICE] Sequence: 17, Size: 32844 bytes
2025-12-21 21:09:40 : info: [SERVICE] Audio bytes written: 590402
2025-12-21 21:09:40 : info: [CONTROLLER] Video chunk - Session: session_1766331539651_xmkpr9ec2, Sequence: 32
2025-12-21 21:09:40 : info: [SERVICE] Saving video chunk for session session_1766331539651_xmkpr9ec2
2025-12-21 21:09:40 : info: [SERVICE] Sequence: 32, Size: 31131 bytes
2025-12-21 21:09:40 : info: [SERVICE] Video bytes written: 3021782
2025-12-21 21:09:41 : info: [CONTROLLER] Video chunk - Session: session_1766331539651_xmkpr9ec2, Sequence: 33
2025-12-21 21:09:41 : info: [SERVICE] Saving video chunk for session session_1766331539651_xmkpr9ec2
2025-12-21 21:09:41 : info: [SERVICE] Sequence: 33, Size: 27002 bytes
2025-12-21 21:09:41 : info: [SERVICE] Video bytes written: 3048784
2025-12-21 21:09:42 : info: [CONTROLLER] Audio chunk - Session: session_1766331539651_xmkpr9ec2, Sequence: 18
2025-12-21 21:09:42 : info: [SERVICE] Saving audio chunk for session session_1766331539651_xmkpr9ec2
2025-12-21 21:09:42 : info: [SERVICE] Sequence: 18, Size: 32844 bytes
2025-12-21 21:09:42 : info: [SERVICE] Audio bytes written: 623246
2025-12-21 21:09:43 : info: [CONTROLLER] Video chunk - Session: session_1766331539651_xmkpr9ec2, Sequence: 34
2025-12-21 21:09:43 : info: [SERVICE] Saving video chunk for session session_1766331539651_xmkpr9ec2
2025-12-21 21:09:43 : info: [SERVICE] Sequence: 34, Size: 4441 bytes
2025-12-21 21:09:43 : info: [SERVICE] Video bytes written: 3053225
2025-12-21 21:09:44 : info: [CONTROLLER] Video chunk - Session: session_1766331539651_xmkpr9ec2, Sequence: 35
2025-12-21 21:09:44 : info: [SERVICE] Saving video chunk for session session_1766331539651_xmkpr9ec2
2025-12-21 21:09:44 : info: [SERVICE] Sequence: 35, Size: 577 bytes
2025-12-21 21:09:44 : info: [SERVICE] Video bytes written: 3053802
2025-12-21 21:09:44 : info: [CONTROLLER] Audio chunk - Session: session_1766331539651_xmkpr9ec2, Sequence: 19
2025-12-21 21:09:44 : info: [SERVICE] Saving audio chunk for session session_1766331539651_xmkpr9ec2
2025-12-21 21:09:44 : info: [SERVICE] Sequence: 19, Size: 32844 bytes
2025-12-21 21:09:44 : info: [SERVICE] Audio bytes written: 656090
2025-12-21 21:09:45 : info: [CONTROLLER] Video chunk - Session: session_1766331539651_xmkpr9ec2, Sequence: 36
2025-12-21 21:09:45 : info: [SERVICE] Saving video chunk for session session_1766331539651_xmkpr9ec2
2025-12-21 21:09:45 : info: [SERVICE] Sequence: 36, Size: 4578 bytes
2025-12-21 21:09:45 : info: [SERVICE] Video bytes written: 3058380
2025-12-21 21:09:46 : info: [CONTROLLER] Video chunk - Session: session_1766331539651_xmkpr9ec2, Sequence: 37
2025-12-21 21:09:46 : info: [SERVICE] Saving video chunk for session session_1766331539651_xmkpr9ec2
2025-12-21 21:09:46 : info: [SERVICE] Sequence: 37, Size: 259166 bytes
2025-12-21 21:09:46 : info: [SERVICE] Video bytes written: 3317546
2025-12-21 21:09:46 : info: [CONTROLLER] Audio chunk - Session: session_1766331539651_xmkpr9ec2, Sequence: 20
2025-12-21 21:09:46 : info: [SERVICE] Saving audio chunk for session session_1766331539651_xmkpr9ec2
2025-12-21 21:09:46 : info: [SERVICE] Sequence: 20, Size: 32844 bytes
2025-12-21 21:09:46 : info: [SERVICE] Audio bytes written: 688934
2025-12-21 21:09:47 : info: [CONTROLLER] Video chunk - Session: session_1766331539651_xmkpr9ec2, Sequence: 38
2025-12-21 21:09:47 : info: [SERVICE] Saving video chunk for session session_1766331539651_xmkpr9ec2
2025-12-21 21:09:47 : info: [SERVICE] Sequence: 38, Size: 64495 bytes
2025-12-21 21:09:47 : info: [SERVICE] Video bytes written: 3382041
2025-12-21 21:09:48 : info: [SERVICE] Processing recording for session: session_1766331539651_xmkpr9ec2
2025-12-21 21:09:48 : info: [SERVICE] Active sessions: session_1766331539651_xmkpr9ec2
2025-12-21 21:09:48 : info: [SERVICE] Session exists in activeStreams: true
2025-12-21 21:09:48 : info: [SERVICE] Finalizing audio for session session_1766331539651_xmkpr9ec2
2025-12-21 21:09:48 : info: [SERVICE] Total chunks: 21
2025-12-21 21:09:48 : info: [SERVICE] Total bytes: 688934
2025-12-21 21:09:48 : info: [SERVICE] Audio stream closed: W:\GCU\Project\Clueso_clone_example\Clueso_Node_layer\src\uploads\audio_session_1766331539651_xmkpr9ec2.webm
2025-12-21 21:09:48 : info: [SERVICE] Finalizing video for session session_1766331539651_xmkpr9ec2
2025-12-21 21:09:48 : info: [SERVICE] Total chunks: 39
2025-12-21 21:09:48 : info: [SERVICE] Total bytes: 3382041
2025-12-21 21:09:48 : info: [SERVICE] Video stream closed: W:\GCU\Project\Clueso_clone_example\Clueso_Node_layer\src\uploads\video_session_1766331539651_xmkpr9ec2.webm
2025-12-21 21:09:48 : info: [SERVICE] finalAudioPath: W:\GCU\Project\Clueso_clone_example\Clueso_Node_layer\src\uploads\audio_session_1766331539651_xmkpr9ec2.webm
2025-12-21 21:09:48 : info: [SERVICE] finalVideoPath: W:\GCU\Project\Clueso_clone_example\Clueso_Node_layer\src\uploads\video_session_1766331539651_xmkpr9ec2.webm
2025-12-21 21:09:48 : info: [SERVICE] Session session_1766331539651_xmkpr9ec2 statistics:
2025-12-21 21:09:48 : info: [SERVICE] Video chunks received: 39
2025-12-21 21:09:48 : info: [SERVICE] Audio chunks received: 21
2025-12-21 21:09:48 : info: [SERVICE] Video moved to: W:\GCU\Project\Clueso_clone_example\Clueso_Node_layer\src\recordings\recording_session_1766331539651_xmkpr9ec2_video.webm
2025-12-21 21:09:48 : info: [SERVICE] Audio moved to: W:\GCU\Project\Clueso_clone_example\Clueso_Node_layer\src\recordings\recording_session_1766331539651_xmkpr9ec2_audio.webm
2025-12-21 21:09:48 : info: [SERVICE] Recording saved: recording_session_1766331539651_xmkpr9ec2_1766331588071.json
2025-12-21 21:09:48 : info: [Recording Controller] Broadcasting video to frontend session: session_1766331539651_xmkpr9ec2
2025-12-21 21:09:48 : warn: [Frontend Service] No client connected for session: session_1766331539651_xmkpr9ec2. Buffering video.
2025-12-21 21:09:48 : info: [Frontend Service] Buffered video message for session: session_1766331539651_xmkpr9ec2. Queue size: 1
2025-12-21 21:09:48 : info: [Recording Controller] Processing audio file: W:\GCU\Project\Clueso_clone_example\Clueso_Node_layer\src\recordings\recording_session_1766331539651_xmkpr9ec2_audio.webm
2025-12-21 21:09:48 : info: [Deepgram] Transcribing file: W:\GCU\Project\Clueso_clone_example\Clueso_Node_layer\src\recordings\recording_session_1766331539651_xmkpr9ec2_audio.webm
2025-12-21 21:09:48 : info: [Deepgram] Building transcription options
2025-12-21 21:09:48 : info: [CONTROLLER] Video chunk - Session: session_1766331539651_xmkpr9ec2, Sequence: 39
2025-12-21 21:09:48 : info: [SERVICE] Created video stream for session: session_1766331539651_xmkpr9ec2
2025-12-21 21:09:48 : info: [SERVICE] Saving video chunk for session session_1766331539651_xmkpr9ec2
2025-12-21 21:09:48 : info: [SERVICE] Sequence: 39, Size: 68419 bytes
2025-12-21 21:09:48 : info: [SERVICE] Video bytes written: 68419
2025-12-21 21:09:48 : info: [CONTROLLER] Audio chunk - Session: session_1766331539651_xmkpr9ec2, Sequence: 21
2025-12-21 21:09:48 : info: [SERVICE] Created audio stream for session: session_1766331539651_xmkpr9ec2
2025-12-21 21:09:48 : info: [SERVICE] Saving audio chunk for session session_1766331539651_xmkpr9ec2
2025-12-21 21:09:48 : info: [SERVICE] Sequence: 21, Size: 32844 bytes
2025-12-21 21:09:48 : info: [SERVICE] Audio bytes written: 32844
2025-12-21 21:09:49 : info: [CONTROLLER] Video chunk - Session: session_1766331539651_xmkpr9ec2, Sequence: 40
2025-12-21 21:09:49 : info: [SERVICE] Saving video chunk for session session_1766331539651_xmkpr9ec2
2025-12-21 21:09:49 : info: [SERVICE] Sequence: 40, Size: 19017 bytes
2025-12-21 21:09:49 : info: [SERVICE] Video bytes written: 87436
2025-12-21 21:09:50 : info: [CONTROLLER] Audio chunk - Session: session_1766331539651_xmkpr9ec2, Sequence: 22
2025-12-21 21:09:50 : info: [SERVICE] Saving audio chunk for session session_1766331539651_xmkpr9ec2
2025-12-21 21:09:50 : info: [SERVICE] Sequence: 22, Size: 32844 bytes
2025-12-21 21:09:50 : info: [SERVICE] Audio bytes written: 65688
2025-12-21 21:09:50 : info: [CONTROLLER] Video chunk - Session: session_1766331539651_xmkpr9ec2, Sequence: 41
2025-12-21 21:09:50 : info: [SERVICE] Saving video chunk for session session_1766331539651_xmkpr9ec2
2025-12-21 21:09:50 : info: [SERVICE] Sequence: 41, Size: 280393 bytes
2025-12-21 21:09:50 : info: [SERVICE] Video bytes written: 367829
2025-12-21 21:09:50 : info: [CONTROLLER] Video chunk - Session: session_1766331539651_xmkpr9ec2, Sequence: 42
2025-12-21 21:09:50 : info: [SERVICE] Saving video chunk for session session_1766331539651_xmkpr9ec2
2025-12-21 21:09:50 : info: [SERVICE] Sequence: 42, Size: 5406 bytes
2025-12-21 21:09:50 : info: [SERVICE] Video bytes written: 373235
2025-12-21 21:09:50 : info: [Deepgram] File transcription complete
2025-12-21 21:09:50 : info: [Deepgram] Formatting result
2025-12-21 21:09:50 : info: [Deepgram] Final timeline built with
2025-12-21 21:09:50 : info: [Recording Controller] Transcribed text from Deepgram:
2025-12-21 21:09:50 : info: [Recording Controller] Text: "This is Deepgram. Uh, here, you can convert or transcribe prerecorded files, transcribe your voice live, transcribe a prerecorded audio file, or transcribe a streaming audio. Okay. So for this project, I'm using, uh, this thing to transcribe my prerecorded video, which is being video, uh, which is being recorded and convert transcribe it and convert its transcribed text into a voice. Okay. So I'm using here API key. Here, you can create an API key and you can give name, and the a k API key will be shown only one time. Okay."
2025-12-21 21:09:50 : info: [Recording Controller] Timeline segments: 9
2025-12-21 21:09:50 : info: [Recording Controller] Metadata: {"transaction_key":"deprecated","request_id":"3d834eb1-6b0c-4bbc-97ee-33ea18a0d0d7","sha256":"0c6e52b20cd8a30466c173dbea9b667670aaacbe0490cadf9c8aa5f45d5c7ca1","created":"2025-12-21T15:39:51.406Z","duration":42.78,"channels":1,"models":["1abfe86b-e047-4eed-858a-35e5625b41ee"],"model_info":{"1abfe86b-e047-4eed-858a-35e5625b41ee":{"name":"2-general-nova","version":"2024-01-06.5664","arch":"nova-2"}}}
2025-12-21 21:09:50 : warn: [Frontend Service] No client connected for session: session_1766331539651_xmkpr9ec2. Buffering audio.
2025-12-21 21:09:50 : info: [Frontend Service] Buffered audio message for session: session_1766331539651_xmkpr9ec2. Queue size: 2
2025-12-21 21:09:50 : info: [Frontend Service] Stored 2 DOM events for session: session_1766331539651_xmkpr9ec2
2025-12-21 21:09:50 : info: [Recording Controller] Stored 2 DOM events for potential fallback
2025-12-21 21:09:50 : info: [Python Controller] Processing with AI:
2025-12-21 21:09:50 : info: [Python Controller] - Text: "This is Deepgram. Uh, here, you can convert or transcribe prerecorded files, transcribe your voice l..."
2025-12-21 21:09:50 : info: [Python Controller] - DOM Events: 2
2025-12-21 21:09:50 : info: [Python Controller] - Has Deepgram Response: true
2025-12-21 21:09:50 : info: [Python Controller] - Audio Path: W:\GCU\Project\Clueso_clone_example\Clueso_Node_layer\src\recordings\recording_session_1766331539651_xmkpr9ec2_audio.webm
2025-12-21 21:09:50 : info: [Python Controller] - Session ID: session_1766331539651_xmkpr9ec2
2025-12-21 21:09:50 : info: [Python Service] Sending text with 2 DOM events to Python layer
2025-12-21 21:09:52 : info: [CONTROLLER] Audio chunk - Session: session_1766331539651_xmkpr9ec2, Sequence: 23
2025-12-21 21:09:52 : info: [SERVICE] Saving audio chunk for session session_1766331539651_xmkpr9ec2
2025-12-21 21:09:52 : info: [SERVICE] Sequence: 23, Size: 32844 bytes
2025-12-21 21:09:52 : info: [SERVICE] Audio bytes written: 98532
2025-12-21 21:09:54 : info: [CONTROLLER] Audio chunk - Session: session_1766331539651_xmkpr9ec2, Sequence: 24
2025-12-21 21:09:54 : info: [SERVICE] Saving audio chunk for session session_1766331539651_xmkpr9ec2
2025-12-21 21:09:54 : info: [SERVICE] Sequence: 24, Size: 32844 bytes
2025-12-21 21:09:54 : info: [SERVICE] Audio bytes written: 131376
2025-12-21 21:09:56 : info: [CONTROLLER] Audio chunk - Session: session_1766331539651_xmkpr9ec2, Sequence: 25
2025-12-21 21:09:56 : info: [SERVICE] Saving audio chunk for session session_1766331539651_xmkpr9ec2
2025-12-21 21:09:56 : info: [SERVICE] Sequence: 25, Size: 32844 bytes
2025-12-21 21:09:56 : info: [SERVICE] Audio bytes written: 164220
2025-12-21 21:09:58 : info: [CONTROLLER] Audio chunk - Session: session_1766331539651_xmkpr9ec2, Sequence: 26
2025-12-21 21:09:58 : info: [SERVICE] Saving audio chunk for session session_1766331539651_xmkpr9ec2
2025-12-21 21:09:58 : info: [SERVICE] Sequence: 26, Size: 32844 bytes
2025-12-21 21:09:58 : info: [SERVICE] Audio bytes written: 197064
2025-12-21 21:10:00 : info: [CONTROLLER] Audio chunk - Session: session_1766331539651_xmkpr9ec2, Sequence: 27
2025-12-21 21:10:00 : info: [SERVICE] Saving audio chunk for session session_1766331539651_xmkpr9ec2
2025-12-21 21:10:00 : info: [SERVICE] Sequence: 27, Size: 32844 bytes
2025-12-21 21:10:00 : info: [SERVICE] Audio bytes written: 229908
2025-12-21 21:10:02 : info: [CONTROLLER] Audio chunk - Session: session_1766331539651_xmkpr9ec2, Sequence: 28
2025-12-21 21:10:02 : info: [SERVICE] Saving audio chunk for session session_1766331539651_xmkpr9ec2
2025-12-21 21:10:02 : info: [SERVICE] Sequence: 28, Size: 32844 bytes
2025-12-21 21:10:02 : info: [SERVICE] Audio bytes written: 262752
2025-12-21 21:10:04 : info: [CONTROLLER] Audio chunk - Session: session_1766331539651_xmkpr9ec2, Sequence: 29
2025-12-21 21:10:04 : info: [SERVICE] Saving audio chunk for session session_1766331539651_xmkpr9ec2
2025-12-21 21:10:04 : info: [SERVICE] Sequence: 29, Size: 32860 bytes
2025-12-21 21:10:04 : info: [SERVICE] Audio bytes written: 295612
2025-12-21 21:10:06 : info: [CONTROLLER] Audio chunk - Session: session_1766331539651_xmkpr9ec2, Sequence: 30
2025-12-21 21:10:06 : info: [SERVICE] Saving audio chunk for session session_1766331539651_xmkpr9ec2
2025-12-21 21:10:06 : info: [SERVICE] Sequence: 30, Size: 32844 bytes
2025-12-21 21:10:06 : info: [SERVICE] Audio bytes written: 328456
2025-12-21 21:10:08 : info: [CONTROLLER] Audio chunk - Session: session_1766331539651_xmkpr9ec2, Sequence: 31
2025-12-21 21:10:08 : info: [SERVICE] Saving audio chunk for session session_1766331539651_xmkpr9ec2
2025-12-21 21:10:08 : info: [SERVICE] Sequence: 31, Size: 32844 bytes
2025-12-21 21:10:08 : info: [SERVICE] Audio bytes written: 361300
2025-12-21 21:10:10 : info: [CONTROLLER] Audio chunk - Session: session_1766331539651_xmkpr9ec2, Sequence: 32
2025-12-21 21:10:10 : info: [SERVICE] Saving audio chunk for session session_1766331539651_xmkpr9ec2
2025-12-21 21:10:10 : info: [SERVICE] Sequence: 32, Size: 32844 bytes
2025-12-21 21:10:10 : info: [SERVICE] Audio bytes written: 394144
2025-12-21 21:10:12 : info: [CONTROLLER] Audio chunk - Session: session_1766331539651_xmkpr9ec2, Sequence: 33
2025-12-21 21:10:12 : info: [SERVICE] Saving audio chunk for session session_1766331539651_xmkpr9ec2
2025-12-21 21:10:12 : info: [SERVICE] Sequence: 33, Size: 32844 bytes
2025-12-21 21:10:12 : info: [SERVICE] Audio bytes written: 426988
2025-12-21 21:10:14 : info: [CONTROLLER] Audio chunk - Session: session_1766331539651_xmkpr9ec2, Sequence: 34
2025-12-21 21:10:14 : info: [SERVICE] Saving audio chunk for session session_1766331539651_xmkpr9ec2
2025-12-21 21:10:14 : info: [SERVICE] Sequence: 34, Size: 32844 bytes
2025-12-21 21:10:14 : info: [SERVICE] Audio bytes written: 459832
2025-12-21 21:10:16 : info: [CONTROLLER] Audio chunk - Session: session_1766331539651_xmkpr9ec2, Sequence: 35
2025-12-21 21:10:16 : info: [SERVICE] Saving audio chunk for session session_1766331539651_xmkpr9ec2
2025-12-21 21:10:16 : info: [SERVICE] Sequence: 35, Size: 32844 bytes
2025-12-21 21:10:16 : info: [SERVICE] Audio bytes written: 492676
2025-12-21 21:10:18 : info: [CONTROLLER] Audio chunk - Session: session_1766331539651_xmkpr9ec2, Sequence: 36
2025-12-21 21:10:18 : info: [SERVICE] Saving audio chunk for session session_1766331539651_xmkpr9ec2
2025-12-21 21:10:18 : info: [SERVICE] Sequence: 36, Size: 32844 bytes
2025-12-21 21:10:18 : info: [SERVICE] Audio bytes written: 525520
2025-12-21 21:10:19 : info: [Python Service] Successfully received response from Python layer
2025-12-21 21:10:19 : info: [Python Controller] Successfully received response from Python layer
2025-12-21 21:10:19 : info: [Python Controller] Python response:
2025-12-21 21:10:19 : info: [Python Controller] No instructions from Python, using DOM events as fallback
2025-12-21 21:10:19 : info: [Python Controller] Broadcasting 2 DOM events as instructions to frontend
2025-12-21 21:10:19 : warn: [Frontend Service] No client connected for session: session_1766331539651_xmkpr9ec2. Buffering instructions.
2025-12-21 21:10:19 : info: [Frontend Service] Buffered instructions message for session: session_1766331539651_xmkpr9ec2. Queue size: 3
2025-12-21 21:10:19 : info: [Python Controller] Sent DOM event 1/2 as instruction
2025-12-21 21:10:19 : warn: [Frontend Service] No client connected for session: session_1766331539651_xmkpr9ec2. Buffering instructions.
2025-12-21 21:10:19 : info: [Frontend Service] Buffered instructions message for session: session_1766331539651_xmkpr9ec2. Queue size: 4
2025-12-21 21:10:19 : info: [Python Controller] Sent DOM event 2/2 as instruction
2025-12-21 21:10:19 : info: [Python Controller] Checking for processed audio at: W:\GCU\Project\Clueso_clone_example\Clueso_Node_layer\recordings\processed_audio_session_1766331539651_xmkpr9ec2_1766331619870.mp3
2025-12-21 21:10:19 : info: [Python Controller] Found processed audio, broadcasting to frontend session: session_1766331539651_xmkpr9ec2
2025-12-21 21:10:19 : warn: [Frontend Service] No client connected for session: session_1766331539651_xmkpr9ec2. Buffering audio.
2025-12-21 21:10:19 : info: [Frontend Service] Buffered audio message for session: session_1766331539651_xmkpr9ec2. Queue size: 5
2025-12-21 21:10:21 : info: [Frontend Service] Client connected: 5592WmGQuAYjUSPQAAAB
2025-12-21 21:10:21 : info: [Frontend Service] Client 5592WmGQuAYjUSPQAAAB registered for session: session_1766331539651_xmkpr9ec2
2025-12-21 21:10:21 : info: [Frontend Service] Flushing 5 buffered messages for session: session_1766331539651_xmkpr9ec2
2025-12-21 21:10:21 : info: [Frontend Service] Sending buffered video to session: session_1766331539651_xmkpr9ec2
2025-12-21 21:10:21 : info: [Frontend Service] Sending buffered audio to session: session_1766331539651_xmkpr9ec2
2025-12-21 21:10:21 : info: [Frontend Service] Sending buffered instructions to session: session_1766331539651_xmkpr9ec2
2025-12-21 21:10:21 : info: [Frontend Service] Sending buffered instructions to session: session_1766331539651_xmkpr9ec2
2025-12-21 21:10:21 : info: [Frontend Service] Sending buffered audio to session: session_1766331539651_xmkpr9ec2
